{"type":"FeatureCollection","features":[{"type":"Feature","properties":{},"geometry":{"type":"MultiLineString","coordinates":[[[29.36484,-22.19394],[29.37744,-22.19277],[29.66309,-22.14629],[29.90234,-22.18418],[30.19043,-22.29111],[30.46016,-22.329],[30.71162,-22.29785],[30.91611,-22.29072],[31.07344,-22.30781],[31.19727,-22.34492],[31.28789,-22.40205]],[[25.25879,-17.79356],[25.23906,-17.84307],[25.22402,-17.91523],[25.24228,-17.96904],[25.28242,-18.04121],[25.34023,-18.10449],[25.38437,-18.14199],[25.43672,-18.23496],[25.48926,-18.35127],[25.5583,-18.4418],[25.76123,-18.64922],[25.78369,-18.72353],[25.81191,-18.79707],[25.93935,-18.93867],[25.95918,-18.98565],[25.95068,-19.08174],[26.08193,-19.36992],[26.16807,-19.53828],[26.24102,-19.56934],[26.47461,-19.74863],[26.67822,-19.89277],[26.9167,-19.99014],[27.0918,-20.0542],[27.17822,-20.10098],[27.22148,-20.1458],[27.25674,-20.23203],[27.27461,-20.38184],[27.28076,-20.47871],[27.46895,-20.4748],[27.62461,-20.48359],[27.6793,-20.50303],[27.69961,-20.53066],[27.69482,-20.59453],[27.69697,-20.68975],[27.7043,-20.76641],[27.68809,-20.84834],[27.67695,-20.94482],[27.66943,-21.06426],[27.69346,-21.11104],[27.84414,-21.26152],[27.90742,-21.35908],[27.97461,-21.50674],[28.01406,-21.5542],[28.0456,-21.57305],[28.18164,-21.58936],[28.53203,-21.65127],[28.74775,-21.70762],[28.91934,-21.76602],[28.99072,-21.78145],[29.02559,-21.79688],[29.0373,-21.81133],[29.01582,-21.93994],[29.02334,-21.98125],[29.04238,-22.01836],[29.07148,-22.04746],[29.10684,-22.06572],[29.23721,-22.07949],[29.31523,-22.15771],[29.36484,-22.19394]],[[25.25879,-17.79356],[25.45176,-17.84512],[25.55713,-17.84951],[25.63965,-17.82412],[25.7416,-17.8582],[25.86328,-17.95195],[25.9959,-17.96982],[26.13955,-17.91172],[26.3334,-17.9293],[26.57754,-18.02256],[26.77988,-18.0415],[27.0208,-17.9584],[27.23574,-17.72832],[27.43789,-17.51191],[27.63672,-17.26211],[27.75654,-17.06035],[27.93223,-16.89619],[28.16377,-16.76973],[28.39981,-16.66279],[28.76065,-16.53193],[28.76055,-16.53213],[28.83272,-16.42412],[28.85674,-16.30615],[28.85674,-16.14229],[28.87559,-16.03613],[28.91309,-15.98779],[28.97305,-15.9501],[29.05059,-15.90117],[29.28789,-15.77646],[29.4873,-15.69678],[29.72959,-15.64463],[29.99492,-15.64404],[30.25068,-15.64346],[30.39609,-15.64307]],[[30.39609,-15.64307],[30.39814,-15.80078],[30.40938,-15.97822],[30.43779,-15.99531],[30.63018,-15.99922],[30.93877,-16.01172],[31.23623,-16.02363],[31.42617,-16.15234],[31.48984,-16.17969],[31.6876,-16.21416],[31.93984,-16.42881],[32.24326,-16.44873],[32.45195,-16.51572],[32.63584,-16.58945],[32.7418,-16.67764],[32.81025,-16.69766],[32.90293,-16.7042],[32.94805,-16.71231],[32.93789,-16.77598],[32.87627,-16.88359],[32.88437,-17.03779],[32.96934,-17.25156],[32.98076,-17.4375],[32.95469,-17.76543],[32.95557,-18.08291],[32.96465,-18.19629],[32.97852,-18.27148],[32.99639,-18.3126],[32.99307,-18.35957],[32.94248,-18.49268],[32.90166,-18.63291],[32.90029,-18.68906],[32.88457,-18.72852],[32.85449,-18.76367],[32.72197,-18.82842],[32.69922,-18.86846],[32.69971,-18.94092],[32.7165,-19.00185],[32.76621,-19.02432],[32.82617,-19.05879],[32.84981,-19.1044],[32.85,-19.15244],[32.83096,-19.24141],[32.77764,-19.38877],[32.83076,-19.5582],[32.89043,-19.66807],[32.97266,-19.79541],[33.00674,-19.87383],[33.00488,-19.93018],[32.99277,-19.98486],[32.86963,-20.21719],[32.78086,-20.36152],[32.67256,-20.51611],[32.5293,-20.61309],[32.49238,-20.65977],[32.47764,-20.71299],[32.48281,-20.82891],[32.47617,-20.9501],[32.35361,-21.13652],[32.42979,-21.29707],[32.4124,-21.31182],[32.37109,-21.33486],[32.19473,-21.51543],[32.01631,-21.69805],[31.88594,-21.83154],[31.73769,-21.9834],[31.57148,-22.15352],[31.42949,-22.29883],[31.28789,-22.40205]],[[23.38066,-17.64062],[23.59492,-17.59941],[23.79922,-17.56016],[24.03691,-17.5209],[24.22715,-17.48955],[24.2749,-17.48106],[24.73291,-17.51777],[24.93242,-17.54346],[25.00176,-17.56855],[25.09219,-17.63437],[25.25879,-17.79356]],[[23.38066,-17.64062],[23.18164,-17.47441],[22.95586,-17.28574],[22.72197,-17.07529],[22.546,-16.91025],[22.45947,-16.81514],[22.30508,-16.68955],[22.19394,-16.62813],[22.15068,-16.59717],[22.04023,-16.26279],[21.97978,-15.95557],[21.97978,-15.72412],[21.97969,-15.40322],[21.97959,-15.08232],[21.97949,-14.76143],[21.9794,-14.44053],[21.9793,-14.11963],[21.9791,-13.79873],[21.9791,-13.47773],[21.979,-13.15684],[21.97891,-13.00098],[22.20957,-13.00098],[22.471,-13.00098],[22.74434,-13.00098],[23.0415,-13.00098],[23.33867,-13.00098],[23.63584,-13.00098],[23.84316,-13.00098],[23.89746,-12.99824],[23.96299,-12.98848],[23.96807,-12.95693],[23.88242,-12.79902],[23.88652,-12.74326],[23.90938,-12.63613],[23.94473,-12.54375],[23.99131,-12.42217],[23.99648,-12.35068],[23.95889,-12.11777],[23.96231,-11.98789],[23.97344,-11.85293],[23.98389,-11.725],[23.971,-11.63584],[23.98682,-11.58721],[24.01465,-11.51768],[24.0293,-11.43916],[24.04668,-11.40537],[24.04141,-11.37412],[24.02559,-11.31563],[24.01006,-11.18477],[23.98828,-11.00283],[23.9665,-10.87178]],[[23.9665,-10.87178],[24.00273,-10.8791],[24.07842,-10.8915],[24.11514,-10.95566],[24.13652,-11.02598],[24.18721,-11.02998],[24.31992,-11.07178],[24.36572,-11.12988],[24.39629,-11.25518],[24.37793,-11.31934],[24.33516,-11.37129],[24.37793,-11.41709],[24.4666,-11.44766],[24.51855,-11.43848],[24.66826,-11.35293],[24.72812,-11.33779],[24.80635,-11.32119],[24.87685,-11.29912],[25.07598,-11.26006],[25.18486,-11.24297],[25.246,-11.2124],[25.28877,-11.2124],[25.31934,-11.23691],[25.2918,-11.32549],[25.28262,-11.40498],[25.3207,-11.55352],[25.34941,-11.62305],[25.41338,-11.67353],[25.45996,-11.6998],[25.51191,-11.75342],[25.61885,-11.74414],[25.85488,-11.82012],[25.92656,-11.85527],[26.02598,-11.89014],[26.09639,-11.90322],[26.33965,-11.92988],[26.42969,-11.94785],[26.59639,-11.97207],[26.72969,-11.97598],[26.82402,-11.96523],[26.89043,-11.94355],[26.93086,-11.91934],[26.94961,-11.89883],[26.97686,-11.82461],[27.02666,-11.66377],[27.04609,-11.61592],[27.09541,-11.59375],[27.15918,-11.5792],[27.19639,-11.60508],[27.23809,-11.7835],[27.42363,-11.94453],[27.48701,-12.07969],[27.5334,-12.19531],[27.57383,-12.22705],[27.64434,-12.2668],[27.75684,-12.28086],[27.85742,-12.28486],[28.06885,-12.36816],[28.2373,-12.43457],[28.35771,-12.48203],[28.41289,-12.51807],[28.45146,-12.57744],[28.47441,-12.62334],[28.51123,-12.74219],[28.55088,-12.83613],[28.61543,-12.8541],[28.67295,-12.86133],[28.73008,-12.92549],[28.77314,-12.98193],[28.85879,-13.11943],[28.92168,-13.21465],[28.94228,-13.30713],[29.01426,-13.36885],[29.11162,-13.39512],[29.20185,-13.39834],[29.25371,-13.3708],[29.38184,-13.32285],[29.48145,-13.26797],[29.5542,-13.24893],[29.59717,-13.26055],[29.63027,-13.29853],[29.64766,-13.37295],[29.65176,-13.41436],[29.72266,-13.45381],[29.7752,-13.43809],[29.79531,-13.39277],[29.79648,-13.36973],[29.79629,-13.16748],[29.79609,-12.99209],[29.7958,-12.82705],[29.7956,-12.62588],[29.79551,-12.45059],[29.79531,-12.30615],[29.79512,-12.15547],[29.74961,-12.16406],[29.69199,-12.19834],[29.55977,-12.20244],[29.5082,-12.22822],[29.49199,-12.26689],[29.50225,-12.31758],[29.50488,-12.38613],[29.48555,-12.41846],[29.42754,-12.43125],[29.34375,-12.40479],[29.19121,-12.37021],[29.06435,-12.34883],[28.97344,-12.25781],[28.85,-12.12051],[28.76943,-12.05127],[28.57461,-11.90811],[28.5416,-11.8792],[28.48252,-11.81211],[28.43184,-11.69834],[28.40703,-11.62285],[28.3834,-11.5667],[28.35723,-11.48301],[28.4042,-11.3544],[28.47031,-11.10957],[28.51797,-10.9332],[28.54424,-10.80234],[28.63887,-10.66924],[28.64551,-10.5502],[28.60742,-10.39736],[28.61719,-10.31299],[28.62354,-10.09883],[28.62891,-9.91875],[28.63008,-9.83125],[28.6042,-9.67881],[28.54053,-9.51006],[28.4002,-9.275],[28.40068,-9.2248],[28.48428,-9.16943],[28.6165,-9.07227],[28.68125,-9.01465],[28.75879,-8.93262],[28.79356,-8.89102],[28.86953,-8.78584],[28.91777,-8.70059],[28.93447,-8.59023],[28.89814,-8.48545],[28.97227,-8.46494],[29.21562,-8.42783],[29.48379,-8.38691],[29.76621,-8.34375],[30.05137,-8.30029],[30.32754,-8.2582],[30.57793,-8.22002],[30.75117,-8.19365]],[[30.75117,-8.19365],[30.77676,-8.26582],[30.83066,-8.38555],[30.89199,-8.47373],[30.96836,-8.55098],[31.0334,-8.59766],[31.07637,-8.61191],[31.35059,-8.60703],[31.44922,-8.65391],[31.53486,-8.71328],[31.55625,-8.80547],[31.61279,-8.86328],[31.67363,-8.90879],[31.7,-8.91436],[31.74473,-8.90322],[31.81807,-8.90225],[31.88613,-8.92197],[31.91865,-8.94219],[31.92188,-9.01943],[31.94258,-9.054],[32.03535,-9.06738],[32.12978,-9.07334],[32.2209,-9.12559],[32.31934,-9.13486],[32.4332,-9.15635],[32.48711,-9.2127],[32.6084,-9.27051],[32.75664,-9.32227],[32.86328,-9.38086],[32.91992,-9.40742]],[[32.91992,-9.40742],[32.92334,-9.43398],[32.95107,-9.48418],[32.97988,-9.52031],[32.98213,-9.57363],[32.996,-9.62285],[33.03779,-9.63506],[33.07246,-9.63818],[33.10449,-9.60264],[33.14805,-9.60352],[33.1957,-9.62617],[33.21269,-9.68301],[33.25,-9.75957],[33.31045,-9.81182],[33.35098,-9.86221],[33.33711,-9.954],[33.31152,-10.03799],[33.39355,-10.1209],[33.5001,-10.19971],[33.52891,-10.23467],[33.5376,-10.35156],[33.55371,-10.39131],[33.62617,-10.48857],[33.66152,-10.55312],[33.65908,-10.59053],[33.46475,-10.78311],[33.40313,-10.80176],[33.34492,-10.81269],[33.29277,-10.85234],[33.26133,-10.89336],[33.27275,-10.91504],[33.29326,-10.98115],[33.33867,-11.08516],[33.37978,-11.15791],[33.34551,-11.24912],[33.26836,-11.40391],[33.23271,-11.41768],[33.22637,-11.53486],[33.25,-11.57764],[33.28828,-11.61113],[33.30391,-11.69082],[33.30508,-11.8],[33.30098,-11.88818],[33.25234,-12.1126],[33.34014,-12.3083],[33.37002,-12.32969],[33.49141,-12.33105],[33.5123,-12.34775],[33.4832,-12.40342],[33.43066,-12.46045],[33.39795,-12.48984],[33.24346,-12.55654],[33.02158,-12.63047],[32.97519,-12.70137],[32.94561,-12.80439],[32.97051,-12.86475],[33.0,-12.89961],[32.99043,-12.98945],[32.97109,-13.08428],[32.97764,-13.15889],[32.96758,-13.225],[32.93857,-13.25742],[32.89971,-13.35703],[32.85186,-13.45703],[32.81406,-13.50273],[32.7584,-13.55029],[32.67041,-13.59043],[32.67207,-13.61035],[32.77178,-13.65654],[32.79746,-13.68848],[32.80674,-13.71025],[32.78535,-13.73145],[32.76514,-13.76103],[32.81103,-13.7916],[32.86719,-13.81738],[32.92031,-13.88389],[32.96758,-13.97686],[32.98125,-14.00938],[32.99209,-14.02217],[33.00928,-14.02373],[33.04238,-14.01006],[33.10361,-13.95918],[33.14805,-13.94092],[33.20176,-14.01338]],[[30.39609,-15.64307],[30.37988,-15.50586],[30.35059,-15.34971],[30.30566,-15.28887],[30.25215,-15.1832],[30.225,-15.0669],[30.22178,-15.01055],[30.23184,-14.99033],[30.44609,-14.90752],[30.53769,-14.8665],[30.67334,-14.81914],[30.91514,-14.75332],[31.13086,-14.69463],[31.32852,-14.6377],[31.53789,-14.57715],[31.62305,-14.53672],[31.72891,-14.49609],[31.98213,-14.41445],[32.05449,-14.38652],[32.1999,-14.34082],[32.27285,-14.32305],[32.55322,-14.22959],[32.87451,-14.12246],[32.98711,-14.08496],[33.20176,-14.01338]],[[42.79932,16.37178],[42.98633,16.50908],[43.03359,16.55039],[43.06074,16.58662],[43.10478,16.66416],[43.16504,16.6894],[43.18633,16.771],[43.18447,16.81182],[43.14561,16.84678],[43.1165,16.94199],[43.12617,17.06245],[43.13594,17.11299],[43.15596,17.20503],[43.22139,17.23926],[43.23691,17.26646],[43.18633,17.32471],[43.19092,17.35938],[43.30215,17.45679],[43.34609,17.48604],[43.41797,17.51626],[43.47422,17.51592],[43.53926,17.49873],[43.59727,17.47144],[43.65342,17.42188],[43.71299,17.36553],[43.8043,17.34414],[43.86641,17.34961],[43.91699,17.32471],[43.95967,17.33833],[44.0082,17.36748],[44.08594,17.36553],[44.15596,17.39853],[44.35469,17.41436],[44.54648,17.40435],[44.74678,17.43169],[44.94648,17.42959],[45.14805,17.42744],[45.19277,17.42339],[45.23662,17.4062],[45.40654,17.31977],[45.53535,17.30205],[45.79443,17.27842],[46.0708,17.25317],[46.31035,17.2313],[46.51348,17.25166],[46.68203,17.26855],[46.72764,17.26558],[46.77852,17.21211],[46.87998,17.079],[46.97568,16.95347],[47.14355,16.94668],[47.25127,16.99395],[47.36963,17.0604],[47.4418,17.11187],[47.52539,17.31611],[47.57959,17.44834],[47.70371,17.59683],[47.80781,17.72109],[47.94551,17.88584],[48.02168,17.97695],[48.17217,18.15693],[48.31582,18.22705],[48.59297,18.3624],[48.86484,18.49522],[49.04199,18.58179],[49.19238,18.62134],[49.44512,18.65532],[49.74209,18.69531],[50.03896,18.73525],[50.35527,18.77778],[50.7082,18.82529],[50.95,18.85786],[51.2584,18.89936],[51.51494,18.93389],[51.74297,18.96455],[51.97764,18.99614]],[[51.97764,18.99614],[52.02188,18.89629],[52.06621,18.79639],[52.11045,18.69648],[52.15469,18.59658],[52.19902,18.49668],[52.24326,18.39683],[52.2875,18.29692],[52.33174,18.19707],[52.37607,18.09717],[52.42031,17.99731],[52.46455,17.89741],[52.50889,17.79751],[52.55313,17.69761],[52.59736,17.59775],[52.6417,17.49785],[52.68594,17.39795],[52.7292,17.30039],[52.80059,17.26792],[52.84297,17.17568],[52.90371,17.04385],[52.96435,16.91206],[53.025,16.78023],[53.08564,16.64839]],[[104.42637,10.41123],[104.46699,10.42236],[104.51406,10.46333],[104.56426,10.51597],[104.68965,10.52324],[104.81543,10.5208],[104.85059,10.53447],[104.90127,10.59023],[104.98389,10.66191],[105.04639,10.70166],[105.06113,10.73379],[105.03613,10.80937],[105.02227,10.88687],[105.0457,10.91138],[105.15947,10.89756],[105.28428,10.86148],[105.31465,10.84517],[105.38652,10.94009],[105.40576,10.95161],[105.45273,10.95142],[105.57656,10.9689],[105.69775,10.99404],[105.75508,10.98999],[105.81074,10.92607],[105.85332,10.86357],[105.8752,10.8585],[105.93818,10.88516],[105.99014,10.85181],[106.09883,10.79727],[106.16397,10.79492],[106.13154,10.92197],[106.16797,11.0123],[106.16094,11.03711],[106.09951,11.07866],[105.8916,11.24482],[105.85605,11.29429],[105.86094,11.37241],[105.854,11.48706],[105.83535,11.55913],[105.83848,11.60132],[105.85147,11.63501],[105.88984,11.64839],[105.92656,11.65293],[105.95625,11.68247],[106.00606,11.75801],[106.10293,11.75127],[106.23916,11.70835],[106.33984,11.68184],[106.39922,11.68701],[106.4125,11.6978],[106.41074,11.73838],[106.41777,11.91172],[106.41387,11.94844],[106.49961,11.96553],[106.63096,11.96919],[106.7001,11.9793],[106.76465,12.05234],[106.93066,12.07749],[107.05068,12.17588],[107.15898,12.27705],[107.21211,12.304],[107.27969,12.32158],[107.33008,12.31904],[107.39336,12.2605],[107.446,12.2957],[107.50644,12.36455],[107.53809,12.43179],[107.55547,12.53999],[107.54355,12.70591],[107.51152,12.83574],[107.48154,12.9331],[107.47539,13.03037],[107.54551,13.22544],[107.60547,13.43779],[107.59395,13.52168],[107.52861,13.6542],[107.46231,13.81563],[107.38945,13.99302],[107.36211,14.01948],[107.34258,14.0689],[107.33145,14.12661],[107.36035,14.30786],[107.36445,14.3687],[107.44844,14.45122],[107.49316,14.54575],[107.53525,14.64995],[107.51943,14.70508]],[[102.12744,22.3792],[102.18301,22.28403],[102.30137,22.17817],[102.44268,22.02715],[102.4875,21.95776],[102.58252,21.9043],[102.60967,21.85176],[102.63125,21.77134],[102.64082,21.71143],[102.66201,21.67602],[102.69531,21.66211],[102.73857,21.67793],[102.77109,21.70967],[102.79824,21.79795],[102.81592,21.80737],[102.84521,21.73477],[102.87617,21.72227],[102.91768,21.71294],[102.94961,21.68135],[102.95918,21.62622],[102.94863,21.56977],[102.90957,21.50635],[102.8875,21.43994],[102.87227,21.3375],[102.85117,21.26592],[102.88379,21.20259],[103.10449,20.89165],[103.21074,20.84062],[103.46357,20.77983],[103.55469,20.73784],[103.63506,20.69707],[103.71445,20.71694],[103.79053,20.80952],[103.88203,20.86143],[104.05205,20.94121],[104.10137,20.94551],[104.19531,20.91397],[104.34961,20.82109],[104.46143,20.73374],[104.53037,20.68799],[104.5832,20.64668],[104.57519,20.60024],[104.53271,20.55488],[104.47861,20.52959],[104.40781,20.48574],[104.36777,20.44141],[104.39219,20.42476],[104.49619,20.41367],[104.61885,20.37451],[104.65645,20.32852],[104.66191,20.28901],[104.67695,20.22471],[104.69873,20.20532],[104.8127,20.21685],[104.84785,20.20244],[104.88867,20.16909],[104.9292,20.08281],[104.92793,20.01812],[104.8458,19.94717],[104.81514,19.904],[104.80176,19.83613],[104.74316,19.75474],[104.58789,19.61875],[104.54629,19.61055],[104.25986,19.6855],[104.12715,19.68086],[104.06279,19.67842],[104.03203,19.67515],[104.01348,19.64648],[104.05156,19.56416],[104.06289,19.48257],[104.02754,19.42046],[103.93203,19.36606],[103.89639,19.33999],[103.8916,19.30498],[103.91836,19.26851],[104.00635,19.23091],[104.10859,19.19556],[104.4458,18.98384],[104.51797,18.93408],[104.61328,18.86065],[104.7165,18.80342],[104.99316,18.72832],[105.11514,18.67886],[105.14648,18.65098],[105.14541,18.6168],[105.11348,18.57305],[105.08701,18.49624],[105.08584,18.4501],[105.11455,18.40527],[105.16328,18.33872],[105.27324,18.23535],[105.3335,18.18965],[105.4,18.17925],[105.4582,18.1543],[105.51856,18.07744],[105.58848,17.98369],[105.59766,17.91826],[105.62725,17.83442],[105.69141,17.73784],[105.77949,17.64443],[105.90273,17.52866],[105.97353,17.44697],[106.00625,17.41528],[106.26953,17.2168],[106.3334,17.1437],[106.42598,17.00254],[106.46533,16.98184],[106.50225,16.9541],[106.52598,16.87661],[106.53369,16.82105],[106.54619,16.65073],[106.59365,16.6001],[106.6375,16.53794],[106.65645,16.49263],[106.69609,16.45898],[106.73955,16.45254],[106.7916,16.49033],[106.83242,16.52627],[106.85107,16.51562],[106.89277,16.39653],[106.93066,16.35312],[107.00195,16.31182],[107.06973,16.27983],[107.21738,16.13633],[107.29648,16.08403],[107.3501,16.06738],[107.39639,16.04302],[107.41016,15.99785],[107.39199,15.95166],[107.36065,15.92173],[107.18887,15.83862],[107.16592,15.80249],[107.18955,15.74727],[107.23262,15.67808],[107.27939,15.6187],[107.33877,15.5605],[107.45957,15.46582],[107.56426,15.3916],[107.62168,15.30986],[107.65313,15.25522],[107.63369,15.18984],[107.58965,15.11846],[107.55527,15.05703],[107.49629,15.02144],[107.48037,14.97988],[107.50469,14.91592],[107.52451,14.87183],[107.51377,14.81738],[107.51943,14.70508]],[[102.12744,22.3792],[102.17598,22.41465],[102.23701,22.46602],[102.30225,22.546],[102.37578,22.64663],[102.40645,22.70801],[102.42793,22.73281],[102.4709,22.75093],[102.51719,22.74102],[102.59853,22.70039],[102.721,22.64849],[102.83008,22.58716],[102.87422,22.52539],[102.93516,22.46616],[102.98193,22.44824],[103.00537,22.45298],[103.07588,22.49751],[103.13633,22.54224],[103.1376,22.59297],[103.19336,22.63853],[103.26631,22.71353],[103.30059,22.7644],[103.32666,22.76977],[103.35605,22.75469],[103.471,22.59741],[103.49297,22.58799],[103.52539,22.61157],[103.5707,22.73442],[103.62022,22.78203],[103.6373,22.77002],[103.91504,22.53823],[103.9415,22.54009],[103.97139,22.55049],[103.99082,22.58613],[104.01269,22.66636],[104.05391,22.7523],[104.14307,22.80015],[104.2125,22.80942],[104.23828,22.76851],[104.29834,22.71201],[104.37178,22.70405],[104.52685,22.8041],[104.57754,22.82002],[104.63174,22.81821],[104.6873,22.82222],[104.74004,22.8605],[104.7957,22.91113],[104.81475,23.01079],[104.82656,23.10019],[104.86475,23.13638],[104.91016,23.16055],[104.9957,23.19434],[105.18906,23.28105],[105.23877,23.32212],[105.27539,23.34521],[105.35049,23.30767],[105.44014,23.23535],[105.49453,23.18086],[105.53086,23.12197],[105.54815,23.07266],[105.69121,23.02993],[105.78232,22.96934],[105.84297,22.9228],[105.90264,22.92495],[105.96231,22.93745],[106.00098,22.97476],[106.06846,22.97554],[106.14844,22.97007],[106.18398,22.95513],[106.24941,22.86943],[106.279,22.85747],[106.33809,22.86348],[106.45088,22.8939],[106.5418,22.90835],[106.62402,22.87427],[106.78027,22.77891],[106.73633,22.71094],[106.70156,22.63774],[106.63311,22.58603],[106.58242,22.57324],[106.55039,22.50137],[106.53633,22.39541],[106.55361,22.3417],[106.59316,22.32451],[106.63652,22.28862],[106.6542,22.24145],[106.66006,22.13648],[106.65771,22.01821],[106.66357,21.97891],[106.69766,21.98618],[106.72949,22.00034],[106.79414,21.98198],[106.87451,21.95127],[106.9252,21.92012],[106.971,21.92393],[107.00644,21.89341],[107.01982,21.83486],[107.06162,21.79419],[107.17852,21.71709],[107.27207,21.71064],[107.35117,21.60889],[107.4335,21.64229],[107.47139,21.59834],[107.64102,21.61392],[107.75928,21.65503],[107.80205,21.64517],[107.9084,21.5604],[107.97266,21.50796]],[[-60.74214,5.20205],[-60.954,5.4374],[-61.16719,5.67422],[-61.37681,5.90698],[-61.39082,5.93877],[-61.30313,6.04951],[-61.22495,6.1292],[-61.15947,6.17441],[-61.12871,6.21431],[-61.1523,6.38511],[-61.15102,6.44653],[-61.18159,6.51338],[-61.20361,6.58838],[-61.17725,6.65093],[-61.14561,6.69453],[-61.10478,6.71138],[-61.00708,6.72661],[-60.93799,6.73276],[-60.91357,6.75781],[-60.87334,6.78691],[-60.82085,6.78848],[-60.71792,6.76831],[-60.67104,6.80596],[-60.58608,6.85708],[-60.39502,6.94536],[-60.3521,7.00288],[-60.32207,7.09204],[-60.32549,7.13398],[-60.34507,7.15],[-60.39238,7.16455],[-60.46494,7.16655],[-60.52319,7.1437],[-60.5832,7.1562],[-60.6333,7.21108],[-60.63618,7.25659],[-60.60654,7.32085],[-60.62373,7.36333],[-60.71924,7.49868],[-60.71865,7.53594],[-60.64946,7.59663],[-60.61011,7.64834],[-60.55635,7.77202],[-60.51362,7.81318],[-60.38061,7.82764],[-60.34678,7.854],[-60.27891,7.91943],[-60.17817,7.99404],[-60.03242,8.05356],[-59.99072,8.16201],[-59.96484,8.1916],[-59.84907,8.24868],[-59.82891,8.27915],[-59.83164,8.30596],[-60.01753,8.54932]],[[-66.87602,1.22305],[-66.61904,0.99214],[-66.42925,0.82168],[-66.34712,0.76719],[-66.30166,0.75195],[-66.19121,0.76328],[-66.06006,0.78535],[-65.99634,0.80977],[-65.92588,0.86313],[-65.81133,0.93726],[-65.71811,0.97803],[-65.68144,0.98345],[-65.64468,0.97036],[-65.56602,0.92607],[-65.523,0.84341],[-65.5627,0.74751],[-65.55606,0.68799],[-65.47339,0.69126],[-65.40723,0.79048],[-65.36084,0.86865],[-65.26396,0.93188],[-65.16963,1.02222],[-65.10376,1.1081],[-65.02656,1.15845],[-64.91011,1.21973],[-64.81797,1.25713],[-64.73154,1.25332],[-64.66743,1.29385],[-64.58437,1.36987],[-64.52627,1.43101],[-64.48604,1.45278],[-64.40513,1.44687],[-64.3042,1.45527],[-64.20503,1.52949],[-64.11484,1.61929],[-64.06704,1.77051],[-64.03545,1.90444],[-64.0085,1.93159],[-63.97578,1.95303],[-63.93716,1.96699],[-63.84448,1.97671],[-63.68213,2.04814],[-63.57026,2.12051],[-63.46392,2.13604],[-63.43252,2.15557],[-63.39395,2.22251],[-63.37485,2.34043],[-63.38926,2.41191],[-63.58462,2.43394],[-63.71255,2.43403],[-63.92417,2.45244],[-64.0249,2.48189],[-64.04658,2.50239],[-64.04883,2.5251],[-64.02871,2.57607],[-64.00903,2.67188],[-64.03779,2.80151],[-64.14356,3.00488],[-64.21885,3.20469],[-64.22876,3.34399],[-64.22705,3.49121],[-64.22109,3.5874],[-64.27529,3.66269],[-64.56792,3.89981],[-64.66899,4.01182],[-64.70259,4.08931],[-64.81787,4.23227],[-64.78867,4.27602],[-64.72227,4.27441],[-64.66553,4.23711],[-64.61367,4.15771],[-64.57637,4.13989],[-64.52554,4.13999],[-64.25566,4.14033],[-64.19248,4.12685],[-64.1543,4.10015],[-64.12173,4.06699],[-64.07339,3.97441],[-64.02148,3.9291],[-63.91465,3.93066],[-63.74697,3.93257],[-63.65293,3.94082],[-63.59663,3.91504],[-63.52681,3.8937],[-63.37978,3.94287],[-63.33867,3.9439],[-63.29473,3.92227],[-63.13623,3.75644],[-63.04531,3.68648],[-62.96865,3.59395],[-62.85698,3.59346],[-62.7646,3.67295],[-62.73994,3.94033],[-62.71211,4.01792],[-62.66533,4.03965],[-62.60977,4.04228],[-62.54395,4.08433],[-62.47256,4.13852],[-62.41065,4.15674],[-62.15313,4.09839],[-62.08159,4.12632],[-61.82085,4.19702],[-61.55425,4.28779],[-61.47939,4.40225],[-61.36753,4.43301],[-61.28008,4.51689],[-61.20942,4.50806],[-61.10244,4.50469],[-61.03628,4.51934],[-61.00283,4.53525],[-60.96641,4.57471],[-60.90625,4.68682],[-60.8334,4.7292],[-60.74175,4.77412],[-60.67915,4.8271],[-60.62759,4.89253],[-60.60386,4.94937],[-60.60449,4.99458],[-60.63501,5.08198],[-60.67197,5.16435],[-60.71196,5.19155],[-60.74214,5.20205]],[[-71.31973,11.86191],[-71.35557,11.84976],[-71.40019,11.82353],[-71.53608,11.77407],[-71.71948,11.72686],[-71.95811,11.66641],[-72.0123,11.60195],[-72.24849,11.19644],[-72.44609,11.11426],[-72.51802,11.05391],[-72.57227,10.97715],[-72.69009,10.83584],[-72.73916,10.7272],[-72.86934,10.49126],[-72.94038,10.19575],[-72.96738,10.02974],[-73.00654,9.78916],[-73.06406,9.66821],[-73.14126,9.55464],[-73.22427,9.4436],[-73.29565,9.32202],[-73.35635,9.22686],[-73.36621,9.19414],[-73.33672,9.16792],[-73.19316,9.19414],[-73.13672,9.2228],[-73.0584,9.25957],[-73.00928,9.23994],[-72.96016,9.13516],[-72.90444,9.12207],[-72.8521,9.13516],[-72.79639,9.10898],[-72.72554,8.84829],[-72.66543,8.62759],[-72.52573,8.4897],[-72.41655,8.38198],[-72.39033,8.28706],[-72.36416,8.15278],[-72.35762,8.08731],[-72.3917,8.04771],[-72.44604,7.96611],[-72.45957,7.80986],[-72.4689,7.75796],[-72.47895,7.61323],[-72.47197,7.52427],[-72.44297,7.45488],[-72.39463,7.41509],[-72.29634,7.39453],[-72.20771,7.37026],[-72.15669,7.24971],[-72.08428,7.09687],[-72.00664,7.03262],[-71.89268,6.99033],[-71.81128,7.00581],[-71.6209,7.03291],[-71.45713,7.02637],[-71.21782,6.9852],[-71.12861,6.98672],[-71.01328,6.99443],[-70.81069,7.07759],[-70.73716,7.09004],[-70.65508,7.08276],[-70.53555,7.04053],[-70.47065,7.00713],[-70.3875,6.97261],[-70.26611,6.94795],[-70.18814,6.95205],[-70.1292,6.95361],[-70.09502,6.93794],[-69.9042,6.70024],[-69.73896,6.49439],[-69.59482,6.32148],[-69.43926,6.13491],[-69.42715,6.12397],[-69.35708,6.148],[-69.31084,6.1376],[-69.26816,6.09971],[-69.19453,6.11533],[-69.08994,6.18438],[-68.93721,6.19819],[-68.73647,6.15679],[-68.47178,6.15654],[-68.14307,6.19751],[-67.93887,6.24194],[-67.85918,6.28989],[-67.72715,6.28496],[-67.56807,6.2418],[-67.48198,6.18027],[-67.47158,6.11977],[-67.43936,6.02554],[-67.47388,5.92998],[-67.57519,5.8331],[-67.63135,5.70937],[-67.64229,5.55879],[-67.69463,5.44751],[-67.78843,5.37549],[-67.8249,5.27046],[-67.8042,5.13252],[-67.81431,4.93081],[-67.85527,4.66548],[-67.85527,4.50688],[-67.81431,4.45508],[-67.79541,4.38071],[-67.79863,4.28389],[-67.7832,4.19824],[-67.73232,4.08652],[-67.66162,3.86426],[-67.60254,3.7688],[-67.55112,3.73384],[-67.49868,3.69111],[-67.34771,3.46377],[-67.31113,3.41587],[-67.32217,3.37398],[-67.33628,3.34263],[-67.35361,3.32266],[-67.51484,3.18726],[-67.83477,2.89282],[-67.86123,2.85532],[-67.85908,2.7936],[-67.76645,2.8333],[-67.66724,2.80019],[-67.6187,2.7936],[-67.59668,2.76934],[-67.56802,2.68994],[-67.53496,2.67676],[-67.48643,2.64365],[-67.3916,2.55991],[-67.31226,2.47168],[-67.25273,2.42944],[-67.21084,2.39014],[-67.19761,2.33276],[-67.21523,2.27549],[-67.16548,2.14258],[-67.13144,2.10127],[-67.11382,2.05059],[-67.13144,1.99985],[-67.08955,1.94033],[-67.0439,1.82319],[-66.98813,1.68018],[-66.98154,1.60078],[-66.95835,1.56421],[-66.9311,1.45801],[-66.88447,1.35825],[-66.89551,1.28989],[-66.87602,1.22305]],[[12.42754,41.90073],[12.43057,41.89756],[12.43916,41.89839],[12.43838,41.9062],[12.43057,41.90547],[12.42754,41.90073]],[[70.94678,42.24868],[70.979,42.26655],[71.03603,42.28467],[71.12998,42.25],[71.21269,42.20645],[71.23232,42.18628],[71.22852,42.16289],[71.03223,42.07778],[70.91035,42.03799],[70.85664,42.03081],[70.84189,42.01963],[70.80332,41.92266],[70.72773,41.90523],[70.63086,41.87549],[70.56289,41.83081],[70.45498,41.72505],[70.18096,41.57144],[70.17695,41.53999],[70.20088,41.51445],[70.29004,41.49683],[70.40781,41.44956],[70.47139,41.41265],[70.6459,41.46035],[70.68887,41.4498],[70.73438,41.40054],[70.78242,41.2625],[70.86045,41.2249],[70.9626,41.196],[71.02598,41.18657],[71.11074,41.15264],[71.22344,41.13994],[71.29883,41.15249],[71.39307,41.12339],[71.4084,41.13603],[71.4209,41.3419],[71.5,41.30747],[71.5456,41.30806],[71.58555,41.33325],[71.60625,41.36743],[71.61963,41.43545],[71.60225,41.50327],[71.6375,41.53418],[71.66494,41.54121],[71.68516,41.53301],[71.69727,41.51558],[71.70068,41.454],[71.75772,41.42803],[71.79248,41.41313],[71.82578,41.36104],[71.85801,41.31138],[71.87861,41.19502],[71.9585,41.18706],[72.05244,41.16475],[72.11543,41.18657],[72.16426,41.17373],[72.18096,41.11846],[72.18066,41.06685],[72.1873,41.02593],[72.21309,41.01426],[72.29492,41.03994],[72.36406,41.04346],[72.42734,41.01895],[72.50596,40.98169],[72.62041,40.88379],[72.6583,40.86992],[72.83096,40.86216],[72.8666,40.84233],[72.92598,40.84243],[72.99004,40.86011],[73.13213,40.82852],[73.13691,40.81065],[73.11289,40.78603],[72.77383,40.65039],[72.74883,40.60869],[72.67959,40.55562],[72.6041,40.52544],[72.56748,40.52437],[72.40205,40.57808],[72.38262,40.56514],[72.36904,40.54346],[72.36973,40.51973],[72.40596,40.46309],[72.38926,40.42739],[72.35771,40.40166],[72.254,40.42422],[72.23467,40.43862],[72.23281,40.45439],[72.19287,40.45444],[72.13125,40.43862],[72.0126,40.34072],[71.97109,40.2895],[71.95566,40.25859],[71.90273,40.24097],[71.84541,40.23433],[71.77266,40.18804],[71.69248,40.15234],[71.6668,40.17861],[71.65088,40.20801],[71.62988,40.21714],[71.58047,40.21025],[71.52041,40.20898],[71.45742,40.24199],[71.37617,40.27519],[71.30469,40.28691],[71.09453,40.27124],[70.99062,40.25488],[70.95801,40.23887]],[[70.96064,40.08799],[70.97441,40.03887],[71.01445,40.00576],[71.04102,39.99492],[71.04482,39.99253],[71.04365,39.97632],[71.01172,39.89512],[71.06426,39.88491],[71.15625,39.88345],[71.20615,39.89258],[71.21563,39.90679],[71.1793,39.97983],[71.22871,40.04814],[71.13027,40.05967],[71.08037,40.07988],[71.02412,40.14917],[71.00547,40.1523],[70.97627,40.13325],[70.96064,40.08799]],[[71.66894,39.94609],[71.68125,39.96865],[71.73652,39.98096],[71.76533,39.99326],[71.78994,39.99531],[71.77969,39.95024],[71.75293,39.90713],[71.70586,39.91743],[71.66894,39.94609]],[[67.75898,37.17222],[67.79805,37.24497],[67.81436,37.48701],[67.86357,37.5707],[68.01094,37.72095],[68.0876,37.83545],[68.17402,37.92842],[68.23652,37.95967],[68.29404,38.03291],[68.34121,38.1168],[68.35449,38.16953],[68.35029,38.21104],[68.33311,38.23779],[68.25137,38.29453],[68.14414,38.38311],[68.08721,38.47353],[68.05596,38.58892],[68.04785,38.66929],[68.14853,38.89062],[68.13252,38.92764],[68.10352,38.96201],[68.04434,38.98359],[67.95957,38.99292],[67.87568,38.98301],[67.76856,38.98223],[67.69443,38.99463],[67.67656,39.0085],[67.66729,39.10918],[67.64834,39.13106],[67.6165,39.15029],[67.40039,39.19668],[67.35762,39.2167],[67.34961,39.24209],[67.42617,39.46558],[67.45957,39.48242],[67.4917,39.51875],[67.54248,39.55762],[67.71904,39.62139],[67.90859,39.5938],[68.07715,39.56416],[68.24492,39.54829],[68.30303,39.53769],[68.39902,39.52886],[68.46328,39.53672],[68.50693,39.56279],[68.58613,39.63496],[68.61035,39.74326],[68.63896,39.83887],[68.68691,39.84629],[68.73525,39.83623],[68.7582,39.85557],[68.76797,39.88184],[68.77783,39.9042],[68.79766,39.90913],[68.83242,39.88433],[68.85225,39.89097],[68.86875,39.90747],[68.86387,39.92734],[68.82441,39.96079],[68.78945,40.01333],[68.79277,40.03149],[68.80469,40.05034],[68.9085,40.06821],[68.95566,40.07134],[68.97207,40.08994],[68.96602,40.11958],[68.92686,40.13633],[68.78457,40.1271],[68.63975,40.1292],[68.62246,40.14727],[68.63066,40.16709],[68.65254,40.18267],[68.95176,40.22261],[69.11035,40.20874],[69.22832,40.1876],[69.2749,40.1981],[69.21953,40.28813],[69.29443,40.29658],[69.3042,40.32739],[69.20625,40.56655],[69.25996,40.58765],[69.31396,40.63477],[69.30938,40.72393],[69.35723,40.76738],[69.41387,40.79717],[69.49824,40.76709],[69.62842,40.67905],[69.6708,40.66196],[69.71289,40.65698],[69.77324,40.68428],[70.00566,40.77144],[70.13633,40.82041],[70.29209,40.8917],[70.31894,40.91924],[70.37266,41.02764],[70.40195,41.03511],[70.4415,41.02344],[70.57822,40.91148],[70.65732,40.83965],[70.65732,40.81509],[70.63477,40.79658],[70.63916,40.77856],[70.75098,40.7396],[70.75107,40.72178],[70.72559,40.68779],[70.71201,40.66909],[70.69834,40.66118],[70.54883,40.56279],[70.38262,40.45352],[70.37715,40.43926],[70.36973,40.41201],[70.37158,40.38413],[70.39824,40.36138],[70.46992,40.34536],[70.53359,40.32451],[70.56582,40.26714],[70.60273,40.21416],[70.65313,40.20117],[70.89941,40.23457],[70.95801,40.23887]],[[70.55,41.01489],[70.56875,40.98184],[70.62275,40.93442],[70.65254,40.93662],[70.64922,40.96084],[70.61836,41.00166],[70.57207,41.02481],[70.55,41.01489]],[[66.52227,37.34849],[66.82773,37.37129],[67.06885,37.33481],[67.19551,37.23521],[67.31973,37.20957],[67.4417,37.25801],[67.51729,37.26665],[67.54648,37.23564],[67.60742,37.22251],[67.7,37.22725],[67.75293,37.1998],[67.75898,37.17222]],[[55.97744,41.32222],[56.24199,41.31084],[56.47988,41.30063],[56.77363,41.28799],[56.86084,41.27612],[56.96582,41.26514],[57.01797,41.26348],[57.06426,41.30727],[57.09482,41.3313],[57.11885,41.35029],[57.11387,41.37178],[57.07666,41.38999],[57.01816,41.45059],[56.98486,41.66934],[56.96406,41.85654],[57.03369,41.91484],[57.11357,41.95713],[57.22881,42.08447],[57.29062,42.12378],[57.38174,42.1563],[57.68613,42.16479],[57.81426,42.18984],[57.85596,42.23105],[57.92344,42.33521],[57.9457,42.42002],[57.9835,42.45879],[58.02891,42.48765],[58.07549,42.48652],[58.16562,42.46157],[58.23408,42.4477],[58.28291,42.42886],[58.32725,42.39893],[58.37051,42.34678],[58.37715,42.31245],[58.39707,42.29248],[58.43144,42.29209],[58.45703,42.2918],[58.47441,42.29937],[58.48584,42.31685],[58.47695,42.34014],[58.41816,42.40669],[58.28867,42.5273],[58.2041,42.57637],[58.16201,42.60298],[58.15156,42.62808],[58.20645,42.66631],[58.25967,42.68809],[58.35312,42.67173],[58.47715,42.66284],[58.53232,42.68193],[58.58906,42.77847],[58.72998,42.67617],[58.87695,42.56148],[58.93086,42.54028],[59.03584,42.52813],[59.12315,42.52378],[59.15957,42.51143],[59.19912,42.48169],[59.27656,42.35615],[59.3543,42.32329],[59.45107,42.29951],[59.7626,42.30156],[59.8583,42.29517],[59.93652,42.23604],[59.98516,42.21172],[60.00606,42.19082],[60.00078,42.16475],[59.98164,42.13174],[59.9792,42.06807],[59.97412,42.0188],[59.94932,41.99541],[59.9418,41.97353],[59.9626,41.95439],[60.10693,41.90742],[60.15557,41.85703],[60.19209,41.83442],[60.20078,41.80313],[60.17637,41.78227],[60.10859,41.79268],[60.07559,41.75967],[60.07559,41.70054],[60.12402,41.64497],[60.13799,41.59414],[60.10605,41.54521],[60.06875,41.47622],[60.06738,41.42734],[60.08965,41.39941],[60.2,41.34898],[60.45498,41.22163],[60.51357,41.21616],[60.75488,41.24575],[60.86719,41.24868],[60.9332,41.229],[61.11992,41.21089],[61.1793,41.19058],[61.24238,41.18921],[61.32891,41.19512],[61.3875,41.25215],[61.41738,41.26514],[61.44365,41.27461],[61.49697,41.27607],[61.64453,41.23984],[61.7999,41.16343],[61.90283,41.0937],[61.95352,41.03061],[62.01758,40.8938],[62.09502,40.6833],[62.18848,40.54121],[62.29805,40.46748],[62.375,40.33208],[62.4416,40.03623],[62.4832,39.97563],[62.52549,39.94409],[62.65068,39.8585],[62.90684,39.7168],[63.0581,39.63315],[63.29189,39.49951],[63.50606,39.3771],[63.7208,39.18814],[63.76367,39.16055],[63.95254,39.05835],[64.16279,38.95361],[64.30996,38.97729],[64.53164,38.81621],[64.62188,38.75644],[64.65996,38.73604],[64.8207,38.67246],[65.07666,38.53945],[65.39961,38.34883],[65.61289,38.23857],[65.6709,38.22573],[65.72852,38.22637],[65.79023,38.25005],[65.85713,38.26875],[65.97119,38.24424],[66.09482,38.20015],[66.17315,38.1667],[66.26367,38.11807],[66.33535,38.07217],[66.38975,38.05093],[66.57451,38.01079],[66.60625,37.98672],[66.62637,37.95986],[66.6293,37.93203],[66.52559,37.78574],[66.51133,37.59917],[66.51064,37.45869],[66.52227,37.34849]],[[55.97744,41.32222],[55.97734,41.55176],[55.97715,41.78135],[55.97705,42.01089],[55.97695,42.24043],[55.97686,42.46997],[55.97676,42.69951],[55.97666,42.92905],[55.97656,43.15859],[55.97646,43.38809],[55.97637,43.61763],[55.97627,43.84722],[55.97617,44.07676],[55.97607,44.3063],[55.97598,44.53584],[55.97578,44.76538],[55.97568,44.99492],[56.10049,45.02339],[56.25791,45.05933],[56.40918,45.0938],[56.58877,45.13477],[56.79189,45.18106],[56.96504,45.2206],[57.17168,45.26772],[57.3293,45.30366],[57.47734,45.33745],[57.6667,45.37744],[57.96104,45.4397],[58.12519,45.47436],[58.29111,45.50942],[58.44941,45.54292],[58.55527,45.55537],[58.66895,45.50757],[58.80703,45.4418],[58.94512,45.37598],[59.0834,45.31021],[59.22148,45.24443],[59.35957,45.17861],[59.49785,45.11284],[59.63594,45.04707],[59.77402,44.9813],[59.91221,44.91558],[60.05029,44.84976],[60.18848,44.78398],[60.32666,44.71821],[60.46475,44.65244],[60.60293,44.58662],[60.74111,44.52085],[60.8792,44.45508],[61.00791,44.3938],[61.06533,44.34839],[61.09707,44.24824],[61.16074,44.1686],[61.27148,44.08228],[61.38506,43.99394],[61.52588,43.8772],[61.62363,43.79619],[61.72324,43.71357],[61.8876,43.57725],[61.99023,43.49214],[62.07197,43.48936],[62.23789,43.50957],[62.45938,43.53662],[62.63447,43.55801],[62.84619,43.58389],[63.04766,43.6085],[63.20703,43.62798],[63.44482,43.61323],[63.67969,43.59863],[63.84815,43.58814],[64.01328,43.57783],[64.20879,43.56572],[64.31816,43.55894],[64.44316,43.55117],[64.49609,43.57163],[64.6041,43.61348],[64.70606,43.65298],[64.81182,43.69394],[64.90547,43.7147],[65.00312,43.64907],[65.08486,43.57368],[65.1709,43.49419],[65.27051,43.41753],[65.3665,43.37202],[65.49619,43.31055],[65.5707,43.20518],[65.67021,43.0646],[65.73565,42.97212],[65.80303,42.87695],[65.90107,42.9145],[66.00566,42.95459],[66.10029,42.99082],[66.08887,42.87339],[66.07852,42.76665],[66.0627,42.60518],[66.04981,42.47275],[66.01553,42.31479],[66.01318,42.19448],[66.01123,42.08877],[66.00957,42.00488],[66.19316,42.00112],[66.32881,41.99834],[66.49863,41.99487],[66.51504,41.8894],[66.53789,41.74126],[66.57256,41.60698],[66.60166,41.49434],[66.64531,41.34863],[66.66865,41.27075],[66.70967,41.17915],[66.7498,41.15708],[66.81426,41.14238],[67.03867,41.15332],[67.225,41.16235],[67.37158,41.16953],[67.52803,41.17715],[67.73506,41.18726],[67.80508,41.16392],[67.86572,41.18027],[67.93574,41.19658],[67.99141,41.13003],[68.01973,41.09624],[68.05938,41.06128],[68.11309,41.02861],[68.09033,40.96025],[68.05703,40.8606],[68.04766,40.80928],[68.11231,40.75405],[68.16025,40.72178],[68.29189,40.6561],[68.41504,40.61943],[68.4957,40.60864],[68.57266,40.62266],[68.60068,40.65996],[68.59365,40.71128],[68.55654,40.76514],[68.55928,40.8293],[68.58408,40.87627],[68.66279,40.96152],[68.73711,41.04189],[68.85117,41.12383],[68.98691,41.20503],[69.04346,41.26411],[69.06494,41.36694],[69.15361,41.42524],[69.24932,41.46025],[69.36836,41.49058],[69.40098,41.54189],[69.56514,41.62905],[69.66387,41.67212],[69.78809,41.69731],[69.95996,41.75405],[70.09561,41.82051],[70.22588,41.946],[70.32891,42.02798],[70.41602,42.07856],[70.48906,42.08027],[70.54014,42.03945],[70.58428,42.03603],[70.61328,42.05474],[70.6625,42.10747],[70.71523,42.16865],[70.76455,42.19419],[70.86035,42.20723],[70.94678,42.24868]],[[-58.20117,-32.47168],[-58.12305,-32.32187],[-58.11973,-32.24893],[-58.16479,-32.18486],[-58.177,-32.11904],[-58.15635,-32.05156],[-58.1604,-31.98652],[-58.18901,-31.92422],[-58.16748,-31.87266],[-58.09585,-31.83184],[-58.04233,-31.76924],[-58.00698,-31.68496],[-57.98887,-31.62061],[-57.98799,-31.57617],[-58.00967,-31.53438],[-58.05386,-31.49492],[-58.0334,-31.4166],[-57.94834,-31.29941],[-57.89336,-31.19531],[-57.86841,-31.1044],[-57.87007,-31.03105],[-57.89829,-30.97519],[-57.88633,-30.9374],[-57.83408,-30.91748],[-57.8106,-30.85859],[-57.81856,-30.71201],[-57.87251,-30.59102],[-57.8312,-30.49522],[-57.71269,-30.38447],[-57.65088,-30.29502],[-57.64575,-30.22695],[-57.60889,-30.18779]],[[-57.60889,-30.18779],[-57.5523,-30.26123],[-57.38384,-30.28066],[-57.21445,-30.2834],[-57.18691,-30.26484],[-57.12051,-30.14443],[-57.03272,-30.10996],[-56.93726,-30.10107],[-56.83272,-30.10723],[-56.72168,-30.18691],[-56.40723,-30.44746],[-56.17617,-30.62842],[-56.10586,-30.71377],[-56.04482,-30.77764],[-55.99898,-30.83721],[-56.01846,-30.99189],[-56.01553,-31.05967],[-56.00469,-31.0792],[-55.952,-31.08086],[-55.87368,-31.06963],[-55.80776,-31.03672],[-55.75635,-30.98711],[-55.70596,-30.94658],[-55.66523,-30.9249],[-55.65049,-30.89209],[-55.62715,-30.8581],[-55.60303,-30.85078],[-55.55732,-30.87598],[-55.44956,-30.96445],[-55.36606,-31.04619],[-55.34551,-31.09297],[-55.31328,-31.1417],[-55.27896,-31.18418],[-55.25464,-31.22559],[-55.17354,-31.27959],[-55.09116,-31.31396],[-55.03603,-31.279],[-54.896,-31.39121],[-54.58765,-31.48516],[-54.53091,-31.54199],[-54.47769,-31.62275],[-54.36992,-31.74502],[-54.22056,-31.85518],[-54.10044,-31.90156],[-53.98516,-31.92813],[-53.92061,-31.95234],[-53.87651,-31.99453],[-53.8061,-32.03994],[-53.76172,-32.05684],[-53.74658,-32.09746],[-53.70112,-32.18633],[-53.65361,-32.29873],[-53.60171,-32.40303],[-53.4894,-32.50322],[-53.36274,-32.58115],[-53.23125,-32.62539],[-53.15727,-32.68008],[-53.12559,-32.73672],[-53.21406,-32.82109],[-53.31011,-32.92705],[-53.39522,-33.01035],[-53.48286,-33.06856],[-53.51187,-33.10869],[-53.53135,-33.1709],[-53.53037,-33.50029],[-53.53765,-33.62285],[-53.53135,-33.65547],[-53.51885,-33.67725],[-53.46357,-33.70986],[-53.39756,-33.7373],[-53.3706,-33.74219]],[[-141.00215,69.65078],[-141.00215,69.35859],[-141.00215,69.06636],[-141.00215,68.77417],[-141.00215,68.48198],[-141.00215,68.18975],[-141.00215,67.89756],[-141.00215,67.60537],[-141.00215,67.31314],[-141.00215,67.02095],[-141.00215,66.72876],[-141.00215,66.43652],[-141.00215,66.14434],[-141.00215,65.85215],[-141.00215,65.55991],[-141.00215,65.26772],[-141.00215,64.97554],[-141.00215,64.6833],[-141.00215,64.39111],[-141.00215,64.09888],[-141.00215,63.80669],[-141.00215,63.51445],[-141.00215,63.22227],[-141.00215,62.93008],[-141.00215,62.63789],[-141.00215,62.3457],[-141.00215,62.05347],[-141.00215,61.76128],[-141.00215,61.46904],[-141.00215,61.17686],[-141.00215,60.88467],[-141.00215,60.59243],[-141.00215,60.30024],[-140.76274,60.25913],[-140.52544,60.21836],[-140.45283,60.29971],[-140.19692,60.2375],[-139.97329,60.18315],[-139.83066,60.25288],[-139.67632,60.32832],[-139.46797,60.33369],[-139.23477,60.33975],[-139.07925,60.3437],[-139.07925,60.27944],[-139.13696,60.17271],[-139.18516,60.08359],[-139.04346,59.99326],[-138.86875,59.94575],[-138.70547,59.90132],[-138.63227,59.77827],[-138.45361,59.6834],[-138.31763,59.61113],[-138.18745,59.54194],[-138.00112,59.44292],[-137.87056,59.37358],[-137.69663,59.28115],[-137.59331,59.22627],[-137.5437,59.11943],[-137.48418,58.99121],[-137.5209,58.91538],[-137.43857,58.90313],[-137.27754,58.98818],[-137.12622,59.04097],[-136.93931,59.1061],[-136.81328,59.15005],[-136.57876,59.15225],[-136.46675,59.27993],[-136.46636,59.45908],[-136.34785,59.45605],[-136.27798,59.48032],[-136.24712,59.53291],[-136.32183,59.60483],[-136.09717,59.63838],[-135.93467,59.66265],[-135.70259,59.72876],[-135.47593,59.79326],[-135.36787,59.74331],[-135.26079,59.69502],[-135.05103,59.57866],[-135.03667,59.55068],[-135.05083,59.49605],[-135.07129,59.44145],[-134.94375,59.28828],[-134.90723,59.27119],[-134.80239,59.25],[-134.67725,59.19927],[-134.62197,59.15532],[-134.44077,59.08535],[-134.4102,59.05625],[-134.39307,59.00918],[-134.36353,58.96875],[-134.32964,58.9397],[-134.29697,58.89849],[-134.21851,58.8499],[-134.06919,58.79551],[-133.96572,58.75786],[-133.82075,58.70503],[-133.67393,58.59717],[-133.54639,58.50347],[-133.40112,58.41089],[-133.42256,58.33706],[-133.27529,58.22285],[-133.12041,58.07773],[-133.00142,57.94897],[-132.91685,57.877],[-132.81553,57.77271],[-132.6915,57.64512],[-132.55049,57.4999],[-132.44248,57.40674],[-132.30166,57.27632],[-132.23218,57.19853],[-132.27939,57.14536],[-132.33799,57.07944],[-132.15703,57.04819],[-132.03154,57.02656],[-132.06289,56.95337],[-132.1043,56.85679],[-131.9625,56.8187],[-131.86616,56.79282],[-131.88599,56.74214],[-131.8331,56.68481],[-131.82427,56.58999],[-131.65151,56.59609],[-131.5751,56.59883],[-131.47188,56.55674],[-131.33579,56.50122],[-131.19941,56.44922],[-131.08291,56.40483],[-130.93023,56.37861],[-130.7417,56.34082],[-130.64907,56.26367],[-130.4771,56.23057],[-130.41314,56.12251],[-130.2147,56.08281],[-130.09785,56.10928],[-130.05596,56.06523],[-130.0229,56.0145],[-130.01406,55.95054],[-130.0251,55.88823]],[[-130.57534,54.76968],[-130.49326,54.83418],[-130.31255,54.94595],[-130.21406,55.02588]],[[-122.78877,48.99302],[-122.68638,48.99302],[-122.26001,48.99302],[-121.83359,48.99302],[-121.40723,48.99302],[-120.98086,48.99302],[-120.55449,48.99302],[-120.12808,48.99302],[-119.70171,48.99302],[-119.27534,48.99307],[-118.84893,48.99307],[-118.42256,48.99307],[-117.99619,48.99307],[-117.56978,48.99307],[-117.14341,48.99307],[-116.71704,48.99307],[-116.29063,48.99307],[-115.86426,48.99307],[-115.43789,48.99307],[-115.01152,48.99307],[-114.58511,48.99307],[-114.15874,48.99307],[-113.73237,48.99307],[-113.30596,48.99307],[-112.87959,48.99307],[-112.45322,48.99307],[-112.02681,48.99307],[-111.60044,48.99307],[-111.17407,48.99307],[-110.74766,48.99307],[-110.32129,48.99307],[-109.89492,48.99307],[-109.46855,48.99307],[-109.04214,48.99312],[-108.61577,48.99312],[-108.1894,48.99312],[-107.76299,48.99312],[-107.33662,48.99312],[-106.91025,48.99312],[-106.48384,48.99312],[-106.05747,48.99312],[-105.6311,48.99312],[-105.20469,48.99312],[-104.77832,48.99312],[-104.35195,48.99312],[-103.92559,48.99312],[-103.49917,48.99312],[-103.0728,48.99312],[-102.64644,48.99312],[-102.22002,48.99312],[-101.79365,48.99312],[-101.36728,48.99312],[-100.94087,48.99312],[-100.5145,48.99312],[-100.08813,48.99312],[-99.66172,48.99312],[-99.23535,48.99312],[-98.80898,48.99316],[-98.38262,48.99316],[-97.9562,48.99316],[-97.52983,48.99316],[-97.10347,48.99316],[-96.67705,48.99316],[-96.25068,48.99316],[-95.82432,48.99316],[-95.3979,48.99316],[-95.16206,48.99175],[-95.15825,49.20308],[-95.15527,49.36968],[-94.93936,49.34941],[-94.8748,49.31904],[-94.85435,49.30459],[-94.8604,49.25859],[-94.84258,49.11919],[-94.80347,49.00293],[-94.71279,48.86343],[-94.71255,48.86299],[-94.70508,48.8085],[-94.67534,48.77441],[-94.6209,48.74263],[-94.41416,48.7041],[-94.05518,48.65903],[-93.85161,48.60728],[-93.80356,48.54893],[-93.70771,48.52544],[-93.56426,48.53691],[-93.46362,48.56128],[-93.37788,48.61655],[-93.25796,48.62886],[-93.15523,48.62534],[-93.05171,48.61987],[-92.99624,48.61182],[-92.83672,48.56777],[-92.73267,48.53184],[-92.58325,48.46509],[-92.50059,48.43535],[-92.46089,48.36587],[-92.4146,48.27661],[-92.34844,48.27661],[-92.29868,48.32891],[-92.17178,48.33838],[-92.00518,48.30186],[-91.8584,48.19756],[-91.64731,48.10459],[-91.51831,48.0583],[-91.38721,48.05855],[-91.22065,48.10459],[-91.04346,48.1937],[-90.91606,48.20913],[-90.84033,48.20054],[-90.79731,48.13106],[-90.74438,48.10459],[-90.60708,48.1126],[-90.32012,48.09917],[-90.0918,48.11812],[-90.03994,48.07817],[-89.99365,48.01533],[-89.90103,47.99546],[-89.77539,48.01533],[-89.55059,47.9999],[-89.45566,47.99624],[-89.27319,48.01997],[-89.18564,48.04741],[-89.0626,48.0938],[-88.89868,48.15571],[-88.61177,48.26401],[-88.37817,48.30308],[-88.16065,48.22539],[-87.98745,48.15689],[-87.92051,48.13037],[-87.7439,48.06055],[-87.49424,47.96177],[-87.20801,47.84849],[-86.92183,47.73521],[-86.67217,47.63643],[-86.49556,47.5666],[-86.42856,47.54009],[-86.23447,47.46006],[-86.04038,47.38003],[-85.84634,47.3],[-85.65225,47.21997],[-85.4582,47.13994],[-85.26411,47.05996],[-85.07007,46.97993],[-84.87598,46.8999],[-84.82705,46.76685],[-84.77939,46.6373],[-84.66577,46.54326],[-84.56177,46.45737],[-84.50156,46.46187],[-84.44048,46.49815],[-84.40171,46.51562],[-84.33672,46.51851],[-84.19219,46.54956],[-84.14946,46.54277],[-84.1252,46.52725],[-84.12319,46.50293],[-84.12812,46.48359],[-84.15049,46.44477],[-84.11519,46.3708],[-84.10776,46.28862],[-84.08838,46.22651],[-84.0292,46.14702],[-83.97778,46.08491],[-83.91304,46.0729],[-83.76318,46.10908],[-83.66929,46.12275],[-83.61597,46.11685],[-83.52476,46.05869],[-83.48013,46.02373],[-83.46948,45.99468],[-83.59268,45.81714],[-83.39731,45.72905],[-83.1793,45.63276],[-82.91934,45.51797],[-82.7604,45.4477],[-82.55107,45.34736],[-82.51523,45.20439],[-82.48506,45.08374],[-82.44658,44.91553],[-82.40737,44.74394],[-82.36826,44.573],[-82.32681,44.39155],[-82.28125,44.19224],[-82.24077,44.01533],[-82.19658,43.82222],[-82.13784,43.5709],[-82.19038,43.47407],[-82.30478,43.26323],[-82.4082,43.07266],[-82.41724,43.01738],[-82.48833,42.7395],[-82.54531,42.62471],[-82.64512,42.55806],[-82.74419,42.49346],[-82.86777,42.3852],[-83.00371,42.33174],[-83.07314,42.30029],[-83.10952,42.25068],[-83.14966,42.14194],[-83.14194,41.97588],[-83.02998,41.83296],[-82.86621,41.75303],[-82.69004,41.6752],[-82.43906,41.67485],[-82.21333,41.77871],[-81.97417,41.88872],[-81.76094,41.98682],[-81.50732,42.10347],[-81.27764,42.20918],[-81.02822,42.24717],[-80.68262,42.29976],[-80.24756,42.36602],[-80.03574,42.44145],[-79.76201,42.53896],[-79.44624,42.65147],[-79.17373,42.74853],[-79.03672,42.80234],[-78.93926,42.86372],[-78.91509,42.90913],[-78.92085,42.93521],[-78.946,42.96133],[-78.98076,42.98062],[-79.01167,42.99702],[-79.02617,43.01733],[-79.02905,43.06177],[-79.048,43.08731],[-79.06606,43.1061],[-79.05923,43.27808],[-79.08306,43.3314],[-79.17188,43.46655],[-79.00249,43.52715],[-78.84556,43.58335],[-78.72041,43.62495],[-78.45825,43.63149],[-78.21479,43.63066],[-77.87925,43.62954],[-77.59653,43.62861],[-77.2667,43.62749],[-77.07334,43.62685],[-76.81997,43.62881],[-76.69648,43.78481],[-76.58613,43.92432],[-76.4646,44.05762],[-76.24854,44.21411],[-76.18579,44.24224],[-76.15117,44.30396],[-76.02021,44.3626],[-75.87593,44.41699],[-75.81934,44.46802],[-75.79194,44.49707],[-75.40127,44.77227],[-75.17939,44.89937],[-74.99614,44.97012],[-74.85664,45.00391],[-74.76245,44.99907],[-74.70889,45.00386],[-74.66323,45.00391],[-74.43037,45.0042],[-74.01426,45.00469],[-73.59815,45.00518],[-73.18203,45.00561],[-72.76592,45.0061],[-72.34976,45.00659],[-71.93364,45.00708],[-71.51753,45.00757],[-71.41904,45.20034],[-71.3273,45.29009],[-71.20161,45.26035],[-71.13467,45.26284],[-71.06025,45.30913],[-70.9999,45.33726],[-70.96016,45.33311],[-70.92622,45.29072],[-70.898,45.26245],[-70.86504,45.2707],[-70.83682,45.31069],[-70.83779,45.36616],[-70.79917,45.40478],[-70.75332,45.41069],[-70.71094,45.40947],[-70.6898,45.42832],[-70.69214,45.45537],[-70.70742,45.49893],[-70.70225,45.55137],[-70.59639,45.64399],[-70.4666,45.70684],[-70.42109,45.73823],[-70.40786,45.8019],[-70.33345,45.86807],[-70.29624,45.9061],[-70.28716,45.93916],[-70.30644,45.97983],[-70.30449,46.05737],[-70.27891,46.15],[-70.24829,46.25088],[-70.17969,46.34185],[-70.06719,46.44106],[-70.03823,46.57144],[-70.00772,46.70894],[-69.87173,46.84292],[-69.71753,46.99487],[-69.62978,47.08135],[-69.47148,47.23867],[-69.35889,47.35063],[-69.30215,47.402],[-69.24287,47.46299],[-69.14629,47.44477],[-69.0502,47.42661],[-69.06426,47.33814],[-69.04858,47.27363],[-69.00312,47.23643],[-68.93721,47.21123],[-68.8874,47.20283],[-68.82871,47.20332],[-68.66855,47.25347],[-68.48037,47.28579],[-68.3769,47.31616],[-68.35801,47.34453],[-68.31089,47.35449],[-68.2355,47.34595],[-68.09678,47.27485],[-67.93486,47.16763],[-67.80679,47.08281],[-67.80283,46.93574],[-67.80034,46.77988],[-67.7977,46.61563],[-67.7958,46.49839],[-67.79253,46.3374],[-67.78994,46.20933],[-67.78647,46.04214],[-67.78467,45.95278],[-67.76704,45.927],[-67.77764,45.8918],[-67.78227,45.87417],[-67.78115,45.86016],[-67.77412,45.84253],[-67.77529,45.81787],[-67.7917,45.79556],[-67.7999,45.76978],[-67.80225,45.72754],[-67.78467,45.70171],[-67.75532,45.68648],[-67.73066,45.68648],[-67.69898,45.67119],[-67.65791,45.64419],[-67.59575,45.62075],[-67.5312,45.61255],[-67.48662,45.61841],[-67.43267,45.60312],[-67.41387,45.56558],[-67.42441,45.53042],[-67.45493,45.51396],[-67.48779,45.50102],[-67.49365,45.47407],[-67.47725,45.4459],[-67.45376,45.42124],[-67.42793,45.37793],[-67.43852,45.34038],[-67.46196,45.30869],[-67.47256,45.27588],[-67.45259,45.24766],[-67.39981,45.21016],[-67.36694,45.17378],[-67.31528,45.15381],[-67.29067,45.16792],[-67.2707,45.18672],[-67.24961,45.20078],[-67.21323,45.19253],[-67.171,45.18198],[-67.12485,45.16943]],[[-117.12827,32.53335],[-116.84209,32.55479],[-116.55596,32.57622],[-116.26982,32.59761],[-115.98369,32.61904],[-115.69751,32.64048],[-115.41138,32.66186],[-115.1252,32.6833],[-114.83906,32.70474],[-114.72476,32.71533],[-114.78799,32.56479],[-114.83594,32.5083],[-114.36172,32.3603],[-113.88745,32.21231],[-113.41318,32.06431],[-112.93896,31.91626],[-112.46475,31.76826],[-111.99048,31.62022],[-111.51621,31.47227],[-111.04199,31.32422],[-110.68852,31.32485],[-110.33511,31.32554],[-109.98164,31.32617],[-109.62822,31.32681],[-109.27476,31.32744],[-108.92134,31.32812],[-108.56787,31.32881],[-108.21445,31.32944],[-108.21382,31.44189],[-108.21318,31.55439],[-108.2125,31.66685],[-108.21182,31.77935],[-107.99204,31.77817],[-107.77222,31.77705],[-107.55234,31.77588],[-107.33252,31.77476],[-107.1127,31.77363],[-106.89287,31.77246],[-106.67305,31.77134],[-106.45322,31.77017],[-106.44541,31.76841],[-106.43604,31.76445],[-106.34697,31.679],[-106.25571,31.54468],[-106.14805,31.45093],[-106.02407,31.39775],[-105.8127,31.24102],[-105.51401,30.98076],[-105.27583,30.80728],[-105.09815,30.72056],[-104.97881,30.64595],[-104.91787,30.58335],[-104.83589,30.44766],[-104.68135,30.13437],[-104.68135,29.99053],[-104.62222,29.8543],[-104.504,29.67769],[-104.40063,29.57373],[-104.31221,29.54243],[-104.21553,29.47988],[-104.1106,29.38613],[-103.98975,29.32315],[-103.85293,29.29106],[-103.66397,29.20688],[-103.42295,29.0707],[-103.25772,29.00112],[-103.16831,28.99819],[-103.08999,29.0419],[-103.02285,29.13223],[-102.95684,29.19038],[-102.89199,29.21641],[-102.86567,29.25801],[-102.87783,29.31533],[-102.83398,29.44394],[-102.73418,29.64394],[-102.61494,29.75234],[-102.47627,29.76909],[-102.38564,29.80664],[-102.34307,29.86499],[-102.26895,29.87119],[-102.16309,29.82524],[-101.99092,29.7957],[-101.75234,29.78247],[-101.61162,29.78696],[-101.5687,29.80923],[-101.54639,29.80806],[-101.54463,29.78355],[-101.50928,29.77314],[-101.44038,29.77686],[-101.38037,29.74258],[-101.30352,29.63408],[-101.03897,29.4604],[-101.03862,29.4603],[-101.01631,29.40068],[-100.92412,29.3147],[-100.75459,29.18252],[-100.65864,29.06855],[-100.63633,28.9728],[-100.54971,28.82134],[-100.39893,28.61421],[-100.33174,28.50254],[-100.34815,28.48643],[-100.33628,28.42813],[-100.29605,28.32769],[-100.22129,28.24263],[-100.11196,28.17295],[-100.00142,28.04785],[-99.88965,27.86728],[-99.75425,27.72993],[-99.59531,27.63589],[-99.50532,27.54834],[-99.48428,27.46738],[-99.48584,27.39805],[-99.51006,27.34033],[-99.4998,27.2855],[-99.45513,27.23369],[-99.44023,27.17012],[-99.45771,27.08169],[-99.45654,27.05669],[-99.45649,27.05664],[-99.44356,27.03667],[-99.30244,26.88472],[-99.22993,26.76191],[-99.17236,26.56592],[-99.17207,26.56416],[-99.10776,26.44692],[-99.01528,26.39898],[-98.87319,26.38125],[-98.76523,26.34043],[-98.69141,26.27647],[-98.59829,26.23784],[-98.48589,26.22456],[-98.37812,26.18237],[-98.27505,26.11118],[-98.08281,26.06445],[-97.80142,26.04204],[-97.58726,25.98418],[-97.44028,25.89082],[-97.37564,25.87183],[-97.35815,25.87051],[-97.34976,25.88477],[-97.33867,25.91118],[-97.28179,25.9416],[-97.14624,25.96148]],[[-7.21865,55.09199],[-7.3769,55.02769],[-7.40142,55.00332],[-7.446,54.90513],[-7.45127,54.8771],[-7.5022,54.82544],[-7.55039,54.76797],[-7.60644,54.7457],[-7.68999,54.72803],[-7.7375,54.71045],[-7.79727,54.71929],[-7.87295,54.71787],[-7.9106,54.69834],[-7.90874,54.68335],[-7.88613,54.66606],[-7.81982,54.6397],[-7.74629,54.61582],[-7.75439,54.59492],[-7.7938,54.57124],[-8.04434,54.51245],[-8.11895,54.47695],[-8.14482,54.45352],[-8.11826,54.41426],[-7.91846,54.29658],[-7.88447,54.28379],[-7.85493,54.21528],[-7.67876,54.18667],[-7.60654,54.14385],[-7.54443,54.13359],[-7.40942,54.1373],[-7.35518,54.12124],[-7.32451,54.13345],[-7.30674,54.15601],[-7.19307,54.21411],[-7.15547,54.2395],[-7.17808,54.2749],[-7.20259,54.30181],[-7.1335,54.35537],[-7.04971,54.40825],[-7.00772,54.40669],[-6.93613,54.37432],[-6.87725,54.3291],[-6.86924,54.29404],[-6.85835,54.26865],[-6.80259,54.21435],[-6.7666,54.19561],[-6.66953,54.18472],[-6.64687,54.16343],[-6.66421,54.08477],[-6.6498,54.05864],[-6.54814,54.05727],[-6.44028,54.06362],[-6.40259,54.06065],[-6.36367,54.0771],[-6.30366,54.09487],[-6.21802,54.08872]],[[55.18584,22.7041],[55.19404,22.85],[55.19219,22.92295],[55.1999,23.03477],[55.27022,23.18994],[55.35322,23.38745],[55.41387,23.51875],[55.46631,23.63291],[55.5085,23.72461],[55.53164,23.81904],[55.51934,23.8855],[55.4918,23.90967],[55.46846,23.94111],[55.54785,23.99136],[55.69658,24.02412],[55.7791,24.01709],[55.89414,24.04141],[55.98516,24.06338],[55.99219,24.09297],[55.96631,24.14263],[55.92861,24.21514],[55.79971,24.22266],[55.76084,24.24268],[55.80566,24.3498],[55.804,24.38355],[55.78682,24.42354],[55.76816,24.49063],[55.77754,24.57734],[55.80391,24.63623],[55.8042,24.68359],[55.7916,24.7813],[55.7957,24.86811],[55.82285,24.91128],[55.8707,24.95142],[55.91582,24.97178],[55.96309,24.97026],[56.00059,24.95322],[56.0167,24.90771],[56.00635,24.87642],[55.97969,24.87207],[55.97031,24.85894],[56.0084,24.79824],[56.06387,24.73877],[56.10654,24.74868],[56.15449,24.79551],[56.20469,24.8333],[56.26787,24.8667],[56.31357,24.9313],[56.35293,24.97329],[56.38799,24.9792]],[[56.08047,26.06265],[56.1165,26.06816],[56.16748,26.04746],[56.17256,25.94517],[56.1541,25.84849],[56.15195,25.74609],[56.14463,25.69053],[56.18359,25.64492],[56.24951,25.62539],[56.27852,25.62773],[56.29785,25.65068]],[[56.21055,25.21328],[56.2165,25.2667],[56.23428,25.30381],[56.27734,25.30088],[56.28779,25.27861],[56.28184,25.23555],[56.24023,25.20884],[56.21055,25.21328]],[[51.56836,24.28618],[51.56836,24.25791],[51.57217,24.12832],[51.59258,24.07886],[51.6293,24.03501],[51.68438,23.96953],[51.73936,23.904],[51.79434,23.83848],[51.84941,23.773],[51.9044,23.70752],[51.95947,23.64199],[52.01445,23.57646],[52.06943,23.51099],[52.12451,23.44546],[52.17949,23.37998],[52.23457,23.31445],[52.28955,23.24898],[52.34453,23.1835],[52.39961,23.11797],[52.45459,23.05244],[52.50957,22.98696],[52.55508,22.93281],[52.63916,22.92251],[52.66592,22.91929],[52.7416,22.91001],[52.85928,22.8956],[53.01191,22.877],[53.19238,22.85493],[53.39404,22.83032],[53.60957,22.804],[53.83213,22.77681],[54.05459,22.74966],[54.27012,22.72334],[54.47168,22.69873],[54.65225,22.67666],[54.80488,22.65801],[54.92246,22.64365],[54.99824,22.63437],[55.025,22.63115],[55.1043,22.62148],[55.11943,22.62393],[55.18584,22.7041]],[[31.76338,52.10107],[31.78242,52.09941],[31.87559,52.0709],[31.97383,52.04663],[32.0416,52.04502],[32.12227,52.05059],[32.2168,52.08296],[32.28281,52.11401],[32.36299,52.27212],[32.39131,52.29482],[32.43545,52.30723],[32.50791,52.30855],[32.64541,52.2791],[32.80644,52.25264],[32.89971,52.25635],[33.14844,52.34043],[33.28711,52.35356],[33.45186,52.33379],[33.61338,52.33262],[33.73525,52.34477],[33.81885,52.31562],[33.92207,52.25147],[34.01533,52.15596],[34.11309,51.97964],[34.39785,51.78042],[34.40273,51.7415],[34.3793,51.7165],[34.23916,51.69224],[34.12109,51.67915],[34.11543,51.64497],[34.14678,51.60796],[34.20088,51.55381],[34.20928,51.48408],[34.20654,51.41992],[34.22988,51.36323],[34.275,51.34019],[34.28066,51.31167],[34.22842,51.27685],[34.21387,51.25537],[34.23418,51.2438],[34.49102,51.23706],[34.6168,51.20312],[34.71231,51.17222],[34.76035,51.16934],[34.86856,51.18921],[34.99023,51.20176],[35.06406,51.20342],[35.09258,51.18066],[35.11533,51.12085],[35.1581,51.06099],[35.19805,51.0439],[35.26914,51.04678],[35.31191,51.0439],[35.33477,51.02114],[35.30908,50.98691],[35.31475,50.9499],[35.34609,50.9043],[35.3832,50.79893],[35.41738,50.76758],[35.44014,50.72769],[35.44014,50.68208],[35.41162,50.64224],[35.3917,50.61094],[35.41162,50.5397],[35.48848,50.45991],[35.54551,50.43999],[35.59111,50.36875],[35.67373,50.346],[35.79619,50.40576],[35.89023,50.43711],[36.00781,50.41968],[36.11641,50.40854],[36.18945,50.36782],[36.24336,50.31177],[36.30606,50.28047],[36.36885,50.29683],[36.49981,50.28047],[36.55967,50.23486],[36.61943,50.20923],[36.69639,50.24624],[36.75908,50.29185],[36.98848,50.33955],[37.13125,50.35151],[37.17109,50.36089],[37.25488,50.39497],[37.34316,50.41763],[37.42285,50.41148],[37.50137,50.34072],[37.58232,50.29185],[37.60508,50.21494],[37.7042,50.10908],[37.95029,49.96421],[38.04688,49.92002],[38.1125,49.92783],[38.14678,49.9394],[38.16269,49.95454],[38.17754,50.02539],[38.20869,50.05147],[38.25859,50.05234],[38.45117,49.96406],[38.55195,49.95459],[38.64775,49.95288],[38.77666,49.88433],[38.91836,49.82471],[39.02773,49.81841],[39.11494,49.84175],[39.1748,49.85596],[39.21182,49.8332],[39.246,49.78193],[39.30293,49.74204],[39.36846,49.73066],[39.46279,49.72803],[39.62656,49.65068],[39.78057,49.57202],[39.87685,49.56768],[39.9585,49.59077],[40.03066,49.59673],[40.08066,49.57686],[40.09492,49.54268],[40.05781,49.49707],[40.05781,49.43154],[40.12617,49.36885],[40.12832,49.30723],[40.10879,49.25156],[40.07002,49.20029],[39.97637,49.12983],[39.88975,49.06406],[39.75947,49.03657],[39.68652,49.00791],[39.70566,48.95957],[39.75332,48.91445],[39.86377,48.87798],[39.98916,48.85142],[40.00361,48.82207],[39.98447,48.80737],[39.9041,48.79375],[39.79287,48.80772],[39.75586,48.78208],[39.70459,48.73936],[39.67041,48.66245],[39.64473,48.59121],[39.76543,48.57187],[39.83564,48.54277],[39.85752,48.48423],[39.88262,48.41909],[39.88984,48.36045],[39.8499,48.33193],[39.84746,48.30278],[39.86631,48.28843],[39.91816,48.28193],[39.95791,48.2689],[39.96104,48.23794],[39.88506,48.16836],[39.81397,48.0353],[39.77578,47.96445],[39.77871,47.88755],[39.73594,47.84482],[39.6585,47.84121],[39.39102,47.83374],[39.1585,47.8374],[39.05781,47.84849],[38.90029,47.85513],[38.82227,47.83701],[38.71894,47.71411],[38.64062,47.66592],[38.51094,47.62241],[38.36885,47.60996],[38.2874,47.55918],[38.25879,47.47954],[38.25654,47.40894],[38.24326,47.37368],[38.2124,47.34277],[38.20137,47.3208],[38.20801,47.29653],[38.24102,47.28769],[38.28076,47.27666],[38.28076,47.25903],[38.26533,47.23696],[38.22119,47.21274],[38.20137,47.17524],[38.20586,47.1356],[38.21435,47.09146]],[[33.59414,46.09624],[33.65432,46.14622],[33.65996,46.21957],[33.80667,46.20829],[34.02672,46.10672],[34.12828,46.0898],[34.2242,46.10108],[34.35398,46.06159],[34.4499,45.96567],[34.52325,45.97695],[34.68688,45.97695],[34.79408,45.89232],[34.79973,45.79075],[34.94643,45.72869],[35.00167,45.73338]],[[22.87666,47.94727],[22.91289,47.96426],[23.05478,48.00654],[23.09082,48.04912],[23.13945,48.0874],[23.20264,48.08452],[23.4082,47.98999],[23.62871,47.99585],[23.66904,47.99233],[23.68203,47.99038],[23.70898,47.98262],[24.00185,47.93579],[24.04736,47.94102],[24.05977,47.94477],[24.17773,47.90606],[24.28193,47.91118],[24.38096,47.93804],[24.48408,47.94712],[24.57891,47.93106],[24.65098,47.87651],[24.83789,47.76084],[24.89336,47.71777],[24.9791,47.72412],[25.07383,47.7457],[25.16963,47.8231],[25.46426,47.91079],[25.68926,47.93247],[25.90869,47.96758],[26.16269,47.99253],[26.23623,48.06435],[26.27695,48.11323],[26.30566,48.20376],[26.44238,48.22998],[26.57246,48.24849],[26.61895,48.25986]],[[28.2125,45.45044],[28.31768,45.34712],[28.45127,45.29219],[28.76074,45.23413],[28.78828,45.24097],[28.79141,45.2519],[28.76982,45.26689],[28.7666,45.28623],[28.78174,45.30986],[28.82432,45.31108],[28.89434,45.28994],[29.02744,45.32056],[29.22353,45.40293],[29.40371,45.41968],[29.56768,45.3708],[29.65195,45.31392],[29.70586,45.25991]],[[26.61895,48.25986],[26.64043,48.29414],[26.84707,48.38716],[26.90059,48.37192],[27.0085,48.36826],[27.22852,48.37144],[27.33691,48.43272],[27.40381,48.41562],[27.4584,48.44307],[27.54922,48.47773],[27.56221,48.47041],[27.57373,48.46489],[27.71445,48.44951],[27.82002,48.41626],[27.89062,48.36523],[27.96338,48.33355],[28.03848,48.32129],[28.08008,48.2958],[28.08848,48.25703],[28.15879,48.23799],[28.29102,48.23857],[28.34717,48.21304],[28.32695,48.16143],[28.34053,48.14443],[28.3875,48.16211],[28.42305,48.14688],[28.44199,48.10869],[28.46309,48.09053],[28.53047,48.15029],[28.60166,48.14438],[28.77383,48.11958],[28.86582,47.99565],[28.92315,47.95112],[28.97334,47.93301],[29.03691,47.95234],[29.09297,47.97544],[29.12539,47.96455],[29.19482,47.88242],[29.21113,47.775],[29.21074,47.73154],[29.18604,47.65859],[29.15088,47.58086],[29.12295,47.53037],[29.13486,47.4897],[29.15977,47.45566],[29.20059,47.44448],[29.33379,47.37573],[29.3834,47.32803],[29.45566,47.29263],[29.51065,47.29072],[29.53916,47.271],[29.54932,47.24683],[29.5418,47.18555],[29.51094,47.12803],[29.51504,47.09111],[29.56348,47.04751],[29.56865,46.99673],[29.57197,46.96401],[29.59775,46.93882],[29.71973,46.88291],[29.87783,46.82891],[29.91807,46.78242],[29.94248,46.72378],[29.93477,46.625],[29.92432,46.53887],[30.13105,46.4231],[30.10752,46.40156],[30.07568,46.37783],[29.87803,46.36021],[29.83789,46.35054],[29.75195,46.43779],[29.70684,46.44873],[29.66455,46.41675],[29.61494,46.39883],[29.55508,46.40776],[29.49102,46.43467],[29.45879,46.45376],[29.43281,46.45596],[29.39287,46.43691],[29.33955,46.44507],[29.30488,46.4666],[29.25459,46.39263],[29.22383,46.37695],[29.20459,46.37935],[29.20078,46.50498],[29.18623,46.52398],[29.14629,46.5269],[29.0499,46.49702],[28.9584,46.4585],[28.92744,46.42412],[28.93057,46.36226],[28.94375,46.28843],[29.00625,46.17647],[28.97188,46.12764],[28.94775,46.04995],[28.84951,45.97866],[28.73877,45.93716],[28.7293,45.852],[28.66758,45.79385],[28.5623,45.73579],[28.4916,45.66577],[28.50947,45.61782],[28.51377,45.57241],[28.50176,45.54155],[28.49902,45.51772],[28.47139,45.50718],[28.31035,45.49858],[28.26484,45.48389],[28.2125,45.45044]],[[22.13184,48.40532],[22.22715,48.41343],[22.23115,48.41216],[22.25371,48.40737],[22.26943,48.36089],[22.27217,48.35801],[22.29512,48.32729],[22.3167,48.28662],[22.35019,48.25606],[22.42383,48.24331],[22.52012,48.20537],[22.58242,48.13403],[22.67637,48.10439],[22.68311,48.10361],[22.70156,48.10703],[22.76914,48.10962],[22.78223,48.09522],[22.83623,48.0603],[22.85723,48.02954],[22.84648,47.99707],[22.85606,47.9603],[22.87666,47.94727]],[[22.13184,48.40532],[22.14287,48.56851],[22.29521,48.68584],[22.33262,48.74507],[22.38945,48.87349],[22.43203,48.93355],[22.4832,48.98325],[22.52412,49.0314],[22.53867,49.0727]],[[22.53867,49.0727],[22.57998,49.0772],[22.70127,49.03994],[22.80977,49.02075],[22.83975,49.03892],[22.85205,49.06274],[22.84707,49.08125],[22.76016,49.13623],[22.70566,49.17119],[22.70234,49.19273],[22.72197,49.24097],[22.73242,49.29517],[22.71992,49.35381],[22.66064,49.48369],[22.64941,49.53901],[22.70615,49.6062],[22.89072,49.76626],[22.95225,49.82637],[23.03633,49.89907],[23.26445,50.07285],[23.40859,50.17393],[23.50615,50.22983],[23.64902,50.32705],[23.71172,50.37734],[23.97266,50.41006],[24.00498,50.45703],[24.05264,50.50845],[24.08994,50.53047],[24.09473,50.61704],[24.04629,50.7228],[24.00732,50.76016],[23.97842,50.7856],[23.99707,50.80938],[24.02598,50.81616],[24.06162,50.81953],[24.10576,50.84497],[24.0958,50.87275],[23.98574,50.94043],[23.93809,50.99253],[23.86348,51.12622],[23.71221,51.26514],[23.66445,51.31006],[23.65762,51.35249],[23.67969,51.39492],[23.65889,51.44897],[23.60527,51.51792]],[[23.60527,51.51792],[23.61377,51.52539],[23.60859,51.6105],[23.64668,51.62886],[23.70684,51.64131],[23.7917,51.63711],[23.86426,51.62398],[23.95117,51.58506],[23.97832,51.59131],[24.12685,51.66465],[24.28008,51.77471],[24.32373,51.83843],[24.36191,51.86753],[24.49522,51.88306],[24.61133,51.8895],[24.68516,51.88828],[24.86641,51.89912],[24.97383,51.91113],[25.0667,51.93052],[25.26719,51.93774],[25.58027,51.92476],[25.78574,51.92383],[25.92529,51.91352],[26.26709,51.85503],[26.39434,51.84443],[26.45342,51.81343],[26.56689,51.8019],[26.77344,51.7707],[26.95283,51.754],[27.07412,51.76084],[27.14199,51.75205],[27.27012,51.61357],[27.29629,51.59741],[27.34766,51.59414],[27.45234,51.6061],[27.60137,51.60161],[27.68975,51.57241],[27.67676,51.48994],[27.7,51.47798],[27.74131,51.48257],[27.78887,51.52915],[27.82881,51.57744],[27.85859,51.59238],[28.01074,51.55977],[28.08027,51.56504],[28.14443,51.60166],[28.18379,51.60786],[28.2916,51.58184],[28.42461,51.56362],[28.53203,51.56245],[28.59902,51.54263],[28.64775,51.45654],[28.69023,51.43887],[28.73125,51.4334],[28.79326,51.51035],[28.84951,51.54019],[28.92754,51.56216],[28.97773,51.57178],[29.01309,51.59893],[29.06074,51.62544],[29.10205,51.62754],[29.13565,51.61729],[29.17422,51.58062],[29.23047,51.49702],[29.29883,51.41304],[29.34648,51.38257],[29.46963,51.40835],[29.55313,51.43457],[29.70605,51.43955],[29.90879,51.45801],[30.06377,51.48203],[30.16074,51.47788],[30.21953,51.45122],[30.30898,51.39961],[30.3334,51.32554],[30.44951,51.27432],[30.54453,51.26504],[30.57695,51.31836],[30.63252,51.35542],[30.61172,51.40635],[30.60234,51.47124],[30.56074,51.53149],[30.53301,51.59634],[30.58389,51.68897],[30.63945,51.77007],[30.66728,51.81411],[30.75527,51.89517],[30.8457,51.95308],[30.98066,52.04619],[31.0793,52.07695],[31.16846,52.06294],[31.21797,52.05024],[31.346,52.10537],[31.57373,52.10811],[31.76338,52.10107]],[[30.50996,-1.06729],[30.51992,-1.0625],[30.59873,-1.06973],[30.67275,-1.05137],[30.74199,-1.00752],[30.80918,-0.99492],[30.82363,-0.99902],[30.84473,-1.00205],[30.94971,-1.00205],[31.12754,-1.00205],[31.30527,-1.00205],[31.4831,-1.00205],[31.66084,-1.00205],[31.83857,-1.00205],[32.01641,-1.00205],[32.19414,-1.00205],[32.37188,-1.00205],[32.54971,-1.00205],[32.72744,-1.00205],[32.90518,-1.00205],[33.08301,-1.00205],[33.26074,-1.00205],[33.43848,-1.00205],[33.61631,-1.00205],[33.79404,-1.00205],[33.90322,-1.00205]],[[29.57695,-1.38789],[29.60967,-1.38711],[29.82539,-1.33555],[29.84688,-1.35166],[29.88164,-1.45176],[29.9,-1.46631],[29.93008,-1.46992],[29.99053,-1.44697],[30.10156,-1.36865],[30.15,-1.32109],[30.20703,-1.2542],[30.27988,-1.17881],[30.32051,-1.11309],[30.36025,-1.07461],[30.4123,-1.06309],[30.46992,-1.06602],[30.50996,-1.06729]],[[29.57695,-1.38789],[29.57998,-1.35674],[29.56406,-1.12139],[29.56191,-0.97734],[29.59004,-0.88711],[29.60645,-0.78311],[29.6082,-0.69131],[29.64785,-0.53525],[29.6332,-0.4417],[29.68437,-0.11357],[29.69785,-0.06021],[29.71768,0.09834],[29.74971,0.14722],[29.77783,0.16636],[29.81465,0.26362],[29.88545,0.41895],[29.93447,0.49902],[29.92383,0.67393],[29.93164,0.79287],[29.94287,0.81924],[30.04736,0.86352],[30.18291,0.97349],[30.24014,1.10278],[30.32109,1.1853],[30.47783,1.23882],[30.47812,1.23906],[30.94258,1.68281],[31.15879,1.92202],[31.25273,2.04458],[31.25605,2.08848],[31.27402,2.14629],[31.23633,2.19136],[31.19141,2.23228],[31.17637,2.27007],[31.1376,2.28887],[31.08213,2.28809],[31.04531,2.31553],[31.00361,2.36938],[30.96191,2.40327],[30.83008,2.40044],[30.72861,2.45537],[30.72988,2.53027],[30.76953,2.67798],[30.84668,2.84702],[30.85078,2.89365],[30.83994,2.9335],[30.82139,2.96758],[30.78652,3.00137],[30.754,3.0418],[30.7793,3.16338],[30.82783,3.28262],[30.86758,3.34214],[30.90645,3.40894],[30.89531,3.46367],[30.83857,3.49072]],[[30.83857,3.49072],[30.86816,3.54414],[30.92939,3.63408],[31.04805,3.725],[31.15234,3.7856],[31.22197,3.78594],[31.35742,3.7376],[31.47998,3.68047],[31.54717,3.67759],[31.62891,3.70146],[31.79805,3.80264],[31.83867,3.77046],[31.88828,3.70908],[31.9418,3.60757],[32.04824,3.56118],[32.09941,3.5292],[32.13594,3.51973],[32.15625,3.52803],[32.19668,3.60781],[32.24551,3.65132],[32.33574,3.7062],[32.53477,3.74995],[32.67695,3.76318],[32.73711,3.77271],[32.83809,3.79849],[32.99727,3.88018],[33.1541,3.77471],[33.32432,3.75435],[33.48936,3.75508],[33.53955,3.78711],[33.56846,3.81172],[33.7416,3.98525],[33.97607,4.22021]],[[33.90322,-1.00205],[33.9,-0.83164],[33.92441,-0.39785],[33.92148,-0.01699],[33.94316,0.17378],[34.03721,0.29453],[34.08057,0.38247],[34.11172,0.50513],[34.16094,0.60518],[34.27256,0.68643],[34.29258,0.73125],[34.41084,0.86728],[34.48174,1.04214],[34.53525,1.10156],[34.60195,1.15644],[34.64912,1.1853],[34.72676,1.21426],[34.7876,1.23071],[34.79863,1.24453],[34.80381,1.27285],[34.78359,1.38115],[34.80957,1.4167],[34.85098,1.48901],[34.89834,1.55649],[34.94121,1.59927],[34.96523,1.64336],[34.97646,1.71963],[34.97822,1.77363],[34.97754,1.86191],[34.96406,2.0624],[34.91396,2.23018],[34.88301,2.41792],[34.90576,2.47969],[34.86621,2.5897],[34.84668,2.59575],[34.81445,2.61982],[34.77344,2.72344],[34.74248,2.81812],[34.72324,2.84194],[34.58916,2.92476],[34.52256,3.11997],[34.44785,3.16348],[34.40723,3.35752],[34.39941,3.41269],[34.4418,3.60625],[34.43769,3.65059],[34.39287,3.6915],[34.26709,3.73315],[34.16504,3.81299],[34.17822,3.84087],[34.18574,3.86978],[34.13203,3.88916],[33.97607,4.22021]],[[61.26201,35.61958],[61.34473,35.62949],[61.37773,35.59311],[61.42178,35.5458],[61.54277,35.45786],[61.621,35.43232],[61.71973,35.41943],[61.84102,35.43149],[61.93809,35.4479],[61.98389,35.4437],[62.08965,35.37969],[62.21309,35.28994],[62.25283,35.25024],[62.27119,35.18911],[62.30781,35.1708],[62.38662,35.23125],[62.46289,35.25137],[62.5331,35.23989],[62.61055,35.23315],[62.68809,35.25532],[62.72266,35.27134],[62.85801,35.34966],[62.98027,35.40918],[63.05664,35.4458],[63.08418,35.56807],[63.11934,35.63755],[63.16973,35.67813],[63.15078,35.72827],[63.12998,35.76675],[63.10859,35.8187],[63.12998,35.84619],[63.17891,35.85845],[63.30166,35.8584],[63.51699,35.91313],[63.69658,35.96782],[63.8625,36.01235],[63.93809,36.01973],[64.00967,36.01211],[64.04238,36.0251],[64.05137,36.06763],[64.09219,36.1127],[64.18438,36.14893],[64.35801,36.22607],[64.51104,36.34067],[64.56582,36.42759],[64.60254,36.55454],[64.67432,36.75019],[64.75312,36.9648],[64.78242,37.05928],[64.81631,37.13208],[64.95156,37.19356],[65.08965,37.23794],[65.30361,37.24678],[65.55498,37.25117],[65.60801,37.36841],[65.64121,37.46782],[65.68301,37.51914],[65.74385,37.56084],[65.76504,37.56914],[65.90068,37.50811],[66.1084,37.41475],[66.35029,37.36816],[66.47187,37.34473],[66.52227,37.34849]],[[53.91416,37.34356],[54.1916,37.33247],[54.2998,37.35361],[54.45869,37.40757],[54.57891,37.44023],[54.63965,37.44473],[54.69941,37.47017],[54.74522,37.5019],[54.84863,37.72266],[54.9001,37.77793],[55.07559,37.90249],[55.22471,37.98135],[55.38086,38.05112],[55.57842,38.09976],[55.84131,38.09463],[56.05029,38.07754],[56.17119,38.07837],[56.22881,38.07339],[56.27207,38.08042],[56.29697,38.09482],[56.32412,38.19111],[56.36689,38.22251],[56.44062,38.24941],[56.54404,38.24961],[56.66992,38.25664],[56.77461,38.25005],[56.90664,38.21304],[57.079,38.20996],[57.19356,38.21641],[57.26016,38.17959],[57.3081,38.13037],[57.33145,38.08931],[57.33672,38.03291],[57.33574,37.98994],[57.35371,37.97334],[57.42383,37.9477],[57.521,37.92847],[57.71055,37.90527],[57.88818,37.86084],[57.98057,37.83047],[58.10879,37.78306],[58.26162,37.66582],[58.31816,37.64722],[58.38672,37.63535],[58.43574,37.63853],[58.55049,37.68818],[58.65019,37.65156],[58.70078,37.65625],[58.81543,37.6835],[58.93721,37.64966],[59.24082,37.52075],[59.27412,37.52373],[59.30176,37.51064],[59.32695,37.48115],[59.34473,37.44473],[59.36738,37.33374],[59.45498,37.25283],[59.56221,37.17891],[59.68721,37.13848],[59.94863,37.0416],[60.06279,36.96289],[60.17832,36.82944],[60.3207,36.65356],[60.34131,36.63765],[60.70791,36.64297],[61.11963,36.64258],[61.16992,36.57227],[61.16035,36.43272],[61.1751,36.2897],[61.21201,36.19053],[61.2124,36.09912],[61.18262,36.05283],[61.15947,35.9999],[61.15293,35.97676],[61.20586,35.9437],[61.25215,35.86763],[61.25869,35.76182],[61.23555,35.70557],[61.23887,35.65928],[61.26201,35.61958]],[[52.49385,41.78037],[52.69687,41.94438],[52.87051,42.0606],[53.0125,42.13071],[53.05586,42.14775],[53.2501,42.20586],[53.50078,42.25825],[53.68535,42.29688],[53.92637,42.32979],[54.00518,42.33589],[54.121,42.33521],[54.21494,42.3042],[54.27188,42.27998],[54.47285,42.18018],[54.67793,42.07822],[54.85381,41.96519],[54.90371,41.91909],[54.93164,41.86401],[54.95234,41.81001],[55.10186,41.63872],[55.16231,41.56025],[55.24961,41.45811],[55.31973,41.4084],[55.38838,41.34692],[55.43438,41.29629],[55.48701,41.27227],[55.54521,41.26274],[55.67861,41.27881],[55.83906,41.31079],[55.93496,41.32412],[55.97744,41.32222]],[[41.51006,41.51748],[41.57656,41.49731],[41.70176,41.47158],[41.7794,41.44053],[41.82353,41.43237],[41.92578,41.49565],[42.07773,41.49409],[42.21113,41.48672],[42.27998,41.475],[42.36436,41.454],[42.46641,41.43984],[42.50791,41.47007],[42.56738,41.55928],[42.59043,41.5707],[42.60684,41.57881],[42.68242,41.58574],[42.7541,41.57891],[42.78789,41.56372],[42.82168,41.49238],[42.90674,41.46685],[43.05713,41.35283],[43.14902,41.30713],[43.17129,41.28794],[43.14102,41.26484],[43.15283,41.23643],[43.20547,41.19917],[43.2793,41.18521],[43.35898,41.19014],[43.40234,41.17656],[43.4334,41.15552],[43.4416,41.12598],[43.43945,41.10713]],[[43.43945,41.10713],[43.45527,41.0647],[43.51748,41.00483],[43.5917,40.96821],[43.63164,40.929],[43.69648,40.79414],[43.72266,40.71953],[43.71289,40.64775],[43.66787,40.57407],[43.56934,40.48237],[43.59375,40.44404],[43.61582,40.39331],[43.6084,40.35659],[43.67813,40.23931],[43.70986,40.1665],[43.6833,40.14966],[43.66621,40.12637],[43.7917,40.07026],[43.94199,40.02314],[44.00537,40.01411],[44.17803,40.03574],[44.28926,40.04038],[44.39961,39.99575],[44.56045,39.8876],[44.73379,39.74648],[44.76826,39.70352]],[[44.76826,39.70352],[44.7834,39.68467],[44.81719,39.65044]],[[44.76514,37.14243],[44.7667,37.15635],[44.7583,37.21709],[44.79678,37.26978],[44.79414,37.29038],[44.71514,37.35713],[44.6041,37.42373],[44.57402,37.4354],[44.57314,37.5064],[44.57715,37.56021],[44.56719,37.60864],[44.54609,37.63633],[44.54531,37.65815],[44.58994,37.71035],[44.56123,37.74463],[44.39775,37.82925],[44.33623,37.87178],[44.22295,37.88018],[44.21133,37.90806],[44.22891,37.96719],[44.26797,38.03882],[44.32939,38.10928],[44.34893,38.14648],[44.37275,38.20972],[44.38086,38.25459],[44.44961,38.31777],[44.4499,38.33423],[44.43086,38.35679],[44.37578,38.36958],[44.31963,38.37471],[44.29854,38.38628],[44.29082,38.42012],[44.29785,38.55781],[44.28018,38.64067],[44.25703,38.70063],[44.27168,38.83604],[44.23242,38.86323],[44.1708,38.93438],[44.14453,38.99439],[44.15879,39.01675],[44.17188,39.05625],[44.18057,39.10806],[44.17803,39.14482],[44.12129,39.18062],[44.0791,39.21831],[44.07432,39.25996],[44.05752,39.31084],[44.03379,39.35102],[44.02324,39.37744],[44.04395,39.39297],[44.12402,39.40523],[44.24043,39.39678],[44.33545,39.39605],[44.38936,39.42212],[44.45596,39.66675],[44.5167,39.73125],[44.58711,39.76855],[44.725,39.68174],[44.78213,39.65107],[44.81719,39.65044]],[[42.35898,37.10859],[42.45586,37.12871],[42.63545,37.24927],[42.74111,37.36191],[42.77461,37.37188],[42.86914,37.33491],[42.93662,37.32476],[43.09248,37.36738],[43.18516,37.34487],[43.26309,37.3165],[43.30674,37.31465],[43.51582,37.24453],[43.56797,37.23584],[43.67578,37.22725],[43.83643,37.22353],[43.94004,37.26929],[44.01318,37.31352],[44.06465,37.31245],[44.11445,37.30186],[44.15625,37.28296],[44.1918,37.24985],[44.2084,37.20264],[44.20166,37.05181],[44.21748,37.01187],[44.2457,36.9833],[44.28184,36.97803],[44.32559,37.01074],[44.40195,37.0585],[44.496,37.11055],[44.56602,37.15825],[44.60596,37.17603],[44.66934,37.17358],[44.73096,37.16528],[44.76514,37.14243]],[[35.89268,35.91655],[35.96758,35.91006],[36.12734,35.83145],[36.15361,35.83389],[36.20195,35.93755],[36.24883,35.9727],[36.34756,36.00352],[36.37539,36.17124],[36.42148,36.20347],[36.47705,36.2207],[36.5624,36.22393],[36.63672,36.23398],[36.64141,36.26353],[36.5375,36.45742],[36.54668,36.50635],[36.59687,36.70137],[36.62842,36.77769],[36.65859,36.80254],[36.77656,36.79268],[36.9418,36.7584],[36.98535,36.70239],[37.06621,36.65264],[37.1874,36.65591],[37.32705,36.64658],[37.43633,36.64331],[37.52354,36.67832],[37.72031,36.7437],[37.81797,36.76558],[37.90664,36.79463],[38.1917,36.90156],[38.30586,36.89336],[38.38398,36.87925],[38.44375,36.86226],[38.57803,36.78911],[38.68887,36.71509],[38.7666,36.69311],[38.90644,36.69468],[39.1084,36.68057],[39.35664,36.68159],[39.50147,36.70225],[39.68652,36.73862],[40.01641,36.82607],[40.45039,37.00889],[40.70566,37.0977],[40.81562,37.10815],[40.95889,37.10918],[41.10215,37.08589],[41.26465,37.06934],[41.33955,37.0708],[41.51553,37.08916],[41.74356,37.12612],[41.88682,37.1564],[42.05986,37.20605],[42.16787,37.28862],[42.20273,37.29727],[42.24756,37.28223],[42.26855,37.27656],[42.31289,37.22959],[42.35898,37.10859]],[[26.03897,40.72676],[26.06973,40.74028],[26.10918,40.74966],[26.17891,40.82651],[26.24121,40.8832],[26.33105,40.95449],[26.3541,40.99707],[26.3541,41.03677],[26.33262,41.06431],[26.32842,41.09702],[26.32568,41.14326],[26.33066,41.23877],[26.53643,41.34311],[26.60234,41.35415],[26.6249,41.40176],[26.60977,41.51216],[26.58135,41.60127],[26.54453,41.60723],[26.49502,41.63325],[26.4625,41.66338],[26.41055,41.69634],[26.3209,41.71655]],[[26.3209,41.71655],[26.31797,41.74468],[26.32725,41.7728],[26.36035,41.80156],[26.51143,41.82637],[26.5293,41.84668],[26.54971,41.89673],[26.57969,41.94795],[26.61533,41.96489],[26.6792,41.96333],[26.80039,41.97515],[26.88486,41.99185],[26.96875,42.02685],[27.01172,42.05864],[27.19336,42.0771],[27.24434,42.09326],[27.29492,42.07954],[27.36289,42.02505],[27.4748,41.94687],[27.53486,41.9208],[27.57988,41.93291],[27.66113,41.96133],[27.73887,41.96152],[27.80166,41.95654],[27.83193,41.9813],[27.8792,41.98662],[28.01445,41.96904]],[[9.51875,30.2294],[9.63799,30.28232],[9.80742,30.34224],[9.89502,30.38731],[9.93252,30.42534],[10.05977,30.58008],[10.12598,30.66597],[10.21641,30.7832],[10.25605,30.86494],[10.25703,30.94082],[10.24336,31.03213],[10.17266,31.25098],[10.11494,31.46377],[10.15986,31.5458],[10.196,31.58511],[10.27461,31.68496],[10.30606,31.70483],[10.47578,31.73604],[10.54365,31.80254],[10.59551,31.88574],[10.60889,31.92954],[10.68301,31.97539],[10.77158,32.02119],[10.82637,32.08066],[11.00518,32.17271],[11.16826,32.25674],[11.35801,32.34522],[11.50498,32.41367],[11.53594,32.47334],[11.53379,32.52495],[11.45391,32.64258],[11.45391,32.78169],[11.45918,32.89736],[11.46719,32.96572],[11.50244,33.15557],[11.50459,33.18193]],[[8.57656,36.93721],[8.59766,36.88389],[8.60127,36.83394],[8.50674,36.7875],[8.44424,36.76074],[8.36963,36.63252],[8.23076,36.54526],[8.20762,36.51895],[8.20879,36.49512],[8.30273,36.45562],[8.33398,36.41816],[8.34873,36.36797],[8.30674,36.18877],[8.28027,36.05098],[8.2457,35.87056],[8.24707,35.80181],[8.28291,35.71929],[8.31807,35.65493],[8.329,35.58223],[8.31641,35.40313],[8.35986,35.29961],[8.39424,35.20386],[8.31211,35.08462],[8.27685,34.97949],[8.25469,34.82896],[8.2456,34.73408],[8.19277,34.64629],[8.12344,34.56392],[8.04561,34.5127],[7.94941,34.4687],[7.83828,34.4103],[7.74854,34.25449],[7.55449,34.125],[7.51387,34.08052],[7.49561,33.97651],[7.50019,33.83247],[7.53437,33.71792],[7.62754,33.54863],[7.70918,33.3623],[7.73135,33.26851],[7.76269,33.23311],[7.87725,33.17212],[8.07559,33.08906],[8.1125,33.05532],[8.21094,32.92671],[8.3042,32.69629],[8.3334,32.5436],[8.51514,32.42231],[8.68291,32.31045],[8.84404,32.21211],[9.01895,32.10537],[9.04404,32.07236],[9.10234,31.84614],[9.16025,31.62134],[9.22402,31.37368],[9.28789,31.12534],[9.36328,30.83291],[9.40606,30.6668],[9.45801,30.46538],[9.51875,30.2294]],[[0.90049,10.99326],[0.87481,10.88574],[0.82188,10.75259],[0.7875,10.71025],[0.76338,10.38667],[0.77998,10.35957],[0.79219,10.35156],[0.9583,10.24204],[1.17617,10.09839],[1.33008,9.99697],[1.34287,9.96294],[1.34512,9.75019],[1.34707,9.56753],[1.37891,9.46299],[1.38574,9.36167],[1.42432,9.28501],[1.56631,9.13726],[1.6002,9.05005],[1.60381,8.771],[1.60664,8.55928],[1.62461,8.271],[1.62461,8.03022],[1.62461,7.72588],[1.62471,7.36919],[1.62471,6.99731],[1.53096,6.99243],[1.58203,6.877],[1.59082,6.77227],[1.60293,6.73809],[1.57754,6.6874],[1.59854,6.6102],[1.63926,6.58154],[1.74316,6.42627],[1.77793,6.29463],[1.61094,6.25083],[1.62266,6.2168]],[[-0.0686,11.11562],[-0.00474,11.05557],[0.00942,11.021],[-0.01387,10.89136],[-0.0606,10.80059],[-0.09019,10.71553],[-0.08633,10.67305],[-0.05772,10.63062],[0.03945,10.56387],[0.08926,10.5206],[0.14824,10.45478],[0.21602,10.39053],[0.33184,10.30693],[0.38086,10.29185],[0.37861,10.26855],[0.36269,10.23648],[0.35185,9.9249],[0.34307,9.84458],[0.33457,9.80396],[0.32393,9.6876],[0.31172,9.671],[0.28965,9.67231],[0.26953,9.66792],[0.26455,9.64473],[0.27275,9.62095],[0.34258,9.60415],[0.32734,9.58657],[0.27549,9.57061],[0.25156,9.53565],[0.26191,9.4956],[0.2334,9.46353],[0.2415,9.4419],[0.25996,9.42602],[0.28935,9.43184],[0.371,9.48555],[0.40527,9.49146],[0.44756,9.48027],[0.52568,9.39849],[0.529,9.3583],[0.49717,9.22124],[0.46611,9.11533],[0.46035,8.97422],[0.49326,8.89492],[0.48877,8.85146],[0.45312,8.81377],[0.37256,8.75928],[0.37861,8.72202],[0.41533,8.65273],[0.4833,8.57529],[0.61621,8.47964],[0.68633,8.35488],[0.68809,8.30425],[0.64707,8.25347],[0.59922,8.20957],[0.58359,8.1458],[0.60518,7.72822],[0.5,7.54688],[0.49893,7.49512],[0.50957,7.43511],[0.53731,7.39873],[0.59102,7.38882],[0.63477,7.35366],[0.61953,7.22656],[0.59619,7.09663],[0.59248,7.03398],[0.57949,7.0041],[0.53809,6.97969],[0.52305,6.93887],[0.5334,6.88833],[0.52559,6.85093],[0.54805,6.80249],[0.5957,6.74219],[0.67275,6.59253],[0.70225,6.58076],[0.71543,6.54932],[0.70723,6.51875],[0.73691,6.45259],[0.82246,6.38638],[0.91221,6.32856],[0.98496,6.32031],[1.00215,6.26856],[1.0499,6.20264],[1.08447,6.17378],[1.13965,6.15503],[1.18506,6.14502],[1.18721,6.0894]],[[-0.0686,11.11562],[0.15928,11.06963],[0.48418,10.99199],[0.49072,10.97817],[0.49268,10.95498],[0.54912,10.95542],[0.64297,10.98306],[0.90049,10.99326]],[[124.03633,-9.3416],[124.05244,-9.37539],[124.09014,-9.41641],[124.11553,-9.42314],[124.13457,-9.41387],[124.28232,-9.42793],[124.31934,-9.41377],[124.37568,-9.3499],[124.41299,-9.31436],[124.43828,-9.23857],[124.44443,-9.19033]],[[124.92227,-8.94248],[124.91504,-9.03154],[124.93682,-9.05342],[124.97324,-9.06426],[125.10039,-9.004],[125.12441,-9.01543],[125.14902,-9.04258],[125.14941,-9.12295],[125.10049,-9.18984],[124.97754,-9.19492],[124.96016,-9.21377],[124.95859,-9.25469],[124.96826,-9.29424],[124.99697,-9.32598],[125.03359,-9.38184],[125.06816,-9.51191]],[[100.12246,20.31665],[100.11494,20.25767],[100.13975,20.24541],[100.17412,20.27275],[100.21807,20.3396],[100.26602,20.3773],[100.31797,20.38589],[100.37314,20.34038],[100.43154,20.24072],[100.4916,20.18408],[100.51953,20.17793],[100.53994,20.13237],[100.54307,20.08867],[100.51455,19.99634],[100.46621,19.88892],[100.39766,19.7561],[100.42012,19.64448],[100.51357,19.55347],[100.62549,19.49985],[100.74394,19.51475],[100.80684,19.54194],[100.8582,19.58506],[100.90605,19.60537],[100.9665,19.61079],[101.15469,19.5792],[101.21191,19.54834],[101.2208,19.48662],[101.19756,19.32793],[101.22656,19.21152],[101.27988,19.08892],[101.28633,18.97715],[101.22051,18.79277],[101.16553,18.61831],[101.10635,18.53355],[101.06045,18.479],[101.04697,18.44199],[101.05059,18.40703],[101.09277,18.35454],[101.1375,18.28686],[101.14873,18.22217],[101.14395,18.14263],[101.11328,18.03355],[100.99902,17.79717],[100.9085,17.58389],[100.95586,17.54111],[101.0457,17.50996],[101.10518,17.47954],[101.16748,17.49902],[101.29971,17.625],[101.41367,17.71875],[101.55508,17.81235],[101.56367,17.82051],[101.6875,17.8894],[101.74414,17.95269],[101.77481,18.0334],[101.81865,18.06465],[101.87549,18.04644],[101.94746,18.08149],[102.03457,18.16982],[102.10147,18.21064],[102.14824,18.20386],[102.23164,18.14898],[102.35186,18.04595],[102.45879,17.98462],[102.55254,17.96509],[102.59824,17.92676],[102.59609,17.86963],[102.6168,17.83335],[102.66065,17.81797],[102.68008,17.82412],[102.6752,17.85176],[102.71758,17.89224],[102.80742,17.94556],[102.89863,17.9769],[102.99141,17.98623],[103.05137,18.02852],[103.09121,18.13823],[103.14853,18.22173],[103.19971,18.25947],[103.26318,18.27847],[103.27959,18.30498],[103.24893,18.33897],[103.25176,18.37349],[103.28828,18.4084],[103.36699,18.42334],[103.48799,18.41816],[103.62969,18.38257],[103.79229,18.3165],[103.89883,18.29531],[103.94961,18.31899],[104.04873,18.2167],[104.19619,17.98838],[104.32266,17.81582],[104.42812,17.69898],[104.53926,17.60928],[104.65586,17.54673],[104.73965,17.46167],[104.81602,17.30029],[104.75898,17.07715],[104.74356,16.88437],[104.75059,16.64756],[104.81934,16.46606],[104.9499,16.33994],[105.02578,16.23799],[105.04717,16.16025],[105.14873,16.09355],[105.33066,16.03789],[105.40625,15.98745],[105.37559,15.94219],[105.37324,15.8897],[105.39893,15.82988],[105.46201,15.78042],[105.5624,15.74126],[105.62207,15.69995],[105.64102,15.65654],[105.63887,15.58594],[105.61562,15.48828],[105.57373,15.41323],[105.51318,15.36089],[105.50586,15.31963],[105.49043,15.25659],[105.49043,15.12759],[105.5334,15.0416],[105.54668,14.93247],[105.52305,14.84331],[105.5002,14.66123],[105.49736,14.59067],[105.47559,14.53013],[105.42266,14.47163],[105.34219,14.4167],[105.24365,14.36787],[105.1833,14.34624]],[[102.93389,11.70669],[102.91807,11.73208],[102.73662,12.0898],[102.70625,12.25566],[102.7374,12.3834],[102.75566,12.42627],[102.70332,12.49351],[102.62969,12.56992],[102.49961,12.66997],[102.49072,12.82832],[102.46172,13.01504],[102.42266,13.07798],[102.36299,13.19297],[102.33076,13.28823],[102.31973,13.53999],[102.33633,13.5603],[102.42852,13.56758],[102.54688,13.58569],[102.56553,13.62637],[102.54473,13.65996],[102.62041,13.71694],[102.72891,13.84189],[102.81279,13.97246],[102.87324,14.05488],[102.90928,14.13672],[103.03105,14.25254],[103.19941,14.33262],[103.31348,14.35132],[103.43242,14.37861],[103.54639,14.41743],[103.60039,14.42109],[103.74189,14.37417],[103.81836,14.36216],[103.89863,14.36279],[103.98184,14.35791],[104.0543,14.36274],[104.22773,14.39551],[104.41162,14.36958],[104.57578,14.39004],[104.779,14.42783],[104.87881,14.404],[104.96973,14.36611],[104.98242,14.28945],[105.00342,14.25444],[105.03369,14.22739],[105.07412,14.22744],[105.12598,14.28096],[105.16914,14.33608],[105.1833,14.34624]],[[100.11914,6.44199],[100.13799,6.48867],[100.16123,6.6416],[100.17676,6.67183],[100.2166,6.68662],[100.26143,6.68271],[100.34541,6.5499],[100.56387,6.46753],[100.62949,6.448],[100.71563,6.48066],[100.75449,6.46006],[100.79375,6.42617],[100.8165,6.33164],[100.87393,6.24541],[100.98877,6.25767],[101.02939,6.24531],[101.05352,6.24258],[101.07598,6.16606],[101.08652,6.03369],[101.07559,5.95649],[100.99277,5.84619],[100.98164,5.77104],[101.02519,5.72451],[101.08174,5.6749],[101.11396,5.63677],[101.14766,5.64307],[101.19062,5.66875],[101.22979,5.73369],[101.25703,5.78935],[101.4042,5.85166],[101.55606,5.90776],[101.57676,5.902],[101.60137,5.87715],[101.65,5.796],[101.67842,5.77881],[101.71953,5.7706],[101.79072,5.77935],[101.87363,5.82529],[101.91719,5.91138],[101.93613,5.97935],[102.05518,6.09668],[102.06836,6.18467],[102.10107,6.24224]],[[98.70254,10.19038],[98.71846,10.26602],[98.74688,10.35083],[98.76836,10.43086],[98.77539,10.55703],[98.75723,10.62358],[98.75723,10.66094],[98.78691,10.70845],[98.88711,10.78833],[99.02539,10.91997],[99.19014,11.10527],[99.35879,11.38945],[99.44268,11.55439],[99.47793,11.6125],[99.51523,11.63066],[99.57285,11.68716],[99.6125,11.74966],[99.61475,11.7812],[99.52295,12.08965],[99.46289,12.19023],[99.43242,12.30903],[99.41631,12.39482],[99.39424,12.47363],[99.40508,12.5479],[99.37197,12.59424],[99.29736,12.65288],[99.21982,12.73975],[99.17354,12.88193],[99.17354,12.96133],[99.12393,13.03076],[99.10742,13.10352],[99.13711,13.173],[99.17617,13.23306],[99.17168,13.49692],[99.15605,13.57578],[99.13682,13.7167],[99.08623,13.82275],[99.01465,13.94717],[98.93359,14.04985],[98.72119,14.23574],[98.57002,14.35991],[98.49502,14.4729],[98.40019,14.60298],[98.33213,14.69648],[98.246,14.81475],[98.20215,14.97593],[98.17793,15.14741],[98.19102,15.2041],[98.23223,15.24136],[98.28613,15.27158],[98.3294,15.27856],[98.45215,15.35737],[98.53731,15.35068],[98.55693,15.36768],[98.56523,15.40356],[98.55449,15.55977],[98.5582,15.7686],[98.57402,15.93862],[98.59238,16.05068],[98.81797,16.18081],[98.86553,16.23706],[98.88848,16.2981],[98.88828,16.3519],[98.86934,16.39419],[98.83545,16.41758],[98.68926,16.30542],[98.66074,16.33042],[98.59365,16.51479],[98.56475,16.57095],[98.52314,16.63818],[98.47813,16.73223],[98.47119,16.89502],[98.43887,16.97568],[98.25654,17.14766],[98.17461,17.23989],[98.06309,17.37329],[97.9293,17.5333],[97.79297,17.68125],[97.7291,17.77583],[97.70645,17.79712],[97.69854,17.83355],[97.73994,17.9353],[97.71973,18.0374],[97.65156,18.17373],[97.62246,18.25801],[97.63223,18.29033],[97.59932,18.30298],[97.52383,18.2959],[97.45078,18.35967],[97.38066,18.49429],[97.37393,18.51797],[97.39707,18.51753],[97.48496,18.49424],[97.51514,18.49775],[97.57734,18.52871],[97.67158,18.56123],[97.72773,18.57202],[97.7459,18.58818],[97.754,18.6208],[97.70606,18.93179],[97.71416,18.99648],[97.80391,19.13047],[97.79355,19.26587],[97.8168,19.45996],[97.91641,19.59287],[97.99121,19.65371],[98.01504,19.74951],[98.04902,19.76973],[98.11104,19.76216],[98.23906,19.69067],[98.29365,19.68726],[98.37129,19.68916],[98.45498,19.69443],[98.49385,19.70132],[98.76064,19.77109],[98.81953,19.77847],[98.87578,19.76958],[98.9167,19.7729],[98.95801,19.80493],[98.9874,19.86138],[99.0207,20.0418],[99.03975,20.07363],[99.07422,20.09936],[99.13076,20.1166],[99.19688,20.11514],[99.28369,20.08042],[99.33789,20.07891],[99.39922,20.09346],[99.45156,20.11831],[99.48594,20.14985],[99.50166,20.18774],[99.4875,20.26065],[99.44795,20.35205],[99.45889,20.36304],[99.53164,20.34282],[99.63867,20.32046],[99.72012,20.32544],[99.77334,20.34131],[99.82519,20.38447],[99.89033,20.42441],[99.9543,20.41543],[100.00361,20.37959],[100.12246,20.31665]],[[29.40322,-4.44932],[29.4042,-4.49668],[29.36758,-4.66885],[29.32568,-4.83565],[29.32344,-4.89883],[29.34277,-4.98311],[29.42012,-5.17617],[29.47647,-5.3166],[29.50371,-5.40098],[29.54238,-5.49981],[29.59414,-5.65078],[29.60703,-5.72266],[29.59639,-5.77598],[29.49082,-5.96543],[29.48008,-6.025],[29.50625,-6.17207],[29.54082,-6.31387],[29.59062,-6.39443],[29.70967,-6.6169],[29.79815,-6.69189],[29.96182,-6.80312],[30.10625,-6.91504],[30.16182,-6.97305],[30.2127,-7.03789],[30.31318,-7.20371],[30.37451,-7.33867],[30.40674,-7.46065],[30.48565,-7.62715],[30.55889,-7.78193],[30.65381,-7.9709],[30.7209,-8.1044],[30.75117,-8.19365]],[[29.40322,-4.44932],[29.71777,-4.45586],[29.76953,-4.41807],[29.94727,-4.30732],[30.14717,-4.08535],[30.18711,-3.99287],[30.26855,-3.85049],[30.34844,-3.77978],[30.3791,-3.73076],[30.4,-3.65391],[30.425,-3.58887],[30.52988,-3.49248],[30.63193,-3.41865],[30.62461,-3.38867],[30.61094,-3.36641],[30.62607,-3.34736],[30.68184,-3.30938],[30.79023,-3.27461],[30.81143,-3.20059],[30.81113,-3.11641],[30.79356,-3.06934],[30.79688,-3.01514],[30.78027,-2.98486],[30.70947,-2.97725],[30.6043,-2.93525],[30.51504,-2.91758],[30.45557,-2.89316],[30.4335,-2.87451],[30.42402,-2.82402],[30.44131,-2.76904],[30.45049,-2.75322],[30.47334,-2.69434],[30.43437,-2.65889],[30.42422,-2.6416],[30.44199,-2.61348],[30.53369,-2.42627],[30.55361,-2.4001]],[[30.50996,-1.06729],[30.47705,-1.08301],[30.47021,-1.13115],[30.50811,-1.2082],[30.63193,-1.36748],[30.71074,-1.39678],[30.76221,-1.45869],[30.8126,-1.56309],[30.82754,-1.69365],[30.80674,-1.85068],[30.81914,-1.96748],[30.86465,-2.04404],[30.87656,-2.14336],[30.85498,-2.26543],[30.82871,-2.33848],[30.79766,-2.36269],[30.7625,-2.37168],[30.71484,-2.36348],[30.65664,-2.37383],[30.59336,-2.39678],[30.55361,-2.4001]],[[33.90322,-1.00205],[33.97939,-1.00205],[34.05156,-1.03984],[34.13164,-1.08457],[34.34473,-1.20361],[34.55791,-1.32256],[34.77109,-1.4416],[34.98428,-1.56055],[35.19746,-1.67959],[35.41055,-1.79863],[35.62373,-1.91758],[35.83691,-2.03662],[36.05,-2.15566],[36.26309,-2.27461],[36.47637,-2.39356],[36.68945,-2.5126],[36.90264,-2.63164],[37.11582,-2.75059],[37.329,-2.86963],[37.54219,-2.98857],[37.64385,-3.04541],[37.65918,-3.07002],[37.67686,-3.17842],[37.68799,-3.24619],[37.68184,-3.30576],[37.62539,-3.40723],[37.60869,-3.46025],[37.6082,-3.49707],[37.62207,-3.51152],[37.67012,-3.5168],[37.71104,-3.54082],[37.72617,-3.55977],[37.75742,-3.63613],[37.79727,-3.67441],[37.8873,-3.73926],[38.04082,-3.8498],[38.19434,-3.96035],[38.34785,-4.0709],[38.50137,-4.18145],[38.65488,-4.2919],[38.8084,-4.40244],[38.96191,-4.51299],[39.11543,-4.62354],[39.19014,-4.67725],[39.22178,-4.69238]],[[34.95947,-11.57812],[35.18262,-11.5748],[35.41826,-11.5832],[35.45137,-11.58955],[35.5044,-11.60478],[35.56435,-11.60234],[35.63096,-11.58203],[35.70469,-11.53213],[35.78545,-11.45293],[35.91133,-11.45469],[36.08223,-11.5373],[36.17549,-11.60928],[36.19131,-11.6707],[36.30566,-11.70635],[36.51865,-11.71621],[36.67383,-11.68428],[36.77109,-11.61035],[36.87266,-11.57129],[36.97891,-11.56699],[37.05918,-11.59219],[37.11387,-11.64717],[37.21836,-11.68652],[37.37285,-11.71045],[37.5417,-11.6751],[37.72481,-11.58066],[37.8293,-11.48193],[37.85508,-11.3791],[37.88535,-11.3167],[37.92021,-11.29473],[38.01729,-11.28213],[38.17656,-11.27871],[38.31514,-11.31113],[38.4918,-11.41328],[38.60332,-11.34531],[38.79473,-11.22891],[38.9875,-11.16728],[39.171,-11.1669],[39.32158,-11.12256],[39.43916,-11.03457],[39.56348,-10.97852],[39.69443,-10.95478],[39.81709,-10.9124],[39.98867,-10.8208],[40.16621,-10.6875],[40.34746,-10.55156],[40.46357,-10.46435]],[[32.91992,-9.40742],[32.93731,-9.39971],[32.97402,-9.39502],[33.13047,-9.4959],[33.22529,-9.50049],[33.33086,-9.51914],[33.4209,-9.60801],[33.46777,-9.61973],[33.52754,-9.60752],[33.69766,-9.59815],[33.76621,-9.61094],[33.8542,-9.66299],[33.88887,-9.67012],[33.94394,-9.67217],[33.95371,-9.6582],[33.95938,-9.62734],[33.94961,-9.56533],[33.96211,-9.53174],[33.9956,-9.49541],[34.08857,-9.53779],[34.3209,-9.73154],[34.32783,-9.75654],[34.47598,-9.94883],[34.52422,-10.03018],[34.52422,-10.07315],[34.56992,-10.24111],[34.57998,-10.31982],[34.56973,-10.37969],[34.57158,-10.42764],[34.58955,-10.49619],[34.58359,-10.5251],[34.63652,-10.62559],[34.66182,-10.71006],[34.66709,-10.79248],[34.65234,-10.87285],[34.60566,-10.99023],[34.59766,-11.0375],[34.60791,-11.08047],[34.63809,-11.12715],[34.68848,-11.17744],[34.72646,-11.23818],[34.75215,-11.30947],[34.77383,-11.3417],[34.80088,-11.34092],[34.85059,-11.35195],[34.89062,-11.39355],[34.93701,-11.46348],[34.95264,-11.54375],[34.95947,-11.57812]],[[70.95801,40.23887],[70.96094,40.22065],[70.94639,40.1876],[70.73857,40.13115],[70.64434,40.08345],[70.62412,39.99898],[70.59922,39.97451],[70.55684,39.95449],[70.51514,39.9499],[70.45137,40.04922],[70.37891,40.06987],[70.27441,40.10483],[70.07148,40.17275],[69.9668,40.20225],[69.76523,40.15801],[69.53027,40.09731],[69.49365,40.06035],[69.46875,40.02075],[69.471,39.99063],[69.48789,39.95044],[69.47627,39.91973],[69.43193,39.90977],[69.36543,39.94707],[69.30723,39.96856],[69.27881,39.91777],[69.24473,39.8271],[69.2291,39.76108],[69.28027,39.66587],[69.29766,39.52481],[69.3915,39.53247],[69.46328,39.53208],[69.59883,39.57378],[69.66699,39.5749],[69.77207,39.55674],[69.95596,39.55308],[70.10166,39.5606],[70.13682,39.55757],[70.17109,39.58418],[70.20928,39.575],[70.24482,39.54263],[70.39209,39.58188],[70.50117,39.58735],[70.56797,39.57588],[70.60781,39.5644],[70.67861,39.47129],[70.7331,39.41328],[70.79932,39.39473],[71.00488,39.41186],[71.06504,39.49341],[71.11807,39.51357],[71.20273,39.51982],[71.27285,39.5353],[71.32852,39.5687],[71.4043,39.59785],[71.47031,39.60366],[71.50303,39.58218],[71.51738,39.55386],[71.50586,39.51709],[71.50332,39.47881],[71.54629,39.45308],[71.67266,39.44707],[71.73223,39.423],[71.73535,39.37773],[71.72568,39.30659],[71.77861,39.27798],[71.80596,39.27559],[71.99102,39.35093],[72.04277,39.35215],[72.08418,39.31065],[72.14736,39.26074],[72.22998,39.20752],[72.2498,39.21567],[72.28721,39.27373],[72.35771,39.33687],[72.49023,39.35737],[72.56338,39.3772],[72.63994,39.38599],[72.87246,39.3604],[72.94941,39.35708],[73.10928,39.36191],[73.23496,39.37456],[73.33613,39.41235],[73.3874,39.44273],[73.47041,39.4606],[73.57559,39.45762],[73.63164,39.44888]],[[70.48281,39.88271],[70.48926,39.86304],[70.51865,39.82817],[70.55957,39.79092],[70.61211,39.78677],[70.70166,39.82529],[70.69824,39.84585],[70.66416,39.85547],[70.56709,39.8666],[70.49775,39.88242],[70.48281,39.88271]],[[73.63164,39.44888],[73.63633,39.39668],[73.62314,39.29785],[73.60732,39.2292],[73.69043,39.10454],[73.74375,39.04453],[73.7956,39.00215],[73.80527,38.96865],[73.79453,38.94131],[73.72998,38.9147],[73.70684,38.88623],[73.69609,38.8543],[73.7168,38.81724],[73.7541,38.69893],[73.80166,38.60688],[73.86914,38.56289],[73.97002,38.53369],[74.02559,38.53984],[74.06533,38.6085],[74.13135,38.66118],[74.1873,38.65752],[74.27744,38.65977],[74.51406,38.6],[74.74502,38.51001],[74.8123,38.4603],[74.83594,38.4043],[74.77207,38.27476],[74.7751,38.1919],[74.78965,38.10361],[74.84248,38.03809],[74.89082,37.92578],[74.90029,37.83272],[74.92129,37.80498],[74.93828,37.77251],[74.91231,37.68731],[74.89424,37.60142],[74.91582,37.5728],[74.98643,37.53037],[75.09746,37.45127],[75.11875,37.38569],[75.079,37.34404],[75.0084,37.29355],[74.91816,37.25],[74.89131,37.23164]],[[67.75898,37.17222],[67.76602,37.14014],[67.83447,37.06421],[67.95801,36.97202],[68.06777,36.9498],[68.21211,37.02153],[68.26094,37.01309],[68.28477,37.03633],[68.29951,37.08843],[68.38691,37.1375],[68.54648,37.18345],[68.63701,37.22446],[68.66914,37.2584],[68.72324,37.26802],[68.78203,37.25801],[68.82373,37.2707],[68.83848,37.30283],[68.85537,37.31685],[68.88525,37.32808],[68.91182,37.33394],[68.96045,37.32505],[69.05,37.2665],[69.18018,37.1583],[69.26484,37.1084],[69.30391,37.11694],[69.35381,37.15005],[69.41445,37.20776],[69.42969,37.29087],[69.39922,37.39932],[69.42012,37.48672],[69.49209,37.55308],[69.62578,37.59404],[69.8209,37.60957],[69.94062,37.60029],[69.98496,37.56616],[70.04473,37.54722],[70.11982,37.54351],[70.18867,37.58247],[70.25146,37.66416],[70.25498,37.76538],[70.19941,37.88603],[70.21465,37.92441],[70.23877,37.94121],[70.31328,37.98481],[70.41777,38.07544],[70.51856,38.19199],[70.61582,38.33442],[70.73594,38.42256],[70.87891,38.4564],[71.05215,38.41787],[71.25586,38.30698],[71.33271,38.17026],[71.28281,38.00791],[71.27852,37.91841],[71.31992,37.90185],[71.38965,37.9063],[71.48779,37.93189],[71.55195,37.93315],[71.58223,37.91011],[71.58037,37.86426],[71.54619,37.79565],[71.50508,37.60293],[71.47969,37.43603],[71.45479,37.27183],[71.43291,37.12754],[71.47187,37.01509],[71.53086,36.84512],[71.59746,36.73291],[71.66563,36.69692],[71.73379,36.68403],[71.80205,36.69429],[71.94199,36.76646],[72.15352,36.90054],[72.35879,36.98291],[72.65742,37.02905],[72.75703,37.17271],[72.89551,37.26753],[73.21113,37.4085],[73.38291,37.46226],[73.48135,37.47168],[73.60469,37.44604],[73.63262,37.43721],[73.65713,37.43047],[73.72061,37.41875],[73.73379,37.37578],[73.71729,37.32944],[73.64883,37.29121],[73.62754,37.26157],[73.65352,37.23936],[73.74961,37.23179],[73.94883,37.28315],[74.07773,37.31621],[74.16709,37.32944],[74.20352,37.37246],[74.25967,37.41543],[74.34902,37.41875],[74.44492,37.39561],[74.52422,37.38237],[74.65937,37.39448],[74.73057,37.35703],[74.83047,37.28594],[74.87539,37.24199],[74.89131,37.23164]],[[38.77354,33.37222],[39.05674,33.51401],[39.26836,33.62002],[39.56445,33.76836],[39.85,33.91138],[40.12197,34.04766],[40.42148,34.19775],[40.68945,34.33203],[40.93506,34.38657],[40.98701,34.42905],[41.09902,34.6123],[41.19473,34.76899],[41.19922,34.80532],[41.19961,35.02739],[41.21641,35.28818],[41.24834,35.42749],[41.30332,35.55063],[41.3541,35.64043],[41.35938,35.72461],[41.35264,35.80996],[41.3002,35.93897],[41.2456,36.07339],[41.25176,36.20303],[41.26182,36.27246],[41.296,36.38335],[41.3542,36.4644],[41.4168,36.51465],[41.65019,36.56641],[41.78857,36.59717],[41.97402,36.74082],[42.08398,36.82603],[42.2373,36.96113],[42.3501,37.0606],[42.35908,37.09502],[42.35898,37.10859]],[[35.78731,32.73491],[35.89473,32.71377],[35.95645,32.6667],[36.05947,32.53379],[36.21973,32.49512],[36.28428,32.45747],[36.37207,32.38691],[36.4792,32.36133],[36.81836,32.31728],[37.08897,32.46553],[37.31758,32.59077],[37.57744,32.73306],[37.7541,32.82983],[38.05576,32.99487],[38.2543,33.09922],[38.51562,33.23662],[38.77354,33.37222]],[[35.78731,32.73491],[35.83328,32.82009],[35.84186,32.87595],[35.88798,32.94438],[35.85902,32.98937],[35.84508,33.08467],[35.8247,33.10802],[35.8172,33.13317],[35.83328,33.1637],[35.82685,33.19512],[35.80862,33.20858],[35.80004,33.25612],[35.78502,33.29109],[35.79253,33.33411],[35.81612,33.36188]],[[35.86914,33.43174],[35.91475,33.46538],[35.92656,33.50029],[35.96758,33.53457],[36.02227,33.5625],[36.03447,33.58506],[36.02666,33.59795],[35.97168,33.6231],[35.94238,33.66758],[35.96846,33.73242],[35.98613,33.75264],[36.01885,33.78394],[36.09219,33.83159],[36.14981,33.8395],[36.19941,33.83955],[36.2834,33.8356],[36.34853,33.82705],[36.36504,33.83935],[36.36279,33.85513],[36.28223,33.89419],[36.27783,33.92529],[36.29785,33.95864],[36.35488,34.01133],[36.42285,34.04985],[36.45752,34.05684],[36.53516,34.13433],[36.58496,34.22124],[36.5044,34.43237],[36.45557,34.46616],[36.37647,34.49517],[36.32988,34.49961],[36.32627,34.51333],[36.38867,34.5669],[36.43301,34.61348],[36.38389,34.65791],[36.29629,34.67871],[36.26357,34.63286],[36.15107,34.62861],[35.97627,34.6292]],[[9.52402,47.52422],[9.55439,47.51113],[9.62588,47.46704],[9.60908,47.3918],[9.52754,47.27075]],[[9.58027,47.05737],[9.61992,47.05747],[9.74502,47.03711],[9.84531,47.00737],[9.86465,46.97598],[9.87773,46.93769],[9.99687,46.88535],[10.1335,46.85151],[10.17979,46.86235],[10.34941,46.98477],[10.41494,46.9644],[10.45459,46.89941],[10.45283,46.86494]],[[9.52754,47.27075],[9.48428,47.17266],[9.47949,47.09751],[9.4877,47.06226],[9.50234,47.06274],[9.58027,47.05737]],[[7.02109,45.92578],[7.05576,45.90381],[7.129,45.88042],[7.32793,45.91235],[7.45156,45.94443],[7.53857,45.97817],[7.59258,45.97222],[7.78789,45.92183],[7.85234,45.94746],[7.99316,46.01592],[8.01426,46.0519],[8.12519,46.16094],[8.12725,46.1876],[8.08154,46.25601],[8.0957,46.27105],[8.23193,46.34121],[8.29853,46.40342],[8.3707,46.44512],[8.42256,46.44604],[8.43682,46.43189],[8.44297,46.40278],[8.43848,46.28286],[8.4584,46.2459],[8.56543,46.15981],[8.6417,46.11079],[8.81855,46.07715],[8.82676,46.06103],[8.77803,45.99619],[8.88516,45.9187],[8.9043,45.86196],[8.95371,45.83003],[9.02373,45.8457],[9.04668,45.87559],[9.01914,45.92813],[8.99893,45.98311],[9.00303,46.01489],[9.02236,46.05147],[9.071,46.10244],[9.20342,46.21924],[9.25107,46.28677],[9.25977,46.39126],[9.26016,46.47519],[9.30439,46.49556],[9.39932,46.48066],[9.42764,46.48232],[9.44063,46.43081],[9.48105,46.34878],[9.52871,46.3062],[9.57959,46.29609],[9.63945,46.2959],[9.78779,46.34604],[9.88447,46.36777],[9.93926,46.36182],[9.97168,46.32769],[10.04102,46.23809],[10.08057,46.22798],[10.12832,46.23823],[10.14522,46.25352],[10.12988,46.28799],[10.10967,46.36284],[10.08193,46.42075],[10.04561,46.4479],[10.03828,46.4832],[10.06123,46.54678],[10.08701,46.5999],[10.1375,46.61436],[10.19551,46.62109],[10.27227,46.56484],[10.36309,46.54707],[10.43066,46.55005],[10.44248,46.58286],[10.43828,46.61885],[10.39795,46.66504],[10.40606,46.73486],[10.45283,46.86494]],[[7.02109,45.92578],[7.00391,45.95884],[6.95371,46.01714],[6.89727,46.05176],[6.85801,46.0894],[6.80566,46.13066],[6.77207,46.16514],[6.8168,46.27519],[6.78418,46.31397],[6.76738,46.36919],[6.77607,46.40664],[6.7581,46.41577],[6.57822,46.43735],[6.42891,46.43052],[6.32188,46.3937],[6.23467,46.33262],[6.22422,46.31943],[6.22959,46.30845],[6.27295,46.25225],[6.19941,46.19307],[6.08662,46.14702],[6.00664,46.14233],[5.97148,46.15122],[5.97002,46.2147],[6.03613,46.23809],[6.0959,46.2794],[6.11592,46.33765],[6.12324,46.37861],[6.06025,46.42817],[6.06797,46.45855],[6.10703,46.51606],[6.12969,46.56699],[6.16074,46.61104],[6.28516,46.68306],[6.41016,46.75542],[6.429,46.83228],[6.43857,46.92588],[6.45625,46.94834],[6.62481,47.00435],[6.6669,47.02651],[6.68809,47.05825],[6.8207,47.16318],[6.95205,47.26719],[6.97852,47.30205],[7.00059,47.32251],[7.00059,47.33945],[6.98408,47.35254],[6.92148,47.36123],[6.90039,47.39424],[6.96836,47.45322],[7.05342,47.48936],[7.13603,47.48984],[7.16924,47.47324],[7.16748,47.45371],[7.20312,47.43272],[7.26572,47.42578],[7.34316,47.4331],[7.42002,47.45518],[7.46738,47.50767],[7.49492,47.54736],[7.61562,47.59273]],[[7.61562,47.59273],[7.69805,47.56987],[7.92705,47.56387],[8.09375,47.57617],[8.19824,47.60693],[8.32783,47.60693],[8.41475,47.5896],[8.43008,47.59214],[8.454,47.59619],[8.47764,47.6127],[8.55947,47.62402],[8.57051,47.63779],[8.56709,47.6519],[8.55234,47.65913],[8.45176,47.65181],[8.41328,47.66269],[8.40342,47.68779],[8.43574,47.73135],[8.50986,47.76689],[8.57266,47.77564],[8.61787,47.76611],[8.72832,47.70005],[8.75479,47.69805],[8.77012,47.70991],[8.79307,47.71655],[8.83115,47.70361],[8.87402,47.66269],[8.88115,47.6564],[9.12754,47.6707],[9.18281,47.6707],[9.35,47.59893],[9.52402,47.52422]],[[11.38828,59.03652],[11.4707,58.90952],[11.54355,58.89302],[11.64277,58.92607],[11.71221,59.01865],[11.75186,59.15757],[11.79814,59.28989],[11.74336,59.43144],[11.68486,59.55576],[11.68076,59.59228],[11.83428,59.69717],[11.88125,59.78247],[11.93213,59.86367],[11.98828,59.89131],[12.07188,59.89761],[12.16924,59.91289],[12.29199,59.96724],[12.40205,60.04004],[12.48613,60.10679],[12.51465,60.23887],[12.51582,60.30523],[12.55283,60.35449],[12.58867,60.45073],[12.55381,60.54565],[12.44531,60.68965],[12.31465,60.89214],[12.29414,61.00269],[12.35371,61.02319],[12.46758,61.0415],[12.68301,61.04683],[12.70605,61.05986],[12.72783,61.10825],[12.77637,61.17397],[12.82822,61.22183],[12.86367,61.29028],[12.88076,61.35229],[12.75752,61.4457],[12.59609,61.54131],[12.48682,61.573],[12.29209,61.65347],[12.15537,61.72075],[12.23369,61.97686],[12.29199,62.16743],[12.30137,62.21377],[12.30352,62.2856],[12.11455,62.5919],[12.12187,62.66001],[12.13984,62.72134],[12.11963,62.82593],[12.10859,62.91948],[12.14102,62.94785],[12.21816,63.00064],[12.14463,63.08252],[12.13867,63.08916],[11.9999,63.2917],[12.21211,63.49224],[12.1752,63.59595],[12.30195,63.67119],[12.53271,63.84356],[12.6625,63.94048],[12.69004,63.95742],[12.79277,64.0],[12.9876,64.05049],[13.20352,64.0751],[13.29961,64.0748],[13.6707,64.04063],[13.96055,64.01401],[14.00273,64.04072],[14.06328,64.09551],[14.14121,64.17354],[14.14805,64.2603],[14.11992,64.38774],[14.07764,64.46401],[13.87354,64.51357],[13.65029,64.58154],[13.9248,64.79678],[14.11514,64.94614],[14.35244,65.17085],[14.42627,65.26435],[14.47969,65.30146],[14.54951,65.64639],[14.5958,65.74287],[14.63457,65.79326],[14.63516,65.84502],[14.60996,65.93228],[14.54326,66.12935],[14.91797,66.15371],[15.04004,66.16753],[15.15332,66.19106],[15.3749,66.25205],[15.48379,66.30596],[15.42295,66.48984],[15.55703,66.5521],[15.88418,66.76885],[16.23769,66.97642],[16.40352,67.05498],[16.4207,67.09336],[16.43428,67.15508],[16.36065,67.252],[16.28154,67.31206],[16.12744,67.42583],[16.19355,67.50518],[16.30713,67.52061],[16.45713,67.55176],[16.57412,67.61958],[16.58555,67.62832],[16.78359,67.89502],[17.17051,68.03013],[17.32461,68.10381],[17.56475,68.04844],[17.9167,67.96489],[18.07324,68.08784],[18.125,68.13345],[18.17666,68.20064],[18.15596,68.31685],[18.14707,68.46777],[18.1626,68.52842],[18.30303,68.55542],[18.37861,68.5624],[18.76982,68.50005],[18.86826,68.50112],[19.05264,68.49272],[19.25898,68.46533],[19.69121,68.39243],[19.87002,68.36226],[19.96982,68.3564],[20.05596,68.39038],[20.24004,68.47754],[19.96885,68.54204],[20.14746,68.60732],[20.24004,68.67315],[20.31943,68.75405],[20.34805,68.84873],[20.33711,68.89966],[20.28232,68.93433],[20.1167,69.0209],[20.49199,69.0333],[20.62217,69.03687]],[[20.62217,69.03687],[20.89512,68.97983],[20.90703,68.96748],[20.90898,68.93774],[20.91856,68.90693],[21.1834,68.82881],[21.25977,68.78745],[21.42236,68.72461],[21.46543,68.69067],[21.61602,68.65098],[21.72402,68.60855],[21.85019,68.57412],[21.99746,68.52061],[22.19512,68.47798],[22.36211,68.46406],[22.78242,68.39102],[22.8541,68.36733],[22.97539,68.31646],[23.09785,68.25757],[23.18252,68.13662],[23.31855,68.13032],[23.35547,68.08867],[23.47422,68.01733],[23.63887,67.9544],[23.63291,67.9332],[23.50185,67.8752],[23.48779,67.79658],[23.5002,67.69619],[23.54131,67.61431],[23.53701,67.59038],[23.50449,67.56216],[23.46543,67.51787],[23.45146,67.4792],[23.45488,67.46025],[23.46807,67.44995],[23.53711,67.44917],[23.66084,67.44004],[23.73359,67.4229],[23.7749,67.32861],[23.76094,67.3105],[23.65664,67.26782],[23.62607,67.23394],[23.62305,67.18413],[23.6415,67.1294],[23.67734,67.06812],[23.75898,67.00259],[23.86934,66.93403],[23.9418,66.87783],[23.97607,66.83823],[23.98857,66.81055],[23.93887,66.77573],[23.89414,66.70688],[23.88584,66.62803],[23.86553,66.57661],[23.76836,66.50586],[23.70117,66.48076],[23.68203,66.44341],[23.67383,66.38071],[23.69355,66.3043],[23.70029,66.25264],[23.721,66.21543],[23.75146,66.19116],[23.90732,66.14824],[23.99463,66.06035],[24.04902,65.98984],[24.15547,65.80527]],[[31.94824,-25.95762],[31.96846,-25.97227],[32.06055,-26.01836],[32.06885,-26.11016],[32.05996,-26.21504],[32.04141,-26.28125],[32.04834,-26.34717],[32.07793,-26.44981],[32.10596,-26.52002],[32.11289,-26.83945]],[[31.94824,-25.95762],[31.92168,-25.96875],[31.87148,-25.98164],[31.64043,-25.86728],[31.41514,-25.74658],[31.38262,-25.74297],[31.33516,-25.75557],[31.20732,-25.84336],[31.08809,-25.98066],[31.0333,-26.09775],[30.94522,-26.21875],[30.80332,-26.41348],[30.78906,-26.45547],[30.7875,-26.61367],[30.79434,-26.76426],[30.80674,-26.78525],[30.8833,-26.79238],[30.93809,-26.91582],[31.06338,-27.1123],[31.27402,-27.23838],[31.46953,-27.29551],[31.74258,-27.30996],[31.9584,-27.30586],[31.94609,-27.17363],[31.96719,-26.96064],[31.99473,-26.81748],[32.02481,-26.81113],[32.08164,-26.82481],[32.11289,-26.83945]],[[-54.61626,2.32676],[-54.60474,2.33579],[-54.56841,2.34258],[-54.53594,2.34331],[-54.48555,2.41611],[-54.402,2.46152],[-54.25674,2.71372],[-54.19551,2.81787],[-54.18809,2.87485],[-54.1707,2.9936],[-54.20312,3.13818],[-54.18804,3.17876],[-54.06318,3.35332],[-54.00957,3.44854],[-54.00596,3.53052],[-53.99048,3.58955],[-54.00591,3.62041],[-54.03423,3.6294],[-54.08198,3.70596],[-54.11279,3.76943],[-54.19746,3.83442],[-54.25552,3.90107],[-54.35073,4.0541],[-54.34214,4.14004],[-54.36914,4.17095],[-54.39839,4.20249],[-54.39624,4.24141],[-54.41602,4.33765],[-54.44067,4.42803],[-54.44961,4.48501],[-54.42607,4.58301],[-54.44023,4.69199],[-54.47114,4.74932],[-54.47969,4.83652],[-54.47334,4.9147],[-54.44687,4.95879],[-54.4522,5.01348],[-54.33164,5.1874],[-54.24019,5.28823],[-54.15596,5.35898]],[[-56.48281,1.94214],[-56.45283,1.93232],[-56.38584,1.92388],[-56.22715,1.88535],[-56.01992,1.84224],[-55.96333,1.85708],[-55.92964,1.8875],[-55.92163,1.97666],[-55.91533,2.03955],[-55.96196,2.09512],[-56.02007,2.15815],[-56.07363,2.23677],[-56.1377,2.25903],[-56.1294,2.29951],[-56.08779,2.34131],[-56.04512,2.3644],[-56.02036,2.39277],[-55.99351,2.49751],[-55.97559,2.51597],[-55.95747,2.52046],[-55.93594,2.5166],[-55.89375,2.4895],[-55.73057,2.40615],[-55.65894,2.41875],[-55.38535,2.44062],[-55.34399,2.48877],[-55.28603,2.49966],[-55.18769,2.54751],[-55.14883,2.55078],[-55.11411,2.53921],[-55.07031,2.54834],[-55.00581,2.59297],[-54.97866,2.59766],[-54.96841,2.54834],[-54.92656,2.49736],[-54.87607,2.45039],[-54.85166,2.43955],[-54.76685,2.45474],[-54.72222,2.44165],[-54.70293,2.39795],[-54.69741,2.35981],[-54.66186,2.32754],[-54.61626,2.32676]],[[-57.19477,5.54844],[-57.2479,5.48525],[-57.25752,5.44517],[-57.29189,5.37397],[-57.31856,5.33535],[-57.27964,5.24678],[-57.2353,5.24287],[-57.21846,5.23154],[-57.20732,5.21421],[-57.20981,5.19541],[-57.22686,5.17852],[-57.26929,5.15703],[-57.30957,5.10586],[-57.30576,5.04956],[-57.33101,5.02017],[-57.41216,5.00459],[-57.5709,5.00449],[-57.64883,5.00068],[-57.71108,4.99106],[-57.752,4.95449],[-57.8041,4.92905],[-57.84492,4.92305],[-57.8811,4.88061],[-57.91704,4.82041],[-57.90488,4.7793],[-57.86787,4.72432],[-57.846,4.66816],[-57.87471,4.5771],[-57.90625,4.50679],[-57.92471,4.45312],[-57.94976,4.34995],[-58.01074,4.23648],[-58.05449,4.17192],[-58.0543,4.10166],[-58.03223,4.00195],[-57.90772,3.85669],[-57.86655,3.78726],[-57.83267,3.67598],[-57.72036,3.58828],[-57.64946,3.51738],[-57.6561,3.42373],[-57.64673,3.39453],[-57.60273,3.37095],[-57.54961,3.35283],[-57.49058,3.3543],[-57.43789,3.36226],[-57.42559,3.37544],[-57.30366,3.3771],[-57.28994,3.35361],[-57.28291,3.21885],[-57.27793,3.16431],[-57.24898,3.14229],[-57.23164,3.10889],[-57.23057,3.07856],[-57.225,3.00308],[-57.20693,2.96338],[-57.20981,2.88281],[-57.19736,2.85327],[-57.16362,2.83325],[-57.12114,2.77554],[-57.10513,2.76826],[-57.09687,2.74785],[-57.06045,2.66567],[-57.04194,2.64111],[-57.02896,2.6375],[-57.02349,2.60898],[-56.99712,2.53218],[-56.9793,2.51323],[-56.94521,2.45684],[-56.93149,2.39536],[-56.88643,2.32598],[-56.84053,2.27715],[-56.81982,2.22666],[-56.76113,2.11489],[-56.70435,2.03647],[-56.6272,2.01602],[-56.56269,2.00508],[-56.52236,1.9748],[-56.48281,1.94214]],[[27.40332,5.10918],[27.43926,5.03921],[27.49102,4.96758],[27.66416,4.846],[27.71924,4.77832],[27.76143,4.70322],[27.78809,4.64468],[27.8416,4.59775],[27.9166,4.56792],[27.98066,4.53208],[28.01982,4.4794],[28.07861,4.42481],[28.19209,4.35024],[28.24727,4.34854],[28.31104,4.33804],[28.36719,4.31865],[28.42754,4.32417],[28.52481,4.37285],[28.63955,4.45449],[28.72705,4.50498],[28.93935,4.48706],[29.05742,4.44595],[29.15147,4.38818],[29.2249,4.39189],[29.38486,4.49839],[29.46963,4.61182],[29.55205,4.63603],[29.67685,4.58691],[29.77988,4.48096],[29.87022,4.32715],[29.93398,4.26851],[30.02139,4.17764],[30.19492,3.98193],[30.4207,3.88389],[30.5083,3.83569],[30.53691,3.78721],[30.55352,3.72295],[30.55937,3.65278],[30.58672,3.62422],[30.64766,3.63413],[30.6999,3.64409],[30.75723,3.62422],[30.79697,3.57314],[30.81689,3.53335],[30.83857,3.49072]],[[24.14736,8.66563],[24.19482,8.65337],[24.2209,8.60825],[24.17998,8.46113],[24.2084,8.36914],[24.29141,8.29141],[24.37549,8.25845],[24.45605,8.23945],[24.73672,8.19155],[24.85332,8.13755],[25.00723,7.96484],[25.20039,7.80791],[25.24736,7.72456],[25.23867,7.64898],[25.18135,7.55723],[25.19014,7.51934],[25.27891,7.42749],[25.38066,7.3334],[25.5666,7.22871],[25.88896,7.06494],[26.03652,6.95523],[26.08691,6.87212],[26.16934,6.78174],[26.28457,6.69902],[26.36182,6.6353],[26.30859,6.45532],[26.32461,6.39624],[26.35332,6.34492],[26.42051,6.27417],[26.44746,6.18301],[26.51426,6.06924],[26.59365,6.01753],[26.72637,5.99824],[26.79648,5.94551],[26.94228,5.85493],[27.0834,5.77686],[27.14394,5.72295],[27.18125,5.67515],[27.21338,5.6188],[27.2291,5.5625],[27.23252,5.44077],[27.25674,5.28965],[27.33242,5.18633],[27.40332,5.10918]],[[24.14736,8.66563],[24.16045,8.69629],[24.21357,8.76782],[24.30019,8.81426],[24.53193,8.88691],[24.54482,8.91484],[24.54941,9.00679],[24.56826,9.05171],[24.64805,9.1791],[24.65938,9.22993],[24.66289,9.33813],[24.67363,9.38931],[24.69668,9.42568],[24.76035,9.48892],[24.78262,9.52734],[24.79219,9.6103],[24.78525,9.77466],[24.81768,9.8396],[24.96387,9.98887],[25.00293,10.05527],[25.01621,10.11523],[25.01484,10.17588],[25.02363,10.23579],[25.06699,10.2938],[25.104,10.31182],[25.21172,10.32993],[25.28516,10.31851],[25.79805,10.42051],[25.8582,10.40649],[25.88525,10.34609],[25.88281,10.24961],[25.8915,10.20273],[25.91914,10.16934],[26.00059,10.12344],[26.05703,10.04678],[26.08701,10.01846],[26.16953,9.96592],[26.55137,9.52583],[26.65869,9.48413],[26.76318,9.49922],[26.97051,9.59062],[27.07422,9.61382],[27.7998,9.58789],[27.88086,9.60161],[27.88584,9.59966],[27.99629,9.37881],[28.04893,9.32861],[28.84453,9.32607],[28.8294,9.38882],[28.83945,9.45908],[28.93232,9.54946],[28.97959,9.59419],[28.97959,9.59399],[28.99961,9.61016],[29.12236,9.67466],[29.24238,9.71807],[29.47314,9.7686],[29.55742,9.84829],[29.60391,9.92139],[29.60547,10.06509],[29.63594,10.08862],[29.69102,10.12192],[29.95791,10.25024],[30.00303,10.27739],[30.47461,9.97895],[30.73935,9.74268],[30.75537,9.7312],[30.76914,9.72681],[30.7831,9.73496],[30.79492,9.74585],[30.81416,9.75313],[30.82705,9.7563],[30.94033,9.75938],[31.15449,9.77095],[31.2249,9.79927],[31.65488,10.22114],[31.76426,10.35571],[31.79199,10.38315],[31.8543,10.47905],[31.91992,10.64385],[31.93301,10.6625],[32.4041,11.05776],[32.4208,11.08911],[32.42539,11.11397],[32.3542,11.24692],[32.33887,11.3145],[32.33574,11.41855],[32.3499,11.58042],[32.34492,11.68271],[32.34307,11.69429],[32.33848,11.71011],[32.33535,11.71602],[32.07227,12.00674],[32.73672,12.00967],[32.73828,12.03374],[32.7377,12.04644],[32.73564,12.05806],[32.72305,12.09292],[32.71582,12.13926],[32.71533,12.1522],[32.71631,12.16484],[32.72012,12.18882],[32.72051,12.20181],[32.71982,12.20801],[32.71856,12.21377],[32.71894,12.21885],[32.72187,12.2231],[33.19932,12.21729],[33.19307,12.13501],[33.13506,11.9416],[33.13613,11.82559],[33.12246,11.69316],[33.11914,11.68242],[33.10605,11.65386],[33.09463,11.6375],[33.08154,11.62173],[33.07783,11.61577],[33.07334,11.6061],[33.07305,11.5915],[33.17217,10.85015],[33.16846,10.83145],[33.16475,10.81919],[33.13828,10.77295],[33.13144,10.75771],[33.13008,10.74595],[33.14082,10.73789],[33.36074,10.65781],[33.37139,10.65273],[33.37988,10.64619],[33.45908,10.55083],[33.89219,10.19898],[33.90703,10.18145],[33.95186,10.07095],[33.95684,10.0542],[33.9584,10.02773],[33.95732,10.00718],[33.94619,9.94092],[33.9499,9.91113],[33.95732,9.89146],[33.96328,9.8687],[33.96328,9.86177],[33.9625,9.85581],[33.95918,9.84526],[33.89492,9.71763],[33.87402,9.62676],[33.86777,9.55034],[33.87148,9.50615],[33.87881,9.47773],[33.88213,9.47119],[33.88486,9.46641],[33.88789,9.46353],[33.89092,9.46221],[34.07676,9.46152],[34.07812,9.46152]],[[34.07812,9.46152],[34.07715,9.421],[34.08457,9.21851],[34.09102,9.04126],[34.10156,8.75186],[34.10176,8.67637],[34.09453,8.58223],[34.07275,8.54526],[34.01973,8.49209],[33.95332,8.44351],[33.78506,8.4311],[33.64482,8.43257],[33.54531,8.44341],[33.40937,8.44775],[33.28106,8.43726],[33.23428,8.39639],[33.16523,8.25107],[33.06523,8.04048],[33.0126,7.95151],[32.99893,7.89951],[33.01465,7.86855],[33.08076,7.82373],[33.22598,7.76065],[33.39229,7.72373],[33.51631,7.70776],[33.60098,7.69043],[33.66611,7.671],[33.90244,7.50952],[33.97793,7.43457],[34.02041,7.36797],[34.03018,7.29697],[34.06426,7.22573],[34.20039,7.08457],[34.2793,7.00283],[34.48438,6.89839],[34.56279,6.77983],[34.63877,6.72217],[34.71064,6.6603],[34.74922,6.56787],[34.83809,6.30015],[34.89785,6.15981],[34.95898,6.04507],[34.98359,5.8583],[35.03193,5.7749],[35.08193,5.67314],[35.16445,5.5812],[35.25244,5.51103],[35.26836,5.49228]],[[33.97607,4.22021],[34.17686,4.41909],[34.38018,4.62065],[34.63984,4.87549],[34.87832,5.10957],[35.08447,5.31187],[35.26836,5.49228]],[[22.86006,10.91968],[22.93076,10.79531],[22.96436,10.75181],[23.25586,10.45781],[23.3123,10.38794],[23.45664,10.17427],[23.54502,10.03008],[23.64629,9.8229],[23.65625,9.71035],[23.64277,9.61392],[23.62266,9.34062],[23.59609,9.26191],[23.46826,9.11475],[23.46279,9.04849],[23.48906,8.99331],[23.52803,8.97061],[23.55185,8.94321],[23.5373,8.81582],[23.5832,8.76582],[23.6793,8.73247],[23.92197,8.70972],[24.04815,8.69131],[24.14736,8.66563]],[[22.86006,10.91968],[22.89482,11.029],[22.9377,11.19204],[22.94277,11.26719],[22.92266,11.34487],[22.84902,11.40327],[22.7834,11.40996],[22.754,11.43984],[22.69736,11.48267],[22.64102,11.51592],[22.59111,11.57988],[22.55635,11.66953],[22.58096,11.99014],[22.56435,12.03296],[22.48984,12.04473],[22.47246,12.06777],[22.47549,12.12925],[22.43525,12.31191],[22.39023,12.46299],[22.41445,12.54639],[22.35234,12.66045],[22.2334,12.70947],[22.12119,12.69458],[22.00068,12.67188],[21.92813,12.67812],[21.87813,12.69937],[21.84336,12.74121],[21.82529,12.79053],[21.8418,12.86475],[21.90771,13.00098],[21.99023,13.11309],[22.15801,13.21504],[22.20264,13.26934],[22.22812,13.32959],[22.23262,13.39878],[22.22139,13.47163],[22.20234,13.53809],[22.15293,13.62642],[22.10762,13.73032],[22.10645,13.7998],[22.12822,13.85015],[22.17315,13.9106],[22.26211,13.97871],[22.2835,13.99233],[22.33936,14.02886],[22.38818,14.05552],[22.50996,14.12744],[22.53857,14.16187],[22.52822,14.20322],[22.49834,14.23706],[22.44932,14.28423],[22.43935,14.34214],[22.425,14.44121],[22.39971,14.5042],[22.38154,14.55049],[22.41621,14.58521],[22.46777,14.63335],[22.53203,14.66274],[22.63184,14.68809],[22.6709,14.72246],[22.68242,14.78862],[22.6792,14.85146],[22.71494,14.89839],[22.76328,14.99868],[22.80215,15.04443],[22.86719,15.09663],[22.93232,15.16211],[22.96133,15.23813],[22.96953,15.31133],[22.93389,15.53311],[23.00918,15.62583],[23.10518,15.70254],[23.24346,15.69722],[23.45801,15.71396],[23.604,15.746],[23.7082,15.74497],[23.946,15.70352],[23.96523,15.71343],[23.9708,15.72153],[23.9834,15.78018],[23.9833,15.92812],[23.98291,16.37422],[23.98252,16.82026],[23.98223,17.26636],[23.98184,17.7124],[23.98145,18.1585],[23.98106,18.60454],[23.98066,19.05059],[23.98027,19.49663]],[[23.98027,19.49663],[23.98027,19.62148],[23.98027,19.74629],[23.98027,19.87109],[23.98027,19.99595],[24.22695,19.99585],[24.47363,19.9957],[24.72041,19.99556],[24.96699,19.99546],[24.97021,19.99727],[24.97324,19.99902],[24.97637,20.00078],[24.97949,20.00259],[24.97969,20.50093],[24.97988,20.99922],[24.98008,21.49756],[24.98027,21.99585]],[[24.98027,21.99585],[25.3623,21.9958],[25.74434,21.99575],[26.12637,21.99565],[26.5084,21.99561],[26.89043,21.99556],[27.27246,21.99551],[27.65449,21.99546],[28.03643,21.99536],[28.41856,21.99531],[28.80059,21.99526],[29.18252,21.99522],[29.56455,21.99512],[29.94668,21.99512],[30.32861,21.99502],[30.71064,21.99492],[31.09268,21.99487],[31.20918,21.99487],[31.26065,22.0023],[31.3585,22.18862],[31.40029,22.20244],[31.46426,22.1915],[31.48613,22.1478],[31.46641,22.08467],[31.43447,21.99585],[31.62168,21.99585],[31.94981,21.9959],[32.27783,21.996],[32.60605,21.996],[32.93408,21.99609],[33.26221,21.99614],[33.59033,21.99619],[33.91846,21.99624],[34.24648,21.99629],[34.57461,21.99634],[34.90273,21.99639],[35.23086,21.99644],[35.55898,21.99648],[35.88701,21.99653],[36.21523,21.99658],[36.54326,21.99663],[36.87139,21.99673]],[[36.52432,14.25684],[36.49229,14.54434],[36.4708,14.73648],[36.44814,14.94009],[36.42676,15.13208],[36.52178,15.25015],[36.56602,15.36211],[36.6792,15.72637],[36.72451,15.79888],[36.81348,15.99395],[36.82588,16.05029],[36.91377,16.29619],[36.90547,16.45952],[36.88779,16.62466],[36.93574,16.72236],[36.97871,16.80059],[36.97578,16.86655],[36.99522,17.02056],[37.00898,17.05889],[37.06152,17.06128],[37.16953,17.04141],[37.24883,17.05689],[37.34043,17.05708],[37.41103,17.06172],[37.45293,17.10869],[37.51016,17.28814],[37.54746,17.32412],[37.57598,17.33501],[37.65674,17.36826],[37.72598,17.42051],[37.78242,17.45801],[37.80332,17.46553],[37.86299,17.47026],[37.92256,17.49233],[37.9501,17.51768],[38.02529,17.53779],[38.09893,17.52647],[38.14854,17.54854],[38.18154,17.56284],[38.21904,17.56396],[38.25352,17.58477],[38.26729,17.6167],[38.28984,17.63701],[38.34736,17.68359],[38.37373,17.71733],[38.38555,17.75127],[38.39717,17.77837],[38.42246,17.82393],[38.52285,17.93852],[38.60947,18.00508]],[[34.07812,9.46152],[34.0793,9.51348],[34.12031,9.72969],[34.15908,9.85342],[34.18525,9.91855],[34.2915,10.12476],[34.31123,10.19087],[34.31484,10.25156],[34.27568,10.52812],[34.34394,10.65864],[34.43144,10.78784],[34.50801,10.84287],[34.57187,10.88018],[34.60176,10.86455],[34.675,10.80493],[34.77129,10.74619],[34.81621,10.75918],[34.88232,10.81055],[34.93144,10.8648],[34.9249,10.96211],[34.96914,11.16177],[34.96074,11.27676],[35.00791,11.41987],[35.05967,11.62105],[35.08272,11.74829],[35.1123,11.81655],[35.25244,11.95703],[35.37275,12.15557],[35.44961,12.30059],[35.59609,12.5373],[35.67021,12.62373],[35.73057,12.66104],[35.82061,12.68486],[35.9876,12.7063],[36.10752,12.72646],[36.12519,12.75703],[36.13535,12.80532],[36.13711,12.91113],[36.16016,13.09331],[36.21221,13.27109],[36.27354,13.40576],[36.30684,13.46685],[36.34629,13.52627],[36.39062,13.62607],[36.44707,13.84204],[36.44394,13.98843],[36.52432,14.25684]],[[-1.79404,43.40732],[-1.79272,43.37256],[-1.75327,43.32471],[-1.71284,43.30703],[-1.62715,43.28247],[-1.56147,43.2792],[-1.47173,43.26768],[-1.41069,43.24009],[-1.40732,43.19712],[-1.42261,43.14912],[-1.45942,43.10498],[-1.48047,43.07114],[-1.46084,43.05176],[-1.42876,43.03677],[-1.39404,43.03262],[-1.37051,43.0376],[-1.35273,43.06426],[-1.31885,43.09697],[-1.30005,43.10098],[-1.30156,43.08247],[-1.28545,43.05962],[-1.17544,43.02114],[-0.93384,42.94951],[-0.83921,42.94819],[-0.76265,42.93979],[-0.74019,42.90952],[-0.58643,42.79897],[-0.5498,42.802],[-0.48115,42.79932],[-0.39844,42.8081],[-0.33857,42.82881],[-0.29932,42.82534],[-0.25605,42.80396],[-0.20532,42.7853],[-0.14004,42.74893],[-0.08149,42.70386],[-0.04116,42.68911],[0.20137,42.71934],[0.25547,42.69292],[0.31289,42.69326],[0.37725,42.70015],[0.51768,42.68628],[0.63164,42.6896],[0.64199,42.70063],[0.65176,42.80044],[0.66982,42.83574],[0.69688,42.84512],[0.76445,42.83804],[1.01006,42.77896],[1.11113,42.74204],[1.2083,42.71314],[1.29326,42.70996],[1.34941,42.69067],[1.42832,42.5959]],[[1.70606,42.50332],[1.85977,42.45708],[1.92793,42.42632],[1.95147,42.39277],[1.98652,42.3585],[2.03272,42.35352],[2.09834,42.38608],[2.20039,42.42095],[2.37441,42.39028],[2.56797,42.3458],[2.65166,42.34048],[2.65478,42.36211],[2.67002,42.39302],[2.70186,42.4085],[2.74941,42.41304],[2.81562,42.42925],[2.89141,42.45605],[2.97002,42.46724],[3.05264,42.44722],[3.15215,42.43101],[3.21143,42.43115]],[[1.42832,42.5959],[1.41484,42.54839],[1.42197,42.53081],[1.43027,42.49785],[1.42813,42.46133],[1.44883,42.43745],[1.48623,42.43447],[1.53408,42.4417],[1.58643,42.45596],[1.67852,42.49668],[1.70606,42.50332]],[[-8.77715,41.94106],[-8.68296,42.0085],[-8.58965,42.05273],[-8.53809,42.06934],[-8.32256,42.11509],[-8.26606,42.1374],[-8.21309,42.13369],[-8.2042,42.11187],[-8.17358,42.06938],[-8.13931,42.03994],[-8.12998,42.01816],[-8.21333,41.9271],[-8.22476,41.89585],[-8.18125,41.83696],[-8.17353,41.81997],[-8.15249,41.81196],[-8.09443,41.81421],[-7.99097,41.8519],[-7.92085,41.88364],[-7.89639,41.87056],[-7.69307,41.88848],[-7.64468,41.87398],[-7.6126,41.85796],[-7.5126,41.83599],[-7.40361,41.83369],[-7.26856,41.8644],[-7.20962,41.89526],[-7.19834,41.92939],[-7.19536,41.95522],[-7.17793,41.97168],[-7.14712,41.98115],[-7.09912,41.96421],[-7.03047,41.95063],[-6.86553,41.94526],[-6.8332,41.96416],[-6.77729,41.9585],[-6.70361,41.93457],[-6.61826,41.94238],[-6.57534,41.91309],[-6.55752,41.87412],[-6.55259,41.78955],[-6.55898,41.70405],[-6.54219,41.67251],[-6.48467,41.6644],[-6.3917,41.66538],[-6.30806,41.64219],[-6.24312,41.60181],[-6.22168,41.56045],[-6.2125,41.53203],[-6.24434,41.51592],[-6.28935,41.45503],[-6.40313,41.37539],[-6.56592,41.30371],[-6.69014,41.2145],[-6.77578,41.10771],[-6.88281,41.0624],[-6.91553,41.03804],[-6.92847,41.00913],[-6.85771,40.87832],[-6.83589,40.77749],[-6.81836,40.65405],[-6.82983,40.61909],[-6.83569,40.48315],[-6.85205,40.44326],[-6.84795,40.41099],[-6.82178,40.37627],[-6.81016,40.34311],[-6.85889,40.30073],[-6.94844,40.25161],[-7.0147,40.20835],[-7.03262,40.16792],[-7.02783,40.14263],[-6.91641,40.05684],[-6.89609,40.02183],[-6.91118,39.93711],[-6.97539,39.79839],[-7.03672,39.71397],[-7.04741,39.70557],[-7.11768,39.68169],[-7.4541,39.68066],[-7.53569,39.66157],[-7.52422,39.64473],[-7.44512,39.53618],[-7.3627,39.47832],[-7.33545,39.46514],[-7.30576,39.33814],[-7.17241,39.1352],[-7.04297,39.10708],[-6.99795,39.05644],[-7.00625,38.98525],[-7.04605,38.90703],[-7.12549,38.82695],[-7.21992,38.77051],[-7.28154,38.71455],[-7.28638,38.64937],[-7.30596,38.56685],[-7.33579,38.50147],[-7.34302,38.45742],[-7.1064,38.18101],[-6.9748,38.19443],[-6.95757,38.18789],[-6.9811,38.12197],[-7.02285,38.04473],[-7.07251,38.03003],[-7.18545,38.00635],[-7.29224,37.90644],[-7.37891,37.78638],[-7.44395,37.72827],[-7.50352,37.5855],[-7.49604,37.52358],[-7.46719,37.42803],[-7.40615,37.17944]],[[126.63389,37.78184],[126.66455,37.80073],[126.6665,37.82793],[126.6668,37.91719],[126.7543,37.97895],[126.87891,38.10605],[126.94004,38.17559],[127.00967,38.24053],[127.09033,38.28389],[127.16953,38.30454],[127.29404,38.31328],[127.53271,38.30498],[127.57949,38.3125],[127.74551,38.31924],[127.78467,38.30772],[127.90527,38.30044],[128.03896,38.30855],[128.10625,38.32734],[128.16865,38.35933],[128.22314,38.41699],[128.2793,38.52378],[128.33945,38.60786],[128.37461,38.62344]],[[31.28789,-22.40205],[31.29316,-22.45469],[31.30019,-22.47861],[31.34805,-22.61758],[31.41934,-22.8251],[31.4667,-23.0167],[31.53174,-23.27949],[31.52969,-23.42578],[31.5456,-23.48232],[31.6041,-23.55293],[31.67559,-23.67422],[31.7,-23.74307],[31.72402,-23.79453],[31.79961,-23.89219],[31.8583,-24.04023],[31.90801,-24.23623],[31.95059,-24.33027],[31.9666,-24.37646],[31.98584,-24.46064],[31.9832,-24.63828],[31.98438,-24.84404],[31.98574,-25.07383],[31.98701,-25.26348],[31.9794,-25.35947],[31.98457,-25.63193],[31.92031,-25.77393],[31.92832,-25.88535],[31.94824,-25.95762]],[[32.11289,-26.83945],[32.19961,-26.8335],[32.35352,-26.86162],[32.47773,-26.8585],[32.58877,-26.85576],[32.77656,-26.85098],[32.88613,-26.84932]],[[16.44756,-28.61758],[16.48711,-28.57285],[16.62617,-28.48789],[16.68945,-28.46494],[16.72305,-28.47549],[16.75576,-28.45215],[16.7875,-28.39473],[16.79453,-28.34082],[16.81016,-28.26455],[16.84121,-28.21895],[16.87529,-28.12793],[16.9333,-28.06963],[17.05625,-28.03105],[17.14941,-28.08223],[17.18848,-28.13252],[17.20459,-28.19883],[17.2458,-28.23086],[17.31201,-28.22861],[17.35869,-28.26943],[17.38574,-28.35322],[17.38027,-28.41397],[17.34258,-28.45166],[17.34785,-28.50117],[17.3959,-28.5627],[17.41572,-28.62109],[17.44795,-28.69815],[17.6168,-28.74307],[17.69932,-28.76836],[17.8416,-28.77695],[17.97607,-28.81133],[18.10273,-28.87168],[18.31084,-28.88623],[18.60039,-28.85527],[18.83877,-28.86914],[19.02607,-28.92793],[19.16172,-28.93877],[19.2458,-28.90166],[19.28223,-28.84795],[19.271,-28.77773],[19.3127,-28.7333],[19.40723,-28.71445],[19.48291,-28.66162],[19.53984,-28.57461],[19.67148,-28.50391],[19.87783,-28.44941],[19.98047,-28.45127],[19.98047,-28.31035],[19.98047,-27.86553],[19.98047,-27.4207],[19.98047,-26.97598],[19.98047,-26.53115],[19.98047,-26.08633],[19.98047,-25.6416],[19.98047,-25.19678],[19.98047,-24.77676]],[[19.98047,-24.77676],[20.02861,-24.80703],[20.34521,-25.02988],[20.43066,-25.14707],[20.47314,-25.22129],[20.60928,-25.49121],[20.71074,-25.7332],[20.79316,-25.91562],[20.79941,-25.99902],[20.81104,-26.08057],[20.82266,-26.12061],[20.81504,-26.16494],[20.75703,-26.26416],[20.69785,-26.34014],[20.62676,-26.44385],[20.61992,-26.58086],[20.64141,-26.74219],[20.68506,-26.82246],[20.73984,-26.84883],[20.8709,-26.80879],[20.95391,-26.82109],[21.071,-26.85176],[21.45498,-26.83281],[21.50137,-26.84268],[21.64629,-26.8542],[21.69473,-26.84092],[21.73809,-26.80684],[21.78828,-26.71006],[21.8332,-26.67832],[21.91455,-26.66191],[22.01094,-26.63584],[22.09092,-26.58018],[22.21758,-26.38887],[22.4709,-26.21904],[22.54863,-26.17842],[22.59766,-26.13272],[22.64023,-26.07119],[22.729,-25.85732],[22.79609,-25.6791],[22.81894,-25.59512],[22.87881,-25.45791],[22.95127,-25.37031],[23.02207,-25.32412],[23.05752,-25.3123],[23.14873,-25.28867],[23.26602,-25.2666],[23.38926,-25.29141],[23.52148,-25.34443],[23.6707,-25.43398],[23.82344,-25.54463],[23.89375,-25.60088],[23.96953,-25.62607],[24.10449,-25.63486],[24.19297,-25.63291],[24.33057,-25.74287],[24.4002,-25.7498],[24.55586,-25.7831],[24.74815,-25.81738],[24.86924,-25.81348],[24.99893,-25.754],[25.09248,-25.75146],[25.21338,-25.75625],[25.34619,-25.73994],[25.44365,-25.71445],[25.51816,-25.66279],[25.58379,-25.60625],[25.65918,-25.43789],[25.70264,-25.30234],[25.76992,-25.14648],[25.85244,-24.93525],[25.88184,-24.78799],[25.91211,-24.74746],[26.03184,-24.70244],[26.13086,-24.67148],[26.39717,-24.61357],[26.45176,-24.58272],[26.50156,-24.51328],[26.61777,-24.39551],[26.76113,-24.29717],[26.83506,-24.24082],[26.9706,-23.76348],[26.98701,-23.70459],[27.08555,-23.57793],[27.14639,-23.52441],[27.18555,-23.52344],[27.24121,-23.49004],[27.31338,-23.42422],[27.39922,-23.38359],[27.49873,-23.36836],[27.56318,-23.32461],[27.59268,-23.25264],[27.64385,-23.21768],[27.7168,-23.21963],[27.7583,-23.19678],[27.76855,-23.14893],[27.8126,-23.10801],[27.89053,-23.07393],[27.93135,-23.03359],[27.93506,-22.98701],[28.02793,-22.87373],[28.21016,-22.69365],[28.38174,-22.59336],[28.54287,-22.57295],[28.69551,-22.53545],[28.83984,-22.48086],[28.9458,-22.39512],[29.01348,-22.27842],[29.12988,-22.21328],[29.36484,-22.19394]],[[27.05176,-29.66406],[27.05693,-29.62559],[27.09521,-29.59932],[27.20742,-29.5542],[27.29453,-29.51934],[27.35684,-29.45527],[27.4249,-29.36006],[27.45801,-29.30273],[27.49102,-29.27656],[27.52715,-29.23613],[27.59023,-29.14648],[27.66045,-29.04697],[27.73555,-28.94004],[27.83037,-28.90908],[27.95986,-28.87334],[28.08438,-28.77998],[28.23262,-28.70127],[28.47188,-28.61582],[28.5834,-28.59414],[28.62578,-28.58174],[28.65264,-28.59785],[28.68115,-28.64678],[28.72178,-28.6877],[28.81621,-28.75889],[28.85625,-28.77607],[28.95371,-28.88144],[29.05801,-28.95371],[29.17803,-29.03691],[29.25977,-29.07832],[29.30137,-29.08984],[29.33594,-29.16367],[29.3709,-29.21846],[29.39072,-29.26973],[29.38672,-29.31973],[29.34883,-29.44199],[29.29356,-29.56689],[29.24922,-29.61885],[29.19512,-29.65166],[29.14219,-29.70098],[29.12197,-29.80117],[29.09805,-29.91904],[29.029,-29.96758],[28.97529,-29.99941],[28.90107,-30.03848],[28.73691,-30.10195],[28.64688,-30.12656],[28.63437,-30.12871],[28.57666,-30.12305],[28.49961,-30.12891],[28.43906,-30.14248],[28.39209,-30.14756],[28.31543,-30.21846],[28.17617,-30.40986],[28.13906,-30.4499],[28.12871,-30.5251],[28.09639,-30.58457],[28.05684,-30.63105],[28.01816,-30.64229],[27.90186,-30.62383],[27.75313,-30.6],[27.6666,-30.54228],[27.58965,-30.46641],[27.54902,-30.41123],[27.50654,-30.38096],[27.49199,-30.36397],[27.43145,-30.33848],[27.40859,-30.32529],[27.38848,-30.31592],[27.36406,-30.2792],[27.34971,-30.24736],[27.35537,-30.15859],[27.3127,-30.10566],[27.23975,-30.01533],[27.19355,-29.94131],[27.13047,-29.84023],[27.0918,-29.75371],[27.05176,-29.66406]],[[41.53272,-1.69531],[41.5376,-1.61318],[41.52188,-1.57227],[41.42695,-1.44951],[41.24981,-1.22051],[41.11582,-1.04746],[40.97871,-0.87031],[40.97822,-0.72871],[40.97656,-0.30732],[40.97324,0.5354],[40.97002,1.37817],[40.9667,2.22095],[40.96504,2.64233],[40.96445,2.81465],[40.97871,2.84243],[41.13496,2.99707],[41.3418,3.20166],[41.61348,3.59048],[41.76094,3.80161],[41.88398,3.97773]],[[41.88398,3.97773],[41.91533,4.0313],[42.02412,4.13794],[42.22842,4.20166],[42.35518,4.21226],[42.7916,4.29199],[42.85664,4.32422],[42.89473,4.36108],[42.93096,4.44531],[43.01602,4.56333],[43.12568,4.64448],[43.33398,4.75039],[43.53828,4.84033],[43.5835,4.85498],[43.8292,4.91143],[43.88945,4.93076],[43.98887,4.95054],[44.02813,4.95098],[44.36953,4.9312],[44.63662,4.91577],[44.91162,4.8999],[44.94053,4.91201],[45.13281,5.12168],[45.43848,5.45542],[45.63359,5.66826],[45.93496,5.99722],[46.1668,6.23467],[46.42295,6.49727],[46.67178,6.73726],[46.97119,7.02602],[47.15977,7.20786],[47.45283,7.49048],[47.73164,7.75933],[47.97822,7.99707]],[[47.97822,7.99707],[48.12676,8.22217],[48.27275,8.44336],[48.42861,8.67959],[48.6166,8.9646],[48.79355,9.23272],[48.93809,9.45176],[48.93809,9.56411],[48.93828,9.80762],[48.93828,9.97349],[48.93838,10.43325],[48.93848,10.71421],[48.93848,10.98232],[48.93857,11.25845]],[[42.92275,10.99932],[42.90615,10.96025],[42.86289,10.90322],[42.80977,10.846],[42.76309,10.78691],[42.65957,10.62139],[42.65644,10.6],[42.66924,10.56758],[42.72519,10.49175],[42.78369,10.36963],[42.81641,10.25737],[42.8416,10.20308],[42.9125,10.14082],[43.01475,10.0126],[43.06894,9.92622],[43.18164,9.87998],[43.21846,9.77017],[43.30313,9.60908],[43.39434,9.48027],[43.48252,9.37949],[43.58105,9.34072],[43.62051,9.3374],[43.82676,9.15078],[43.98379,9.00884],[44.02285,8.98603],[44.30625,8.89307],[44.63203,8.78608],[44.89355,8.7002],[45.22695,8.59082],[45.55547,8.48301],[45.86328,8.37988],[46.296,8.23496],[46.64473,8.11816],[46.91953,8.02612],[46.97822,7.99707],[47.30566,7.99707],[47.6377,7.99707],[47.97822,7.99707]],[[42.92275,10.99932],[43.04863,11.19434],[43.15937,11.36572],[43.246,11.49981]],[[17.14736,48.00596],[17.17461,48.01206],[17.27725,48.00435],[17.30156,47.99336],[17.31728,47.99092],[17.48066,47.8876],[17.63525,47.80991],[17.76191,47.77017],[17.94795,47.76689],[18.1456,47.76343],[18.47627,47.777],[18.72422,47.78716],[18.74063,47.80649],[18.77803,47.85288],[18.74834,47.89268],[18.7501,47.93945],[18.7919,48.00029],[18.91416,48.05083],[19.26514,48.07305],[19.46699,48.11069],[19.49746,48.16211],[19.56426,48.21284],[19.62539,48.2231],[19.70918,48.1998],[19.81006,48.15503],[19.89863,48.13135],[19.95039,48.14663],[20.12861,48.22202],[20.33379,48.29556],[20.475,48.49512],[20.49004,48.5269],[20.64316,48.54971],[20.8666,48.54565],[20.98115,48.51968],[21.06728,48.50591],[21.19639,48.5106],[21.38242,48.55347],[21.45137,48.55225],[21.50469,48.52188],[21.56318,48.4957],[21.60264,48.46367],[21.63252,48.41851],[21.64863,48.40147],[21.67461,48.37837],[21.72148,48.34658],[21.76699,48.33809],[22.11133,48.39336],[22.13184,48.40532]],[[16.95312,48.59883],[16.94883,48.58857],[16.94336,48.55093],[16.90449,48.50352],[16.86269,48.44141],[16.86543,48.38691],[16.97266,48.1981],[17.06787,48.08325],[17.08594,48.03955],[17.14736,48.00596]],[[16.95312,48.59883],[16.98525,48.6769],[17.06328,48.78076],[17.13565,48.84106],[17.18848,48.86094],[17.29688,48.84282],[17.48262,48.82778],[17.62539,48.84185],[17.7585,48.88813],[17.83086,48.92861],[17.89268,48.97114],[17.91328,48.99873],[17.94072,49.01196],[18.05088,49.03652],[18.08594,49.06514],[18.10039,49.11934],[18.10996,49.17979],[18.13262,49.22456],[18.16094,49.25737],[18.36484,49.33623],[18.38311,49.36392],[18.41582,49.39092],[18.47607,49.42109],[18.53457,49.4647],[18.59648,49.49146],[18.67617,49.48848],[18.74971,49.49399],[18.80703,49.50923],[18.83223,49.51079]],[[18.83223,49.51079],[18.93818,49.49829],[18.95723,49.44829],[18.96836,49.39624],[19.14941,49.4],[19.2502,49.51143],[19.30234,49.52485],[19.38623,49.56362],[19.4416,49.5977],[19.47969,49.57637],[19.53477,49.50478],[19.59307,49.44712],[19.62666,49.42437],[19.63027,49.40664],[19.66416,49.39605],[19.73008,49.3896],[19.77393,49.37217],[19.78701,49.31856],[19.78799,49.26997],[19.76738,49.23521],[19.75664,49.20439],[19.80225,49.19233],[19.86895,49.204],[19.91611,49.22139],[20.05762,49.1813],[20.10762,49.27075],[20.16367,49.31641],[20.23652,49.33765],[20.30254,49.36553],[20.36299,49.38525],[20.40469,49.38408],[20.42266,49.39233],[20.47451,49.39019],[20.53457,49.3812],[20.61611,49.3917],[20.729,49.36992],[20.79951,49.32866],[20.86846,49.3147],[20.94727,49.31709],[21.00117,49.33984],[21.0794,49.41826],[21.13613,49.41704],[21.225,49.42944],[21.35049,49.42876],[21.63965,49.41196],[21.71211,49.38193],[21.89014,49.34346],[21.96768,49.29907],[22.00215,49.24609],[22.02012,49.20952],[22.20254,49.15322],[22.47305,49.0813],[22.53867,49.0727]],[[13.57793,45.51689],[13.61523,45.47676],[13.87871,45.42837],[13.93564,45.4498],[13.97012,45.48262],[13.97031,45.50337],[13.99277,45.50942],[14.08555,45.47783],[14.16123,45.48516],[14.28301,45.48662],[14.36992,45.48145],[14.42734,45.50576],[14.50518,45.59522],[14.53398,45.64526],[14.56885,45.65723],[14.5918,45.65127],[14.60859,45.61011],[14.64951,45.57148],[14.73359,45.5085],[14.79307,45.47822],[14.84707,45.46733],[14.9,45.49268],[14.95459,45.4999],[15.11045,45.45078],[15.24209,45.44141],[15.33945,45.46704],[15.32666,45.50229],[15.29121,45.54155],[15.28359,45.57969],[15.29014,45.61265],[15.35693,45.64551],[15.35371,45.65991],[15.27295,45.71773],[15.27705,45.73262],[15.4541,45.79761],[15.62481,45.83403],[15.65215,45.86216],[15.66807,45.90444],[15.67559,45.98369],[15.66621,46.04849],[15.59688,46.10923],[15.59258,46.13999],[15.60898,46.17192],[15.63594,46.20073],[15.7042,46.21323],[15.78428,46.23398],[15.84756,46.25786],[15.9333,46.27764],[16.00068,46.30537],[16.0665,46.37134],[16.10645,46.38223],[16.22744,46.37285],[16.25332,46.38911],[16.23672,46.48384],[16.2584,46.50791],[16.30117,46.52139],[16.32119,46.53462],[16.42764,46.52441],[16.51621,46.4999]],[[13.7,46.52026],[13.67969,46.46289],[13.63711,46.44853],[13.56328,46.41509],[13.47852,46.36919],[13.39951,46.31753],[13.37822,46.26162],[13.39961,46.22495],[13.421,46.21231],[13.4498,46.22353],[13.4918,46.2166],[13.54473,46.19658],[13.63252,46.17705],[13.63496,46.15776],[13.6166,46.13311],[13.54805,46.08911],[13.48643,46.03955],[13.48027,46.00923],[13.4877,45.98711],[13.50918,45.97378],[13.60059,45.97978],[13.61397,45.96167],[13.56963,45.83413],[13.5834,45.81235],[13.66348,45.79199],[13.72168,45.76128],[13.83115,45.68042],[13.87471,45.61484],[13.84473,45.59287],[13.77598,45.58198],[13.71982,45.5876]],[[13.7,46.52026],[13.74395,46.51431],[13.83135,46.51123],[13.92881,46.49819],[14.01963,46.48218],[14.09951,46.46191],[14.26728,46.44072],[14.41992,46.42793],[14.46592,46.41611],[14.50352,46.41704],[14.5498,46.39971],[14.57715,46.41294],[14.59697,46.43608],[14.68018,46.46343],[14.75674,46.49912],[14.81055,46.54458],[14.84062,46.58047],[14.89326,46.60591],[14.94941,46.61323],[15.00068,46.62598],[15.21699,46.64297],[15.43926,46.62964],[15.54531,46.65464],[15.63262,46.69844],[15.76025,46.71074],[15.76689,46.71128],[15.95762,46.67764],[15.97227,46.69722],[15.98047,46.70586],[15.97686,46.80137],[16.03721,46.84482],[16.09307,46.86328]],[[16.09307,46.86328],[16.28359,46.85728],[16.3085,46.82798],[16.31846,46.78252],[16.33545,46.72163],[16.36719,46.70479],[16.38457,46.68081],[16.38125,46.63867],[16.41846,46.60723],[16.50566,46.52207],[16.51621,46.4999]],[[-11.50752,6.90654],[-11.45454,6.95122],[-11.37666,7.09468],[-11.26768,7.23262],[-11.16611,7.3144],[-11.0854,7.39858],[-11.00024,7.46304],[-10.87808,7.53823],[-10.69131,7.73643],[-10.64746,7.75938],[-10.61758,7.89644],[-10.57085,8.07114],[-10.51675,8.12529],[-10.38955,8.15762],[-10.35981,8.18794],[-10.31465,8.31084],[-10.28574,8.4541],[-10.2832,8.48516]],[[-13.29268,9.04922],[-13.23423,9.07012],[-13.17837,9.06089],[-13.12988,9.04756],[-13.07729,9.06963],[-13.02803,9.10356],[-12.99863,9.14692],[-12.95879,9.26333],[-12.8311,9.30225],[-12.75586,9.37358],[-12.68442,9.48418],[-12.65166,9.56191],[-12.62217,9.60064],[-12.60361,9.63423],[-12.58984,9.67114],[-12.55786,9.70498],[-12.52436,9.78721],[-12.50146,9.86216],[-12.42798,9.89814],[-12.27773,9.92979],[-12.14233,9.87539],[-11.92275,9.92275],[-11.91108,9.99302],[-11.71006,9.99419],[-11.47192,9.99546],[-11.27363,9.99653],[-11.20566,9.97773],[-11.18086,9.92534],[-11.11567,9.84316],[-11.04746,9.78633],[-10.96309,9.66162],[-10.8648,9.51646],[-10.75859,9.38535],[-10.69053,9.31426],[-10.68271,9.28936],[-10.68765,9.26113],[-10.72124,9.19448],[-10.74995,9.12236],[-10.74702,9.09526],[-10.72686,9.08169],[-10.61597,9.05918],[-10.60576,8.97881],[-10.60562,8.86758],[-10.55176,8.76377],[-10.50054,8.68755],[-10.50313,8.6603],[-10.62847,8.52998],[-10.67734,8.40059],[-10.70215,8.36421],[-10.71211,8.33525],[-10.68696,8.32168],[-10.65264,8.33027],[-10.604,8.31948],[-10.55771,8.31567],[-10.49644,8.36211],[-10.39443,8.48096],[-10.36006,8.49551],[-10.2832,8.48516]],[[20.2418,46.10859],[20.30137,46.05068],[20.35859,45.97549],[20.43799,45.94077],[20.53262,45.89951],[20.58115,45.86948],[20.65273,45.7794],[20.70928,45.73525],[20.72783,45.7374],[20.74687,45.74898],[20.76016,45.75811],[20.775,45.74981],[20.77578,45.72251],[20.7793,45.66201],[20.76582,45.59746],[20.78603,45.53648],[20.78652,45.51748],[20.77246,45.5001],[20.77422,45.48442],[20.79404,45.46787],[20.8708,45.42754],[20.9418,45.36533],[21.02383,45.32153],[21.0999,45.29355],[21.14785,45.29175],[21.22647,45.24131],[21.38174,45.20508],[21.43145,45.19253],[21.46543,45.17188],[21.49023,45.1479],[21.4918,45.12227],[21.46787,45.10986],[21.43447,45.07515],[21.4207,45.03296],[21.3959,45.02222],[21.37109,45.02139],[21.35293,45.00898],[21.35703,44.99077],[21.37773,44.97344],[21.40996,44.95772],[21.47197,44.94199],[21.5332,44.91885],[21.53232,44.90068],[21.51992,44.88081],[21.44219,44.87339],[21.38437,44.87007],[21.35791,44.86182],[21.36006,44.82666],[21.52314,44.79009],[21.59707,44.75542],[21.63613,44.71045],[21.74023,44.68066],[21.90928,44.66611],[22.02695,44.61987],[22.09307,44.54194],[22.20098,44.56069],[22.35068,44.67612],[22.49766,44.70625],[22.64209,44.65098],[22.7209,44.60552],[22.73438,44.56992],[22.70078,44.55552],[22.62012,44.56235],[22.554,44.54033],[22.50234,44.4896],[22.49453,44.43545],[22.53066,44.37798],[22.58184,44.33833],[22.64795,44.31645],[22.6833,44.28648],[22.68789,44.24829],[22.70508,44.23779]],[[22.34404,42.31397],[22.42207,42.32886],[22.4457,42.35913],[22.52353,42.44097],[22.53242,42.4812],[22.52422,42.50391],[22.47207,42.54331],[22.43623,42.6291],[22.46328,42.70947],[22.46562,42.75078],[22.43926,42.79165],[22.4668,42.84248],[22.52275,42.87031],[22.55811,42.87847],[22.70615,42.88394],[22.7999,42.98574],[22.85684,43.01826],[22.91523,43.07598],[22.94228,43.09707],[22.96797,43.14204],[22.97686,43.18799],[22.85957,43.25234],[22.81973,43.30073],[22.76758,43.35415],[22.69697,43.39106],[22.55459,43.45449],[22.49912,43.51885],[22.47412,43.60225],[22.43633,43.66548],[22.39482,43.70664],[22.38691,43.74014],[22.36963,43.7813],[22.36543,43.86211],[22.39902,43.96953],[22.4208,44.00742],[22.46904,44.01802],[22.59746,44.07529],[22.60342,44.14858],[22.62656,44.19409],[22.66748,44.22022],[22.70508,44.23779]],[[21.5625,42.24751],[21.61826,42.24214],[21.73926,42.26772],[21.81465,42.30313],[21.85303,42.3084],[21.9041,42.32207],[21.97754,42.32007],[22.05205,42.30464],[22.14668,42.325],[22.23975,42.35815],[22.27705,42.34985],[22.31738,42.32173],[22.34404,42.31397]],[[20.34434,42.82793],[20.46885,42.85791],[20.48682,42.87905],[20.4584,42.92456],[20.4751,42.95303],[20.62402,43.03418],[20.64853,43.07095],[20.65762,43.09985],[20.6376,43.13037],[20.60967,43.17842],[20.62315,43.19863],[20.70059,43.22637],[20.76338,43.25859],[20.80059,43.26108],[20.82383,43.23794],[20.82383,43.21397],[20.84443,43.17344],[20.89072,43.15166],[20.96768,43.11602],[21.05703,43.0917],[21.12705,43.04302],[21.22266,42.9562],[21.23711,42.91323],[21.32315,42.87471],[21.40303,42.83154],[21.39062,42.75142],[21.6625,42.68149],[21.72383,42.68198],[21.75293,42.66982],[21.75215,42.65151],[21.73066,42.59546],[21.61904,42.42324],[21.60986,42.38745],[21.52998,42.35],[21.51894,42.32842],[21.5416,42.28081],[21.5625,42.24751]],[[19.19434,43.5333],[19.1916,43.52105],[19.19648,43.48501],[19.21875,43.44995],[19.29824,43.41396],[19.41465,43.34282],[19.55156,43.21226],[19.61445,43.17344],[19.671,43.16396],[19.78115,43.10977],[19.85801,43.09653],[19.94404,43.08164],[20.16787,42.96851],[20.26846,42.93545],[20.33994,42.89287],[20.34766,42.85278],[20.34434,42.82793]],[[19.00713,44.86919],[19.04209,44.87134],[19.13154,44.89961],[19.23682,44.91426],[19.3127,44.89746],[19.34863,44.88091],[19.35684,44.85854],[19.33447,44.78066],[19.2919,44.69678],[19.22314,44.60957],[19.15137,44.52734],[19.13242,44.48379],[19.12734,44.41455],[19.11846,44.35996],[19.12832,44.33027],[19.15186,44.30254],[19.23154,44.28057],[19.33887,44.22583],[19.43018,44.15449],[19.54717,44.07349],[19.58379,44.04346],[19.58369,44.01108],[19.54951,43.98711],[19.44941,43.97803],[19.34521,43.98511],[19.30527,43.99336],[19.26807,43.98345],[19.24502,43.96504],[19.25723,43.94331],[19.36406,43.84477],[19.48818,43.70356],[19.49512,43.64287],[19.47998,43.59517],[19.45127,43.56206],[19.39961,43.56758],[19.36035,43.59346],[19.30078,43.5918],[19.25449,43.58438],[19.19434,43.5333]],[[18.90537,45.93174],[18.90107,45.90762],[18.89355,45.86553],[18.83906,45.83574],[18.89453,45.76709],[18.94727,45.65581],[18.91787,45.60083],[18.95371,45.55801],[19.05508,45.52725],[19.06426,45.51499],[19.0333,45.5022],[19.00762,45.46582],[19.00469,45.39951],[19.09307,45.33691],[19.27285,45.27798],[19.33027,45.26807],[19.35225,45.24541],[19.38232,45.23062],[19.4,45.2125],[19.40098,45.18906],[19.38809,45.173],[19.30303,45.16728],[19.20596,45.16777],[19.13691,45.19624],[19.13076,45.17549],[19.12969,45.15171],[19.06289,45.13721],[19.1,44.97378],[19.08525,44.92676],[19.06055,44.91099],[19.0376,44.91753],[19.00957,44.91938],[18.99551,44.904],[19.00713,44.86919]],[[18.90537,45.93174],[18.92783,45.9314],[19.01572,45.95972],[19.04766,45.98267],[19.06621,46.00952],[19.08731,46.01616],[19.14629,45.98701],[19.2084,45.98442],[19.27812,46.00288],[19.33027,46.02852],[19.39287,46.0498],[19.42129,46.06445],[19.45752,46.08735],[19.53076,46.15518],[19.61348,46.16919],[19.72451,46.1519],[19.84443,46.1459],[19.93408,46.16148],[20.16143,46.14189],[20.21016,46.12602],[20.2418,46.10859]],[[-12.28061,14.80903],[-12.18652,14.64814],[-12.20684,14.57114],[-12.22842,14.45859],[-12.17524,14.37666],[-12.11289,14.32329],[-12.06836,14.27422],[-12.01919,14.20649],[-12.01118,14.07183],[-12.02012,13.97466],[-11.98809,13.93076],[-11.96089,13.87529],[-11.96636,13.82896],[-11.98418,13.78809],[-12.04414,13.73389],[-12.0542,13.63306],[-11.95708,13.51089],[-11.89458,13.44443],[-11.89522,13.4063],[-11.87778,13.36455],[-11.83169,13.31582],[-11.80337,13.32729],[-11.77222,13.36709],[-11.75825,13.39453],[-11.67446,13.38237],[-11.63496,13.36987],[-11.58135,13.29004],[-11.56167,13.23696],[-11.54878,13.17026],[-11.49282,13.08696],[-11.44414,13.02822],[-11.43394,12.9916],[-11.39038,12.94199],[-11.41743,12.83188],[-11.41436,12.77549],[-11.44409,12.62759],[-11.45059,12.55771],[-11.44878,12.53193],[-11.38242,12.47925],[-11.3894,12.40439]],[[-13.72925,12.67393],[-13.40576,12.66226],[-13.37256,12.65361],[-13.22808,12.6396],[-13.13848,12.63975],[-13.08291,12.63354],[-13.05977,12.61504],[-13.0644,12.58105],[-13.07983,12.53628],[-13.06128,12.48999],[-13.01191,12.47764],[-12.98564,12.49165],[-12.96055,12.51436],[-12.93071,12.53228],[-12.88818,12.52002],[-12.79731,12.4519],[-12.71304,12.43315],[-12.6208,12.39619],[-12.53423,12.37578],[-12.45737,12.37837],[-12.39907,12.34009],[-12.29121,12.32803],[-12.15195,12.37661],[-12.04238,12.39805],[-11.88857,12.40332],[-11.8081,12.3873],[-11.57368,12.42632],[-11.45674,12.41758],[-11.3894,12.40439]],[[-16.71182,12.35483],[-16.65693,12.36435],[-16.52134,12.34863],[-16.41631,12.36768],[-16.34229,12.39951],[-16.2415,12.44331],[-16.14419,12.45742],[-15.83955,12.43789],[-15.5748,12.49038],[-15.37793,12.58896],[-15.19609,12.67993],[-14.9606,12.67896],[-14.70815,12.67798],[-14.34922,12.67642],[-14.06484,12.67529],[-13.72925,12.67393]],[[-16.76333,13.06416],[-16.70454,13.11973],[-16.64878,13.15415],[-16.43086,13.15732],[-16.22832,13.1603],[-16.03306,13.15835],[-15.83428,13.15644],[-15.8144,13.32515],[-15.75156,13.33838],[-15.65732,13.35581],[-15.48184,13.37637],[-15.28623,13.396],[-15.24453,13.4291],[-15.21211,13.48506],[-15.1916,13.53525],[-15.15112,13.55649],[-15.09639,13.53965],[-15.02461,13.51333],[-14.95029,13.47261],[-14.86504,13.43486],[-14.80825,13.41113],[-14.67192,13.35171],[-14.43857,13.2689],[-14.24678,13.23584],[-14.01489,13.29639],[-13.84751,13.3353],[-13.82671,13.40781],[-13.85283,13.47856],[-13.97739,13.54346],[-14.14697,13.53613],[-14.19902,13.51875],[-14.27803,13.49717],[-14.32554,13.48857],[-14.40547,13.50371],[-14.50698,13.55972],[-14.57085,13.61616],[-14.66016,13.64263],[-14.76602,13.66909],[-14.93579,13.7852],[-15.02446,13.80601],[-15.10835,13.81211],[-15.26953,13.78911],[-15.42685,13.727],[-15.50967,13.58623],[-15.66719,13.58828],[-16.00161,13.59277],[-16.30874,13.59688],[-16.5623,13.58731]],[[-16.53525,15.83838],[-16.50205,15.91733],[-16.48008,16.09722],[-16.44102,16.20454],[-16.40435,16.2249],[-16.3581,16.30718],[-16.3023,16.45132],[-16.23901,16.5313],[-16.16836,16.54707],[-16.11328,16.54014],[-16.07402,16.51045],[-15.95898,16.49214],[-15.76821,16.48511],[-15.6208,16.50659],[-15.5167,16.55659],[-15.37998,16.58198],[-15.21055,16.58262],[-15.12144,16.60361],[-15.11265,16.64492],[-15.09058,16.65737],[-15.05523,16.64097],[-15.02192,16.64746],[-14.99062,16.6769],[-14.95952,16.67891],[-14.92861,16.65352],[-14.78672,16.6459],[-14.53374,16.65596],[-14.3001,16.58027],[-14.08564,16.41885],[-13.97505,16.31113],[-13.96816,16.25723],[-13.93262,16.20288],[-13.86846,16.14814],[-13.80981,16.13804],[-13.75664,16.17251],[-13.71494,16.1688],[-13.68467,16.1269],[-13.62354,16.11831],[-13.55552,16.14404],[-13.50698,16.1352],[-13.49814,16.1103],[-13.48696,16.09702],[-13.4541,16.09111],[-13.40967,16.05918],[-13.34756,15.97349],[-13.29702,15.85386],[-13.25801,15.70039],[-13.20645,15.61689],[-13.14238,15.60332],[-13.10527,15.57178],[-13.0979,15.53525],[-13.0793,15.51045],[-13.04853,15.49663],[-12.99434,15.50488],[-12.93086,15.45303],[-12.8627,15.34043],[-12.8519,15.28965],[-12.86265,15.2624],[-12.8585,15.24253],[-12.81318,15.22354],[-12.77031,15.18667],[-12.73525,15.13125],[-12.65962,15.08208],[-12.54355,15.03901],[-12.45986,14.97466],[-12.40869,14.88901],[-12.30254,14.81699],[-12.28061,14.80903]],[[34.95078,29.35352],[35.16377,29.32095],[35.33916,29.29409],[35.59531,29.25488],[35.86035,29.21426],[36.01543,29.19048],[36.06846,29.20054],[36.28281,29.35537],[36.47607,29.49512],[36.5918,29.66611],[36.70391,29.83164],[36.75527,29.86602],[36.92705,29.89707],[37.19941,29.94629],[37.46924,29.99507],[37.49072,30.01172],[37.55361,30.14458],[37.63359,30.31328],[37.6499,30.33096],[37.66973,30.34814],[37.86289,30.44263],[37.98008,30.5],[37.81299,30.66929],[37.65547,30.82896],[37.479,31.00776],[37.32949,31.14683],[37.10527,31.35518],[36.95859,31.4915],[37.21563,31.5561],[37.49336,31.62588],[37.77383,31.69634],[38.11143,31.78115],[38.37549,31.84746],[38.76963,31.94648],[38.96231,31.99492],[38.99707,32.00747],[39.14541,32.12451]],[[39.14541,32.12451],[39.36865,32.09175],[39.7041,32.04253],[40.02783,31.99502],[40.36934,31.93896],[40.47891,31.89336],[40.8084,31.72544],[41.02246,31.61636],[41.27246,31.48901],[41.58506,31.32974],[41.79971,31.22036],[42.07441,31.08037],[42.28857,30.92041],[42.55977,30.71777],[42.85771,30.49522],[43.10312,30.32222],[43.44082,30.08398],[43.77373,29.84922],[44.09961,29.61934],[44.36074,29.43525],[44.69082,29.20234],[44.7165,29.1936],[45.05029,29.16709],[45.49893,29.13154],[45.94971,29.09585],[46.35645,29.06367],[46.53144,29.09624]],[[46.53144,29.09624],[46.72481,29.07461],[46.98223,29.04565],[47.13877,29.02617],[47.4332,28.98955],[47.52129,28.83784],[47.55322,28.73154],[47.58311,28.62798],[47.67129,28.53315],[47.87197,28.53545],[48.04961,28.5375],[48.26875,28.54053],[48.44248,28.54292]],[[50.80439,24.78926],[50.85566,24.67964],[50.92832,24.59512],[50.96602,24.57393],[51.02275,24.56523],[51.09336,24.56465],[51.17803,24.58672],[51.26797,24.60723]],[[51.97764,18.99614],[52.11856,19.04316],[52.29062,19.10049],[52.46269,19.15781],[52.63467,19.21514],[52.80674,19.27246],[52.97871,19.32979],[53.15078,19.38716],[53.32285,19.44448],[53.49482,19.50181],[53.66689,19.55913],[53.83887,19.6165],[54.01094,19.67383],[54.18301,19.73115],[54.35498,19.78848],[54.52705,19.8458],[54.69902,19.90312],[54.87109,19.9605],[54.97734,19.99595],[55.02148,20.12925],[55.0582,20.23994],[55.09473,20.35064],[55.13144,20.46133],[55.16807,20.57202],[55.20459,20.68272],[55.24121,20.79341],[55.27793,20.9041],[55.31445,21.01479],[55.35107,21.12554],[55.3877,21.23623],[55.42432,21.34692],[55.46094,21.45762],[55.49756,21.56831],[55.53418,21.679],[55.5708,21.7897],[55.60742,21.90039],[55.64102,22.00185],[55.57773,22.09951],[55.49277,22.23066],[55.40381,22.36782],[55.32012,22.49692],[55.25928,22.59092],[55.18584,22.7041]],[[12.39687,43.93457],[12.42637,43.89409],[12.48525,43.90142],[12.51465,43.95298],[12.50371,43.98975],[12.44111,43.98242],[12.39687,43.93457]],[[29.01435,-2.72022],[29.02861,-2.66455],[29.06318,-2.60254],[29.10205,-2.5957],[29.19756,-2.62031],[29.29707,-2.67305],[29.3498,-2.7915],[29.39023,-2.80859],[29.46367,-2.8084],[29.65137,-2.79277],[29.69805,-2.79473],[29.7834,-2.76641],[29.86816,-2.71641],[29.89258,-2.66465],[29.9124,-2.54863],[29.93018,-2.33955],[29.97344,-2.33711],[30.0919,-2.41152],[30.11728,-2.4166],[30.14229,-2.41397],[30.1833,-2.37705],[30.23379,-2.34707],[30.271,-2.34785],[30.4085,-2.31299],[30.48223,-2.37607],[30.52891,-2.39561],[30.55361,-2.4001]],[[29.01435,-2.72022],[28.92178,-2.68203],[28.89394,-2.63506],[28.89141,-2.55557],[28.85762,-2.44668],[28.87637,-2.40029],[28.91269,-2.37031],[28.98955,-2.31279],[29.10645,-2.2332],[29.13154,-2.19512],[29.14805,-2.13184],[29.14062,-1.98457],[29.12939,-1.86025],[29.14326,-1.81602],[29.19658,-1.71992],[29.26816,-1.62158],[29.35166,-1.51758],[29.40195,-1.50742],[29.46797,-1.46807],[29.53779,-1.40977],[29.57695,-1.38789]],[[130.52695,42.5354],[130.5541,42.47471],[130.61797,42.41562],[130.65156,42.37251],[130.65801,42.32778],[130.68731,42.30254]],[[87.32285,49.08579],[87.4167,49.07661],[87.47617,49.09146],[87.51582,49.12241],[87.57656,49.13237],[87.66836,49.14722],[87.7625,49.16582],[87.81426,49.16231]],[[116.6833,49.82378],[116.88896,49.73779],[117.02168,49.69297],[117.2456,49.62485],[117.47715,49.60942],[117.69844,49.53584],[117.8126,49.51353],[117.87344,49.51348],[118.18662,49.69277],[118.45156,49.84448],[118.75596,49.96284],[118.97949,49.97886],[119.14746,50.01338],[119.25986,50.06641],[119.32607,50.15493],[119.34629,50.27896],[119.30156,50.35391],[119.1919,50.37983],[119.16367,50.40601],[119.2167,50.43252],[119.25586,50.48418],[119.28066,50.56099],[119.34404,50.63389],[119.4457,50.70283],[119.50176,50.77925],[119.5123,50.86313],[119.57344,50.94678],[119.68496,51.03013],[119.746,51.10771],[119.75664,51.17949],[119.81318,51.26704],[119.96699,51.42212],[120.0669,51.60068],[120.23701,51.723],[120.51055,51.84853],[120.68144,51.97305],[120.7498,52.09653],[120.74453,52.20547],[120.66543,52.2999],[120.65039,52.3959],[120.69922,52.4936],[120.65615,52.56665],[120.52109,52.61504],[120.36006,52.627],[120.17275,52.60249],[120.06758,52.63291],[120.04434,52.71821],[120.09453,52.78721],[120.21816,52.83989],[120.42129,52.96807],[120.7041,53.17183],[120.98545,53.28457],[121.40547,53.31704],[121.74394,53.38359],[122.08887,53.45146],[122.33779,53.48501],[122.38018,53.4625],[122.51582,53.45698],[122.74473,53.46851],[122.95762,53.49771],[123.1541,53.54458],[123.30957,53.55562],[123.42402,53.53076],[123.48945,53.52944],[123.53477,53.52647],[123.55977,53.52666],[123.60781,53.54653],[123.74092,53.51099],[123.99473,53.40561],[124.1543,53.35869],[124.21992,53.37012],[124.29141,53.34087],[124.36914,53.27095],[124.46592,53.22964],[124.63984,53.21064],[124.8123,53.13384],[124.88213,53.12974],[124.90664,53.17266],[124.9709,53.19731],[125.075,53.20366],[125.22559,53.16582],[125.42246,53.08374],[125.546,53.04761],[125.596,53.05747],[125.64902,53.04228],[125.6917,53.00371],[125.69531,52.9563],[125.68076,52.93081],[125.72813,52.89072],[125.78281,52.89072],[125.87188,52.87153],[125.9416,52.80068],[126.0043,52.76787],[126.04815,52.73945],[126.05606,52.71587],[126.06016,52.69199],[126.04707,52.67349],[126.02324,52.64302],[126.01602,52.61021],[126.0459,52.57334],[126.15664,52.54663],[126.19443,52.51914],[126.20293,52.48384],[126.2376,52.44482],[126.31289,52.39976],[126.3417,52.36201],[126.32422,52.33164],[126.34629,52.30625],[126.3835,52.28652],[126.3915,52.2145],[126.39482,52.173],[126.45557,52.12647],[126.46807,52.0313],[126.51055,51.92583],[126.65371,51.7813],[126.70078,51.70303],[126.68867,51.60991],[126.70918,51.56631],[126.77451,51.54507],[126.80547,51.50566],[126.80176,51.44805],[126.82734,51.41226],[126.84775,51.37417],[126.83379,51.31489],[126.85439,51.26138],[126.88769,51.23013],[126.91152,51.17231],[126.92481,51.10015],[127.02041,50.98589],[127.19824,50.82944],[127.30703,50.70796],[127.34687,50.62134],[127.34717,50.5501],[127.3082,50.49419],[127.30606,50.45352],[127.34082,50.42808],[127.35117,50.3936],[127.33721,50.35015],[127.39531,50.29858],[127.59023,50.20898],[127.5123,50.07168],[127.4918,49.97505],[127.50244,49.87344],[127.55078,49.80181],[127.63672,49.7602],[127.69014,49.71675],[127.71113,49.67153],[127.81426,49.62212],[127.99961,49.5686],[128.23711,49.55928],[128.52676,49.59424],[128.704,49.60015],[128.76904,49.57695],[128.79102,49.54185],[128.77031,49.49473],[128.81934,49.46377],[128.93828,49.44893],[129.02031,49.41924],[129.06514,49.37466],[129.12012,49.36206],[129.18516,49.3814],[129.24844,49.37866],[129.30986,49.35386],[129.3501,49.36235],[129.38467,49.38945],[129.44072,49.38945],[129.49814,49.38882],[129.53369,49.32344],[129.59141,49.28667],[129.67109,49.27852],[129.79258,49.19888],[130.03711,48.97227],[130.196,48.89165],[130.35527,48.86636],[130.55312,48.86118],[130.61719,48.77319],[130.56563,48.68013],[130.55215,48.60249],[130.59727,48.57466],[130.65918,48.4834],[130.74687,48.43037],[130.76348,48.38843],[130.8043,48.3415],[130.78721,48.25459],[130.71211,48.12764],[130.73262,48.01924],[130.84863,47.92944],[130.91543,47.84292],[130.93281,47.75981],[130.96191,47.70933],[131.00273,47.69145],[131.12187,47.69766],[131.31934,47.72783],[131.46426,47.72261],[131.55674,47.68203],[131.78525,47.68052],[132.1498,47.71797],[132.38018,47.72949],[132.47627,47.71499],[132.56191,47.76851],[132.63691,47.89009],[132.70723,47.94727],[132.77285,47.94009],[132.87715,47.9791],[133.02012,48.0644],[133.14404,48.10566],[133.30117,48.10151],[133.46836,48.09717],[133.57324,48.13301],[133.67178,48.20772],[133.84219,48.27373],[134.20586,48.35991],[134.29336,48.37344],[134.33496,48.36885],[134.45615,48.35532],[134.56357,48.32173],[134.66523,48.25391],[134.68086,48.21045],[134.66934,48.15332],[134.64727,48.12017],[134.60537,48.08291],[134.56602,48.02251],[134.59131,47.97519],[134.65029,47.87427],[134.69863,47.80142],[134.75234,47.71543],[134.72813,47.68447],[134.6958,47.62485],[134.59619,47.52388],[134.5419,47.48516],[134.4835,47.44736],[134.38252,47.43823],[134.33945,47.42949],[134.29082,47.41357],[134.26006,47.37773],[134.2252,47.35264],[134.16768,47.3022],[134.16299,47.25874],[134.18926,47.19424],[134.20215,47.12808],[134.13691,47.06899],[134.08643,46.97812],[134.07139,46.95078],[134.046,46.88198],[134.03857,46.85815],[134.02266,46.71318],[133.95752,46.61426],[133.8666,46.49912],[133.88672,46.43057],[133.90273,46.36694],[133.88027,46.33604],[133.87481,46.30908],[133.86133,46.24775],[133.83281,46.22427],[133.75019,46.18594],[133.70068,46.13975],[133.71113,46.06963],[133.68574,46.00894],[133.64785,45.95522],[133.60801,45.92031],[133.55117,45.8978],[133.51309,45.87881],[133.48467,45.81045],[133.47578,45.75767],[133.44912,45.70508],[133.46562,45.65122],[133.43643,45.60469],[133.35547,45.57222],[133.30957,45.55308],[133.26699,45.54526],[133.18604,45.49482],[133.11338,45.32144],[133.09688,45.22046],[133.11348,45.13071],[133.01172,45.07456],[132.93604,45.02993],[132.88877,45.04604],[132.83867,45.06113],[132.72314,45.08057],[132.66563,45.0937],[132.54902,45.1228],[132.36299,45.15996],[132.18135,45.20327],[132.06738,45.22598],[131.97754,45.24399],[131.90928,45.27373],[131.85186,45.32686],[131.79492,45.30527],[131.74209,45.24263],[131.654,45.20537],[131.61397,45.13657],[131.57871,45.08364],[131.4875,45.01313],[131.44688,44.98403],[131.26826,44.93613],[131.22793,44.92017],[131.08232,44.91001],[131.03301,44.88887],[130.98164,44.84434],[130.96777,44.79995],[131.00391,44.75322],[131.06064,44.65967],[131.08691,44.59565],[131.12578,44.46919],[131.25527,44.07158],[131.21328,44.00293],[131.17422,43.70474],[131.18359,43.65088],[131.18008,43.56709],[131.18242,43.50557],[131.20918,43.49043],[131.24394,43.46904],[131.26182,43.43306],[131.25732,43.37808],[131.23935,43.33765],[131.21191,43.25776],[131.17559,43.14219],[131.13555,43.09761],[131.10898,43.06245],[131.08613,43.03809],[131.0835,42.9563],[131.06856,42.90225],[131.00557,42.88311],[130.94287,42.85176],[130.86855,42.86333],[130.80332,42.85684],[130.72246,42.83584],[130.57725,42.81162],[130.49297,42.7791],[130.45273,42.75542],[130.4248,42.72705],[130.41992,42.69985],[130.43926,42.68555],[130.5206,42.67432],[130.57656,42.62324],[130.58447,42.56733],[130.52695,42.5354]],[[87.81426,49.16231],[87.81826,49.16211],[87.93477,49.16455],[87.98809,49.18691],[88.02852,49.21977],[88.11572,49.2563],[88.13428,49.29844],[88.13555,49.38149],[88.19258,49.45171],[88.33779,49.47256],[88.39336,49.48286],[88.45244,49.4727],[88.54434,49.48257],[88.6332,49.48613],[88.68272,49.46455],[88.74785,49.44624],[88.83164,49.44844],[88.86035,49.48154],[88.86387,49.52764],[88.90019,49.5397],[88.94541,49.50767],[88.97061,49.48374],[89.0084,49.4728],[89.10947,49.50137],[89.17998,49.53223],[89.20293,49.5957],[89.24394,49.62705],[89.29922,49.61113],[89.39561,49.61152],[89.475,49.66055],[89.5792,49.69971],[89.6541,49.71748],[89.66953,49.75049],[89.63428,49.82329],[89.64385,49.90303],[89.74424,49.9481],[89.87803,49.95352],[89.97734,49.98433],[90.00498,50.06929],[90.05371,50.09375],[90.10371,50.10332],[90.22451,50.1167],[90.31133,50.15117],[90.36484,50.16689],[90.5169,50.21333],[90.65508,50.22236],[90.71435,50.25942],[90.76074,50.30596],[90.83809,50.32373],[90.91719,50.36416],[91.02158,50.41548],[91.06279,50.42261],[91.23379,50.45239],[91.30059,50.46338],[91.34082,50.47007],[91.41504,50.46802],[91.44648,50.52217],[91.52168,50.56201],[91.59687,50.57554],[91.63418,50.61514],[91.70635,50.66553],[91.8043,50.6936],[91.95654,50.69761],[92.104,50.69199],[92.19238,50.70059],[92.26533,50.77519],[92.279,50.81221],[92.2958,50.84981],[92.35479,50.86416],[92.42637,50.80308],[92.48643,50.76509],[92.57891,50.72544],[92.62666,50.68828],[92.68135,50.6832],[92.73867,50.71094],[92.7793,50.77866],[92.85644,50.78911],[92.94131,50.77822],[92.96357,50.74492],[92.9707,50.7125],[93.00986,50.65454],[93.10313,50.60391],[93.22256,50.60654],[93.27051,50.61558],[93.38682,50.6085],[93.50107,50.59746],[93.62559,50.58555],[93.66201,50.58369],[93.79541,50.57764],[93.98984,50.56885],[94.07578,50.57285],[94.25107,50.5564],[94.28701,50.51138],[94.31934,50.40488],[94.34687,50.30342],[94.35469,50.22183],[94.40019,50.17964],[94.4585,50.16572],[94.49688,50.13281],[94.56465,50.08794],[94.61475,50.02373],[94.67549,50.02808],[94.71807,50.04326],[94.81123,50.04819],[94.93027,50.04375],[95.01289,50.00825],[95.04434,49.96157],[95.11143,49.93545],[95.16621,49.94385],[95.32949,49.94414],[95.38564,49.94121],[95.4418,49.91553],[95.52266,49.91123],[95.56719,49.94385],[95.70781,49.96602],[95.78936,50.0125],[95.85195,50.01294],[95.89941,49.99058],[95.93574,49.96001],[95.98955,49.97358],[96.01856,49.99878],[96.06553,49.99873],[96.11172,49.98247],[96.22969,49.9541],[96.31504,49.90112],[96.38115,49.89605],[96.46641,49.91152],[96.50576,49.9187],[96.54326,49.89253],[96.59844,49.87842],[96.64023,49.89785],[96.71172,49.91157],[96.98574,49.88281],[97.04912,49.82988],[97.09766,49.80503],[97.13691,49.76172],[97.20859,49.73081],[97.35977,49.74146],[97.41836,49.77305],[97.54082,49.84311],[97.58935,49.91148],[97.65098,49.93359],[97.7207,49.94463],[97.78555,49.94453],[97.85391,49.94678],[97.93662,49.99678],[98.00391,50.01426],[98.10342,50.07783],[98.12197,50.10659],[98.17012,50.18057],[98.2,50.22769],[98.25029,50.30244],[98.27734,50.423],[98.29268,50.48696],[98.27949,50.53325],[98.22051,50.55718],[98.14502,50.56856],[98.07891,50.60381],[98.02979,50.64463],[98.00117,50.70205],[97.96191,50.76914],[97.96416,50.81768],[97.95312,50.85518],[97.91982,50.88716],[97.85615,50.94336],[97.82529,50.98525],[97.83574,51.05166],[97.91084,51.16519],[97.91787,51.21787],[97.92734,51.25073],[97.92324,51.28047],[97.94688,51.34844],[97.98916,51.37705],[98.0376,51.44995],[98.10313,51.48354],[98.18467,51.48574],[98.21992,51.50561],[98.2375,51.57842],[98.27685,51.63457],[98.30312,51.67427],[98.35273,51.71763],[98.64053,51.80117],[98.76016,51.90508],[98.80254,51.95747],[98.84863,52.07007],[98.89316,52.11729],[98.95811,52.10171],[99.03428,52.0354],[99.09141,52.03486],[99.17617,51.99888],[99.40703,51.92354],[99.53232,51.8999],[99.61289,51.89253],[99.71924,51.87163],[99.78789,51.82754],[99.92168,51.75552],[100.03457,51.73711],[100.23037,51.72983],[100.46895,51.72607],[100.53623,51.71348],[100.71074,51.66157],[100.90361,51.60425],[101.08535,51.55303],[101.22324,51.51328],[101.30449,51.47476],[101.38125,51.45264],[101.46435,51.47148],[101.5709,51.46719],[101.82119,51.42104],[101.9792,51.38223],[102.11152,51.35347],[102.15566,51.31377],[102.16006,51.26084],[102.14238,51.21606],[102.15195,51.10752],[102.19453,51.05068],[102.21025,50.97432],[102.22617,50.90147],[102.21504,50.82944],[102.23506,50.79121],[102.27656,50.7687],[102.3166,50.71846],[102.30332,50.66553],[102.28574,50.63467],[102.28838,50.58511],[102.33643,50.54424],[102.40684,50.53618],[102.46943,50.52568],[102.54629,50.46133],[102.6833,50.38716],[102.76543,50.36655],[102.85967,50.33325],[103.03945,50.30063],[103.16172,50.29072],[103.23379,50.26426],[103.30439,50.20029],[103.42119,50.18706],[103.49629,50.16494],[103.63291,50.13857],[103.72324,50.15386],[103.80264,50.17607],[103.85615,50.17183],[103.9585,50.15727],[104.07871,50.15425],[104.17969,50.16943],[104.25996,50.21445],[104.35391,50.27529],[104.46631,50.30615],[104.59639,50.31719],[104.68535,50.34185],[104.97695,50.38291],[105.09473,50.38994],[105.18594,50.42959],[105.2667,50.4605],[105.38359,50.47373],[105.5416,50.44126],[105.69258,50.41416],[105.8752,50.40537],[105.99648,50.36792],[106.08252,50.33257],[106.21787,50.30459],[106.36846,50.31758],[106.57441,50.32881],[106.71113,50.3126],[106.85371,50.24829],[106.94131,50.19668],[107.04023,50.08648],[107.14307,50.03301],[107.2333,49.9894],[107.34707,49.98667],[107.63096,49.98311],[107.78682,49.96001],[107.9166,49.9478],[107.94785,49.92471],[107.93486,49.84902],[107.93877,49.74072],[107.93672,49.69102],[107.96543,49.65352],[108.00957,49.64688],[108.03379,49.59399],[108.09805,49.56265],[108.21309,49.52481],[108.40693,49.39639],[108.52246,49.3415],[108.61367,49.3228],[108.73301,49.33564],[108.91992,49.33535],[109.23672,49.33491],[109.45371,49.29634],[109.52871,49.26987],[109.75039,49.23931],[109.99453,49.20562],[110.1999,49.17041],[110.32139,49.21587],[110.42783,49.21997],[110.52959,49.18706],[110.63106,49.1376],[110.70977,49.14297],[110.82793,49.16616],[111.2042,49.3043],[111.33662,49.35586],[111.4293,49.34263],[111.51191,49.36094],[111.5748,49.37642],[111.73555,49.39775],[111.8334,49.40361],[111.93447,49.41602],[112.07969,49.42422],[112.3752,49.5146],[112.49492,49.53232],[112.69736,49.50727],[112.80644,49.52358],[112.91484,49.56924],[113.05557,49.61626],[113.09209,49.69253],[113.16416,49.79717],[113.31904,49.87432],[113.44551,49.9416],[113.57422,50.00703],[113.73242,50.06152],[113.88115,50.10112],[114.0707,50.20474],[114.22178,50.25727],[114.29707,50.27441],[114.38633,50.25547],[114.554,50.24146],[114.6749,50.2457],[114.74316,50.23369],[114.87959,50.18306],[115.00332,50.13857],[115.09805,50.05942],[115.27451,49.94888],[115.36504,49.91177],[115.4292,49.89648],[115.58799,49.88603],[115.71777,49.88061],[115.79521,49.90591],[115.92598,49.95215],[116.13457,50.01079],[116.2168,50.00928],[116.35117,49.97808],[116.55117,49.92031],[116.63154,49.87705],[116.6833,49.82378]],[[49.23223,46.33716],[49.18428,46.34883],[48.95898,46.44214],[48.77432,46.50796],[48.61016,46.56645],[48.58604,46.5771],[48.54121,46.60562],[48.50918,46.64995],[48.50234,46.69863],[48.51855,46.73433],[48.5584,46.75713],[48.60527,46.76592],[48.64707,46.75869],[48.69356,46.73682],[48.77637,46.71035],[48.88359,46.70542],[48.95029,46.72578],[48.95938,46.77461],[48.83184,46.95493],[48.71435,47.10049],[48.60068,47.2623],[48.55254,47.321],[48.41309,47.45649],[48.27568,47.58994],[48.16699,47.70879],[48.10996,47.74541],[47.93467,47.76069],[47.60019,47.78999],[47.48193,47.80391],[47.3873,47.76865],[47.29238,47.74092],[47.20205,47.79248],[47.13076,47.87676],[47.09326,47.9477],[47.11152,48.02012],[47.11904,48.127],[47.06465,48.23247],[47.0043,48.28447],[46.85312,48.32358],[46.66094,48.41226],[46.60918,48.57388],[46.70264,48.80557],[46.85293,48.96963],[46.96221,49.03833],[47.01426,49.09834],[47.03135,49.15029],[47.01816,49.1999],[46.95342,49.25259],[46.85293,49.30386],[46.80205,49.36709],[46.82314,49.50225],[46.88955,49.69697],[46.99199,49.85273],[47.12959,49.93906],[47.24834,50.00088],[47.29521,50.0585],[47.29766,50.14023],[47.29473,50.21748],[47.32646,50.27354],[47.37637,50.31811],[47.4292,50.35796],[47.50361,50.40273],[47.59961,50.41357],[47.70576,50.37798],[47.84961,50.28232],[48.06074,50.0936],[48.18135,49.97002],[48.22481,49.93193],[48.33496,49.85825],[48.43428,49.82852],[48.6,49.87471],[48.75898,49.92832],[48.81025,49.9624],[48.84326,50.01313],[48.81797,50.09985],[48.78477,50.15644],[48.74941,50.22847],[48.70049,50.35376],[48.66602,50.55034],[48.6251,50.6127],[48.65518,50.61987],[48.73477,50.60688],[48.8084,50.60132],[48.91377,50.64458],[49.05869,50.72607],[49.32344,50.85171],[49.37949,50.93467],[49.42461,51.027],[49.49805,51.08359],[49.66631,51.10229],[49.82227,51.13188],[49.93232,51.19717],[50.10488,51.25459],[50.24688,51.2895],[50.30928,51.32158],[50.35371,51.36973],[50.51631,51.50561],[50.64395,51.58916],[50.75615,51.67515],[50.79395,51.7292],[50.88242,51.71919],[51.01787,51.68164],[51.16348,51.64746],[51.26992,51.59448],[51.29072,51.54019],[51.30107,51.49741],[51.34453,51.47534],[51.396,51.47129],[51.47344,51.48203],[51.60908,51.48398],[51.77539,51.55425],[52.00713,51.67271],[52.21914,51.70938],[52.33105,51.6813],[52.42305,51.59424],[52.49619,51.51216],[52.57119,51.48164],[52.61777,51.48076],[52.63516,51.47954],[52.72812,51.49815],[52.73506,51.4979],[52.82051,51.49458],[52.90264,51.46694],[53.03838,51.46372],[53.22734,51.48496],[53.24727,51.4936],[53.33809,51.48237],[53.44863,51.44453],[53.53467,51.39956],[53.68809,51.25181],[53.77647,51.21372],[53.95684,51.16118],[54.0415,51.11519],[54.13975,51.04077],[54.19111,50.9957],[54.29785,50.91406],[54.42148,50.78032],[54.44336,50.67393],[54.47148,50.58379],[54.51738,50.54116],[54.55527,50.53579],[54.59619,50.55068],[54.63613,50.5916],[54.65,50.66016],[54.63789,50.78106],[54.60625,50.87988],[54.56562,50.91128],[54.54609,50.94604],[54.57295,50.99023],[54.6416,51.01157],[54.72715,50.9981],[54.86797,50.94136],[55.01484,50.86977],[55.19521,50.74473],[55.36113,50.66528],[55.54228,50.60181],[55.68623,50.58286],[55.79766,50.60205],[55.9292,50.65376],[56.04971,50.71352],[56.10449,50.77627],[56.14395,50.84463],[56.32559,50.93608],[56.49141,51.01953],[56.5669,51.00449],[56.62022,50.98086],[56.79033,51.03159],[56.84961,51.04556],[57.01172,51.06519],[57.179,51.03603],[57.3125,50.94653],[57.44219,50.88887],[57.55781,50.89556],[57.65381,50.92515],[57.71699,50.98096],[57.76484,51.04688],[57.82891,51.08901],[57.83887,51.09165],[58.04512,51.06885],[58.17471,51.07227],[58.18848,51.08174],[58.35918,51.06382],[58.54746,50.97104],[58.66455,50.86831],[58.81406,50.73721],[58.88369,50.69443],[58.98486,50.67612],[59.06435,50.66821],[59.1709,50.6479],[59.45234,50.62041],[59.49512,50.6043],[59.52393,50.58281],[59.49785,50.51108],[59.52305,50.49287],[59.75117,50.54395],[59.8124,50.58203],[59.88779,50.69019],[59.95518,50.79927],[60.00527,50.8397],[60.05859,50.85029],[60.11211,50.83418],[60.18672,50.76978],[60.28809,50.70415],[60.4248,50.67915],[60.5085,50.66919],[60.63799,50.66372],[60.94228,50.69551],[61.22686,50.77481],[61.38945,50.86104],[61.46504,50.99023],[61.51221,51.13701],[61.58506,51.22969],[61.55469,51.32461],[61.41133,51.41475],[61.36309,51.4419],[61.01484,51.49238],[60.99336,51.52871],[60.97353,51.53706],[60.63037,51.61694],[60.46475,51.65117],[60.41836,51.70391],[60.3875,51.773],[60.28037,51.83462],[60.06748,51.89062],[60.03027,51.93325],[60.06553,51.97646],[60.23369,52.02451],[60.42549,52.12559],[60.49932,52.14634],[60.67031,52.15083],[60.82842,52.2334],[60.9376,52.28057],[60.99453,52.33687],[60.97949,52.39478],[60.82129,52.56982],[60.77441,52.67578],[60.80234,52.74473],[60.89326,52.81943],[60.94473,52.86016],[61.00654,52.93335],[61.04746,52.97246],[61.20693,52.98906],[61.40078,52.996],[61.53359,52.97852],[61.71934,52.96939],[61.88857,52.95591],[61.97422,52.94375],[62.03711,52.96611],[62.08272,53.00542],[62.08105,53.05742],[62.01465,53.10786],[61.76621,53.17393],[61.65986,53.22847],[61.57617,53.22246],[61.43682,53.2394],[61.31094,53.27519],[61.19922,53.28716],[61.16279,53.33677],[61.18594,53.4062],[61.22891,53.4459],[61.31162,53.46572],[61.40098,53.45581],[61.49853,53.48467],[61.52656,53.50156],[61.53496,53.52329],[61.51914,53.55449],[61.47412,53.58027],[61.40996,53.58706],[61.33613,53.56519],[61.24795,53.55098],[61.09853,53.58311],[60.97949,53.62173],[60.98555,53.65742],[61.07353,53.71045],[61.11318,53.75347],[61.11318,53.81299],[61.11318,53.88247],[61.14375,53.96382],[61.23105,54.01948],[61.33369,54.04927],[61.59815,53.99492],[61.92871,53.94648],[61.98564,53.95439],[62.00234,53.97993],[62.04023,54.00264],[62.49902,54.01318],[62.58828,54.04443],[62.63271,54.06929],[63.07393,54.10522],[63.12656,54.13926],[63.19131,54.17104],[63.29268,54.17046],[63.41367,54.1832],[63.58203,54.22192],[63.70137,54.24321],[63.72119,54.24502],[63.84707,54.23647],[64.00391,54.26709],[64.0374,54.27974],[64.06289,54.30293],[64.19941,54.34741],[64.46123,54.38418],[64.5251,54.36216],[64.6499,54.35225],[64.80928,54.36856],[64.92676,54.39663],[64.99541,54.36875],[65.08838,54.34019],[65.15781,54.3644],[65.19219,54.44111],[65.2374,54.51606],[65.31592,54.55156],[65.37812,54.56445],[65.43438,54.59331],[65.47695,54.62329],[65.70781,54.6187],[65.91426,54.69331],[65.95469,54.65952],[66.22266,54.66738],[66.55537,54.71543],[66.75449,54.73789],[67.09834,54.78818],[67.25732,54.82881],[67.48467,54.85449],[67.69336,54.87241],[67.82988,54.94356],[67.93994,54.95371],[68.07383,54.95957],[68.15586,54.97671],[68.20937,55.00303],[68.24404,55.05244],[68.22529,55.11523],[68.20625,55.16094],[68.30195,55.18652],[68.43848,55.19443],[68.52481,55.20483],[68.71289,55.3085],[68.84297,55.35835],[68.97725,55.3896],[69.24697,55.37251],[69.49326,55.35688],[69.74023,55.30737],[69.87022,55.24565],[69.98174,55.19907],[70.0874,55.17676],[70.18242,55.16245],[70.29336,55.18359],[70.37148,55.21226],[70.41719,55.25317],[70.48633,55.28237],[70.73809,55.30518],[70.79033,55.26113],[70.91016,55.12798],[70.9918,54.95049],[71.12627,54.71504],[71.18555,54.59932],[71.15918,54.53862],[71.15977,54.45542],[71.15215,54.36406],[71.05273,54.2605],[71.09316,54.21221],[71.33643,54.15835],[71.67715,54.17803],[71.8874,54.22148],[72.00449,54.20566],[72.06562,54.23164],[72.10537,54.30845],[72.18604,54.32563],[72.26914,54.27212],[72.32949,54.18144],[72.3873,54.12305],[72.38301,54.05366],[72.4043,53.96445],[72.44678,53.94185],[72.53027,53.97578],[72.58594,53.99595],[72.59922,54.02305],[72.57559,54.05649],[72.56426,54.09043],[72.58271,54.12158],[72.62227,54.13433],[72.74102,54.12451],[72.91406,54.10732],[73.11934,53.98076],[73.22988,53.95781],[73.27656,53.95562],[73.38066,53.96284],[73.50566,53.99932],[73.58994,54.04497],[73.61797,54.06738],[73.66641,54.06348],[73.7124,54.04238],[73.71553,53.99619],[73.67891,53.92944],[73.5542,53.86831],[73.39941,53.81148],[73.30566,53.70723],[73.28574,53.59839],[73.32685,53.54316],[73.36191,53.5062],[73.37188,53.45439],[73.40693,53.44756],[73.46992,53.4689],[73.64297,53.57627],[73.73115,53.60278],[73.85898,53.61973],[74.06865,53.61143],[74.20996,53.57646],[74.27734,53.52773],[74.35156,53.48765],[74.40273,53.50444],[74.4293,53.55073],[74.43047,53.60371],[74.45195,53.64727],[74.68144,53.7544],[74.83418,53.82568],[74.88682,53.83403],[74.98896,53.81924],[75.05215,53.82671],[75.22021,53.8938],[75.37705,53.97012],[75.39238,54.02173],[75.39814,54.06851],[75.43721,54.08965],[75.65684,54.10601],[75.69287,54.1148],[75.88066,54.16797],[76.14053,54.25854],[76.2666,54.31196],[76.49648,54.33569],[76.53916,54.35107],[76.61553,54.38711],[76.75938,54.43686],[76.83731,54.44238],[76.78897,54.32187],[76.70303,54.18247],[76.65459,54.14526],[76.42168,54.15151],[76.42207,54.11353],[76.45859,54.05527],[76.48477,54.02256],[76.51309,53.99321],[76.57568,53.94253],[76.8207,53.82266],[77.13242,53.67012],[77.46924,53.49878],[77.7044,53.37915],[77.79941,53.31743],[77.85996,53.26919],[78.0335,53.09497],[78.19805,52.92969],[78.47549,52.63843],[78.72148,52.35703],[78.99209,52.04741],[79.14873,51.86812],[79.46885,51.49312],[79.5543,51.37798],[79.71641,51.16001],[79.85967,50.95547],[79.98623,50.77456],[80.06592,50.7582],[80.07207,50.80727],[80.08633,50.83999],[80.12725,50.85835],[80.22021,50.91177],[80.27041,50.92461],[80.34521,50.91909],[80.42363,50.94629],[80.45225,50.99761],[80.43359,51.09263],[80.42148,51.13638],[80.44805,51.18335],[80.49102,51.20176],[80.55068,51.2166],[80.60547,51.22422],[80.65049,51.27734],[80.73525,51.29341],[80.81309,51.2835],[80.87734,51.28144],[80.93408,51.24277],[80.96563,51.18979],[81.02676,51.18569],[81.12725,51.19106],[81.14102,51.14658],[81.1124,51.07236],[81.07754,51.01494],[81.07148,50.96875],[81.12461,50.94629],[81.31914,50.96641],[81.38828,50.95649],[81.41016,50.90977],[81.4377,50.87105],[81.45156,50.82368],[81.43144,50.77114],[81.46592,50.73984],[81.63389,50.73911],[81.75205,50.7644],[81.93369,50.76636],[82.09805,50.71084],[82.21191,50.71943],[82.32637,50.74189],[82.49394,50.72759],[82.61172,50.77148],[82.69297,50.82632],[82.71855,50.86948],[82.76084,50.89336],[82.91904,50.89312],[83.01924,50.89727],[83.09277,50.9606],[83.16025,50.98921],[83.27373,50.99458],[83.35732,50.99458],[83.58145,50.93574],[83.71777,50.88716],[83.85977,50.81802],[83.94512,50.77466],[84.00234,50.67686],[84.09932,50.60474],[84.17598,50.52056],[84.19453,50.43745],[84.25781,50.28823],[84.32324,50.23916],[84.40098,50.23916],[84.49902,50.21875],[84.60732,50.20239],[84.83897,50.09131],[84.92402,50.08799],[84.98945,50.06143],[84.99971,50.0103],[84.97519,49.95107],[85.00078,49.89414],[85.07646,49.82163],[85.13652,49.75073],[85.21016,49.66484],[85.23262,49.61582],[85.29189,49.59946],[85.37158,49.62393],[85.49844,49.60537],[85.88047,49.55654],[85.93359,49.55044],[85.97441,49.49932],[86.02959,49.50342],[86.09297,49.50547],[86.18086,49.49932],[86.24219,49.54634],[86.29238,49.5875],[86.41797,49.63848],[86.52227,49.70776],[86.61016,49.76914],[86.67549,49.7773],[86.72871,49.74868],[86.73066,49.69556],[86.66533,49.65669],[86.61426,49.60972],[86.62646,49.56269],[86.71435,49.55859],[86.81211,49.48789],[86.95293,49.32207],[87.00098,49.28731],[87.07061,49.25459],[87.14805,49.2398],[87.23369,49.21616],[87.29688,49.14766],[87.32285,49.08579]],[[46.42988,41.89097],[46.53769,41.87041],[46.55215,41.81231],[46.57129,41.8001],[46.61602,41.80693],[46.69033,41.83135],[46.74932,41.8126],[46.82559,41.74341],[46.93086,41.67041],[46.98779,41.62139],[47.01016,41.5875],[47.06397,41.55469],[47.14258,41.51606],[47.20527,41.45562],[47.26113,41.31509],[47.31768,41.28242],[47.52061,41.22905],[47.5918,41.21811],[47.79102,41.19927],[47.86113,41.21274],[47.96367,41.33398],[48.05606,41.45869],[48.14229,41.48477],[48.29814,41.54502],[48.39141,41.6019],[48.43066,41.66333],[48.51865,41.77935],[48.57285,41.84448]],[[39.97832,43.41982],[40.02373,43.48486],[40.08457,43.55313],[40.15019,43.56977],[40.34228,43.54272],[40.51895,43.51201],[40.64805,43.53389],[40.80166,43.47993],[40.94199,43.41807],[41.08311,43.37446],[41.3582,43.3334],[41.46074,43.27632],[41.58057,43.21924],[42.05,43.19014],[42.08779,43.19912],[42.12227,43.20732],[42.27969,43.22808],[42.41904,43.22422],[42.56602,43.15513],[42.66025,43.15908],[42.76064,43.16958],[42.89004,43.13262],[42.9916,43.0915],[43.00019,43.04966],[43.08916,42.98906],[43.34795,42.89668],[43.55781,42.84448],[43.62305,42.80772],[43.78262,42.74702],[43.79873,42.72778],[43.79541,42.70298],[43.7499,42.65752],[43.73838,42.61699],[43.75986,42.59385],[43.82598,42.57153],[43.95742,42.56655],[44.00469,42.5956],[44.10273,42.61636],[44.19971,42.65361],[44.32949,42.70352],[44.50586,42.74863],[44.57646,42.74849],[44.64434,42.73472],[44.6918,42.70962],[44.77109,42.6168],[44.85049,42.74683],[44.871,42.7564],[44.94336,42.73027],[45.07158,42.69414],[45.16025,42.675],[45.2082,42.64824],[45.34375,42.52978],[45.56289,42.53574],[45.65557,42.51768],[45.70527,42.4981],[45.72754,42.47505],[45.68838,42.35737],[45.63428,42.23472],[45.63857,42.20508],[45.72656,42.15889],[45.846,42.10996],[45.91035,42.0707],[45.954,42.0354],[46.04844,42.00874],[46.15977,41.99204],[46.21269,41.98989],[46.26777,41.96035],[46.41152,41.90464],[46.42988,41.89097]],[[28.14795,56.14292],[28.28428,56.05591],[28.31631,56.05254],[28.39209,56.08672],[28.40703,56.08901],[28.56396,56.09199],[28.63691,56.06177],[28.69082,56.00264],[28.74082,55.95537],[28.79473,55.94258],[28.94746,56.0021],[29.03174,56.02178],[29.0874,56.02114],[29.28301,55.96787],[29.375,55.93872],[29.39609,55.91221],[29.39795,55.88106],[29.37315,55.83472],[29.35342,55.78437],[29.41299,55.72485],[29.48223,55.68457],[29.63008,55.75117],[29.68457,55.76973],[29.74414,55.77041],[29.82393,55.79512],[29.88164,55.83232],[29.93701,55.84526],[30.04268,55.83643],[30.23359,55.84522],[30.45625,55.78682],[30.47539,55.7688],[30.58672,55.70029],[30.62559,55.66626],[30.6623,55.65547],[30.72168,55.62212],[30.80078,55.60112],[30.85596,55.60752],[30.88223,55.59639],[30.90684,55.57002],[30.90879,55.52534],[30.90059,55.39741],[30.86182,55.3604],[30.821,55.33027],[30.81055,55.30698],[30.81445,55.27871],[30.87744,55.22344],[30.95889,55.1376],[30.97773,55.08779],[30.97773,55.05049],[30.8668,54.94072],[30.82988,54.91499],[30.80449,54.86094],[30.79102,54.80601],[30.79883,54.78325],[30.98418,54.6959],[31.12129,54.64849],[31.15215,54.62534],[31.15488,54.61094],[31.08193,54.51709],[31.07481,54.4918],[31.18477,54.45298],[31.24551,54.39165],[31.29912,54.2917],[31.40361,54.19595],[31.62842,54.11118],[31.79199,54.05591],[31.82598,54.03071],[31.83779,54.00078],[31.82529,53.93501],[31.78301,53.85498],[31.7542,53.81045],[31.8208,53.79194],[31.99219,53.79688],[32.20039,53.78125],[32.4502,53.69292],[32.45098,53.65332],[32.4252,53.61729],[32.44238,53.57925],[32.46963,53.54697],[32.68574,53.44814],[32.70645,53.41943],[32.71025,53.37144],[32.7043,53.33633],[32.64443,53.32891],[32.57803,53.3124],[32.46934,53.27031],[32.42627,53.2106],[32.25068,53.12837],[32.14199,53.09116],[32.05547,53.08945],[31.84971,53.1062],[31.77744,53.14688],[31.74746,53.18418],[31.66826,53.20093],[31.56299,53.20249],[31.41787,53.19604],[31.38838,53.18481],[31.36455,53.13896],[31.30293,53.06089],[31.25879,53.0167],[31.29512,52.9898],[31.35303,52.93345],[31.44277,52.86182],[31.53516,52.79824],[31.56484,52.75923],[31.56348,52.73145],[31.51943,52.69873],[31.52617,52.63301],[31.61592,52.54619],[31.58555,52.53247],[31.57656,52.42603],[31.57734,52.31231],[31.60156,52.28481],[31.6499,52.26221],[31.69063,52.22065],[31.75859,52.12583],[31.76338,52.10107]],[[27.35195,57.52813],[27.46973,57.52402],[27.51113,57.50815],[27.53867,57.42979],[27.67275,57.36812],[27.79688,57.31694],[27.82861,57.29331],[27.83828,57.24771],[27.83027,57.19448],[27.81455,57.16689],[27.76279,57.13511],[27.71738,57.05464],[27.71113,56.97808],[27.63945,56.84565],[27.65566,56.84321],[27.80606,56.86709],[27.84863,56.85342],[27.88154,56.82417],[27.89209,56.74106],[27.94141,56.70371],[27.9916,56.64531],[28.00752,56.59985],[28.10312,56.5457],[28.11084,56.51069],[28.16924,56.38687],[28.1917,56.31558],[28.20205,56.2604],[28.17334,56.19033],[28.14795,56.14292]],[[27.35195,57.52813],[27.3543,57.55029],[27.37178,57.61255],[27.4,57.6668],[27.49199,57.72495],[27.51475,57.76421],[27.54209,57.79941],[27.75283,57.84102],[27.77695,57.85674],[27.77852,57.8707],[27.76875,57.88413],[27.72197,57.90547],[27.67344,57.93462],[27.64414,58.01392],[27.57109,58.13809],[27.50244,58.22134],[27.48779,58.27007],[27.50557,58.32627],[27.53008,58.38149],[27.53135,58.43525],[27.42705,58.73306],[27.43418,58.78726],[27.46445,58.84131],[27.51309,58.88628],[27.62178,58.94497],[27.75762,59.052],[27.84951,59.19268],[27.89766,59.27764],[27.93818,59.29702],[28.01641,59.30171],[28.04609,59.32783],[28.06133,59.34326],[28.12832,59.35757],[28.15107,59.37441],[28.13301,59.40308],[28.06582,59.45317],[28.0125,59.48428]],[[27.79766,60.53613],[28.15195,60.74585],[28.40742,60.89692],[28.45508,60.91963],[28.56816,60.96021],[28.66289,61.00283],[28.73906,61.05874],[28.99297,61.16904],[29.25166,61.28779],[29.49238,61.44424],[29.5794,61.49346],[29.69014,61.54609],[29.9332,61.71157],[30.00996,61.75737],[30.30645,61.96484],[30.47969,62.06821],[30.56563,62.12759],[30.93574,62.32378],[31.18672,62.4814],[31.28564,62.56782],[31.38242,62.69165],[31.4373,62.77612],[31.53398,62.8854],[31.53652,62.92163],[31.50928,62.95532],[31.43701,63.00771],[31.33672,63.06807],[31.24746,63.14189],[31.18086,63.2083],[30.9748,63.30063],[30.65527,63.41748],[30.41856,63.50405],[30.05537,63.68901],[29.9915,63.73516],[30.0041,63.74731],[30.21025,63.80332],[30.41533,63.94751],[30.50391,64.02061],[30.52607,64.0773],[30.52793,64.14111],[30.51377,64.2],[30.48789,64.23652],[30.39062,64.28242],[30.1081,64.36611],[30.0419,64.44336],[29.98662,64.52427],[29.98555,64.55772],[30.12012,64.64463],[30.12617,64.68809],[30.11025,64.73257],[30.07285,64.76504],[29.7832,64.8043],[29.70166,64.84575],[29.6375,64.91177],[29.6042,64.96841],[29.60088,65.00195],[29.62246,65.0395],[29.72002,65.08032],[29.81084,65.10791],[29.82695,65.14507],[29.82617,65.1853],[29.81055,65.20474],[29.62969,65.22388],[29.6124,65.23477],[29.60801,65.24868],[29.61719,65.26533],[29.71484,65.33696],[29.72803,65.47344],[29.81943,65.56875],[29.71592,65.62456],[29.72393,65.63438],[29.88262,65.66362],[30.029,65.6707],[30.09531,65.68169],[30.10273,65.72627],[30.0875,65.78652],[29.93662,66.02295],[29.90342,66.09106],[29.80352,66.17705],[29.7207,66.23486],[29.6709,66.27612],[29.59072,66.35684],[29.54434,66.4397],[29.46436,66.53218],[29.37119,66.61704],[29.29326,66.69551],[29.09307,66.84922],[29.06621,66.89175],[29.06904,66.93022],[29.08701,66.97095],[29.24336,67.09658],[29.3877,67.20142],[29.57227,67.32437],[29.75059,67.42642],[29.94121,67.54746],[29.98809,67.66826],[29.9792,67.68857],[29.82158,67.754],[29.52422,67.9291],[29.34385,68.06186],[29.06299,68.11797],[28.68516,68.1898],[28.56016,68.35137],[28.4707,68.48838],[28.4793,68.53765],[28.75205,68.77144],[28.77764,68.81382],[28.77285,68.84004],[28.74482,68.85644],[28.70596,68.86553],[28.45352,68.87227],[28.41406,68.90415],[28.56602,68.92822],[28.69219,68.96103],[28.89893,69.00967],[28.96582,69.02197]],[[28.96582,69.02197],[29.11856,69.04995],[29.1709,69.07153],[29.20996,69.09702],[29.35303,69.27061],[29.38828,69.29815],[29.83272,69.36045],[29.99404,69.39248],[30.08731,69.43286],[30.13184,69.46426],[30.16377,69.50161],[30.18672,69.54277],[30.19648,69.58057],[30.15977,69.62988],[30.18018,69.63584],[30.22754,69.63379],[30.37969,69.58472],[30.61543,69.53257],[30.78887,69.52852],[30.86074,69.53843],[30.89668,69.56123],[30.92246,69.60581],[30.92412,69.65176],[30.86973,69.78345]],[[20.89981,55.28667],[20.95781,55.27891]],[[21.23574,55.26411],[21.29756,55.26445],[21.38926,55.27554],[21.44707,55.23442],[21.55469,55.19531],[21.68272,55.16035],[21.87393,55.10073],[22.07236,55.06367],[22.13789,55.05938],[22.34639,55.06426],[22.56728,55.05913],[22.62744,54.9707],[22.73652,54.92886],[22.82471,54.87129],[22.83125,54.83848],[22.70967,54.63262],[22.68447,54.56294],[22.67988,54.49302],[22.72432,54.40561],[22.76621,54.35679]],[[19.6044,54.45918],[19.64424,54.44707],[19.92432,54.43398],[20.2082,54.42075],[20.66475,54.40664],[21.14053,54.3918],[21.63418,54.37647],[22.16846,54.35986],[22.73184,54.3501],[22.76621,54.35679]],[[22.70508,44.23779],[22.7752,44.19521],[22.94541,44.12729],[23.02852,44.07798],[23.02441,44.04722],[22.98535,44.01699],[22.91133,43.98721],[22.86826,43.9479],[22.85645,43.89902],[22.86768,43.86455],[22.91904,43.83447],[23.22461,43.87388],[23.53457,43.85356],[23.95078,43.78667],[24.22676,43.76348],[24.43057,43.79438],[24.8082,43.73843],[25.15967,43.68633],[25.49707,43.6708],[25.68613,43.71177],[25.81885,43.76685],[25.9334,43.87056],[26.21582,44.00727],[26.48926,44.08398],[26.84775,44.14619],[27.08691,44.16738],[27.1207,44.14614],[27.42539,44.02051],[27.56104,44.02007],[27.6709,43.9978],[27.71074,43.9646],[27.73857,43.9563],[27.88428,43.98735],[27.94893,43.9186],[28.05,43.82241],[28.22197,43.77285],[28.3752,43.74477],[28.42344,43.74048],[28.58535,43.74224]],[[20.2418,46.10859],[20.28096,46.13301],[20.50811,46.16694],[20.61367,46.1335],[20.66103,46.14565],[20.70742,46.1728],[20.73271,46.19443],[20.7374,46.21748],[20.76025,46.24624],[20.83701,46.25972],[21.03984,46.24224],[21.12168,46.28242],[21.15195,46.30435],[21.17041,46.35269],[21.1918,46.39155],[21.26455,46.41231],[21.26328,46.44775],[21.25225,46.48638],[21.29453,46.57246],[21.32022,46.60781],[21.36133,46.62075],[21.41103,46.64785],[21.49707,46.7043],[21.47705,46.75337],[21.49443,46.78975],[21.58418,46.87837],[21.65264,46.96377],[21.65147,47.00654],[21.66143,47.0439],[21.72178,47.08481],[21.78545,47.13813],[21.86934,47.30459],[21.89922,47.33257],[21.9543,47.36426],[21.99531,47.3957],[21.99971,47.50503],[22.03799,47.53662],[22.11191,47.57202],[22.18506,47.62905],[22.24463,47.69639],[22.29062,47.72783],[22.35147,47.73623],[22.41748,47.76265],[22.49141,47.77256],[22.56289,47.75957],[22.6084,47.76631],[22.67676,47.79902],[22.85176,47.92256],[22.87666,47.94727]],[[26.61895,48.25986],[26.71377,48.26348],[26.7873,48.25581],[26.90098,48.21113],[26.98076,48.15503],[27.01221,48.1105],[27.08037,48.04766],[27.15205,47.95928],[27.23086,47.84175],[27.24815,47.78223],[27.27793,47.71797],[27.33691,47.63975],[27.44922,47.55313],[27.46484,47.53667],[27.51582,47.47563],[27.61406,47.34053],[27.69619,47.28643],[27.76797,47.22759],[27.80234,47.16831],[27.85381,47.1145],[27.97422,47.04321],[28.07178,46.97842],[28.15,46.79209],[28.20469,46.7064],[28.23945,46.64082],[28.22266,46.50806],[28.24434,46.45127],[28.19961,46.34756],[28.11914,46.13867],[28.09971,45.97261],[28.11357,45.88306],[28.11553,45.82554],[28.13496,45.78887],[28.15625,45.71309],[28.15977,45.64712],[28.13086,45.62827],[28.09033,45.61274],[28.07471,45.59898],[28.11191,45.56914],[28.1625,45.51377],[28.2125,45.45044]],[[14.80937,50.85898],[14.8958,50.86138],[14.98291,50.88657],[14.98994,50.92725],[14.98447,51.00342],[14.99375,51.01436],[15.12598,50.99287],[15.25859,50.95855],[15.27705,50.88301],[15.3126,50.84575],[15.3544,50.81177],[15.39463,50.79629],[15.46396,50.79385],[15.64395,50.74888],[15.73057,50.7397],[15.81924,50.70869],[15.89395,50.6769],[15.94853,50.67026],[15.97383,50.63545],[16.00723,50.61162],[16.06641,50.62993],[16.28223,50.65561],[16.35996,50.62139],[16.4125,50.58516],[16.41973,50.57363],[16.39229,50.54165],[16.3791,50.51689],[16.35664,50.50049],[16.28252,50.48301],[16.24072,50.45469],[16.21035,50.42373],[16.23076,50.39409],[16.29131,50.37188],[16.33418,50.36689],[16.35049,50.34522],[16.4876,50.24839],[16.59668,50.12192],[16.63916,50.10215],[16.6791,50.09746],[16.72529,50.11606],[16.77861,50.15703],[16.8418,50.18672],[16.89531,50.20195],[16.98965,50.23691],[16.99336,50.25972],[16.91475,50.34522],[16.86914,50.4145],[16.88008,50.42705],[16.98076,50.41611],[17.15195,50.37832],[17.41523,50.25478],[17.46231,50.25478],[17.55459,50.26406],[17.65469,50.28423],[17.70225,50.30718],[17.72012,50.29863],[17.73545,50.23076],[17.70928,50.19356],[17.58936,50.15747],[17.59629,50.1395],[17.62705,50.11641],[17.68106,50.10078],[17.74658,50.05679],[17.7917,50.00659],[17.83125,49.9833],[17.8748,49.97227],[17.98379,49.99907],[18.01465,50.02026],[18.02832,50.03525],[18.04951,50.03193],[18.0877,50.00727],[18.09922,49.99277],[18.20527,49.96475],[18.26631,49.93027],[18.30527,49.91406],[18.34844,49.92983],[18.51621,49.90239],[18.5624,49.87935],[18.57715,49.84111],[18.56885,49.81792],[18.59463,49.75781],[18.80693,49.61372],[18.8293,49.54014],[18.83223,49.51079]],[[14.21143,53.95034],[14.19824,53.91904],[14.21367,53.87075]],[[14.25889,53.72964],[14.26611,53.70713],[14.27988,53.62476],[14.29873,53.55644],[14.41455,53.2835],[14.4123,53.21675],[14.41094,53.19902],[14.36856,53.10557],[14.29316,53.02676],[14.19365,52.98232],[14.13887,52.93286],[14.12861,52.87822],[14.25371,52.78252],[14.51406,52.64561],[14.61943,52.52852],[14.56973,52.4311],[14.55459,52.35967],[14.57393,52.31416],[14.61562,52.27764],[14.67988,52.25],[14.70537,52.20747],[14.69238,52.15005],[14.70459,52.11021],[14.75254,52.08184],[14.74814,52.0708],[14.7248,52.03086],[14.69297,51.95801],[14.6749,51.90483],[14.60166,51.83237],[14.62393,51.7708],[14.68135,51.69819],[14.7249,51.66172],[14.73867,51.62715],[14.71094,51.54492],[14.72471,51.52388],[14.90596,51.46333],[14.93555,51.43535],[14.95312,51.37715],[15.0166,51.25273],[14.96387,51.09512],[14.91748,51.00874],[14.81426,50.87163],[14.80937,50.85898]],[[22.76621,54.35679],[22.82373,54.3958],[22.89394,54.39053],[22.97676,54.36636],[23.01553,54.34834],[23.03193,54.32788],[23.04219,54.3042],[23.0875,54.29946],[23.17031,54.28144],[23.28232,54.24033],[23.37012,54.20049],[23.45361,54.14346],[23.48135,54.079],[23.48301,54.00596],[23.47764,53.95894],[23.48467,53.93979]],[[23.48467,53.93979],[23.59893,53.59922],[23.78926,53.27095],[23.85918,53.11211],[23.88711,53.02754],[23.90938,52.90488],[23.91631,52.81875],[23.91543,52.77026],[23.90127,52.70361],[23.84473,52.66421],[23.47959,52.55156],[23.41094,52.51621],[23.30332,52.42837],[23.2041,52.33789],[23.18125,52.30698],[23.1751,52.28662],[23.19697,52.25693],[23.32715,52.20845],[23.4584,52.16953],[23.50117,52.14038],[23.59795,52.10308],[23.6333,52.06958],[23.65244,52.04038],[23.65107,51.973],[23.60742,51.87978],[23.62568,51.80933],[23.58135,51.7624],[23.54482,51.71025],[23.53965,51.6189],[23.60527,51.51792]],[[-69.96592,-4.23594],[-69.97202,-4.30117],[-70.00396,-4.32725],[-70.05332,-4.3331],[-70.12881,-4.28662],[-70.18398,-4.29814],[-70.23916,-4.30117],[-70.3169,-4.24697],[-70.34365,-4.19365],[-70.40464,-4.1501],[-70.53066,-4.16758],[-70.63457,-4.16865],[-70.72158,-4.15889],[-70.79951,-4.17334],[-70.86602,-4.22959],[-70.91563,-4.29531],[-70.97368,-4.35049],[-71.14424,-4.38721],[-71.23501,-4.38818],[-71.3168,-4.42432],[-71.43828,-4.4376],[-71.52134,-4.46973],[-71.66836,-4.48731],[-71.84473,-4.50439],[-71.94316,-4.55332],[-71.98242,-4.57461],[-72.08252,-4.64229],[-72.25679,-4.74893],[-72.35283,-4.78604],[-72.46899,-4.90127],[-72.60835,-5.00957],[-72.69873,-5.06719],[-72.83193,-5.09375],[-72.88706,-5.12275],[-72.90747,-5.15771],[-72.8958,-5.19824],[-72.91826,-5.30254],[-72.95894,-5.49521],[-72.97021,-5.58965],[-72.97988,-5.63486],[-73.06807,-5.78955],[-73.16289,-5.9334],[-73.20937,-6.02871],[-73.23555,-6.09844],[-73.20649,-6.15644],[-73.16773,-6.26065],[-73.13535,-6.34434],[-73.12632,-6.40088],[-73.13735,-6.46582],[-73.17744,-6.5252],[-73.24033,-6.56406],[-73.32549,-6.57471],[-73.4999,-6.67949],[-73.69453,-6.83379],[-73.75811,-6.90576],[-73.77627,-6.97354],[-73.80464,-7.07988],[-73.79302,-7.13506],[-73.7582,-7.17275],[-73.72334,-7.26279],[-73.72041,-7.30928],[-73.74946,-7.33535],[-73.80464,-7.34121],[-73.854,-7.3499],[-73.89175,-7.37315],[-73.92944,-7.36728],[-73.96431,-7.37891],[-73.96431,-7.4167],[-73.95269,-7.46025],[-73.9585,-7.50664],[-73.98174,-7.53574],[-74.00205,-7.55605],[-73.98174,-7.58506],[-73.94688,-7.61123],[-73.89463,-7.65479],[-73.82207,-7.73897],[-73.7669,-7.75352],[-73.72041,-7.78252],[-73.7146,-7.829],[-73.73203,-7.87539],[-73.77271,-7.8957],[-73.77559,-7.93643],[-73.72041,-7.98574],[-73.68267,-8.0206],[-73.64492,-8.07285],[-73.61011,-8.14541],[-73.61011,-8.1919],[-73.57236,-8.2499],[-73.54912,-8.29932],[-73.54912,-8.3458],[-73.48813,-8.39219],[-73.43589,-8.42705],[-73.39814,-8.45898],[-73.3604,-8.4793],[-73.35171,-8.51416],[-73.35674,-8.56699],[-73.30244,-8.654],[-73.20312,-8.71934],[-73.12256,-8.81406],[-73.07051,-8.88281],[-72.97402,-8.99316],[-72.97036,-9.12012],[-73.08984,-9.26572],[-73.20942,-9.41143],[-73.01377,-9.40742],[-72.81426,-9.41035],[-72.60547,-9.45205],[-72.46475,-9.49219],[-72.37905,-9.51016],[-72.31807,-9.55664],[-72.28901,-9.6292],[-72.26582,-9.68848],[-72.25996,-9.77432],[-72.17285,-9.84404],[-72.1791,-9.91016],[-72.18159,-10.00371],[-72.14297,-10.00518],[-71.88745,-10.00557],[-71.60801,-10.00605],[-71.3394,-9.98857],[-71.23794,-9.96602],[-71.11528,-9.85244],[-71.04175,-9.81875],[-70.97075,-9.76572],[-70.88452,-9.66904],[-70.81626,-9.62529],[-70.7585,-9.57168],[-70.67246,-9.51797],[-70.63691,-9.47822],[-70.60791,-9.46367],[-70.54111,-9.4375],[-70.57017,-9.48984],[-70.59224,-9.54346],[-70.59917,-9.62051],[-70.56724,-9.70459],[-70.5938,-9.76748],[-70.63691,-9.82373],[-70.6376,-9.97178],[-70.63853,-10.18154],[-70.63935,-10.36133],[-70.64033,-10.58604],[-70.64155,-10.84082],[-70.64233,-11.01025],[-70.59653,-10.97686],[-70.53325,-10.94688],[-70.45088,-11.02481],[-70.39229,-11.05859],[-70.34199,-11.0667],[-70.29038,-11.06426],[-70.22007,-11.04766],[-70.06631,-10.98242],[-69.96035,-10.92988],[-69.83979,-10.9334],[-69.67402,-10.9541],[-69.57861,-10.95176]],[[-69.57861,-10.95176],[-69.45361,-11.16875],[-69.36201,-11.32754],[-69.25772,-11.50859],[-69.17373,-11.6543],[-69.04619,-11.87568],[-68.93604,-12.0668],[-68.8187,-12.27041],[-68.68525,-12.50195],[-68.72813,-12.56074],[-68.76289,-12.60772],[-68.75908,-12.68721],[-68.81182,-12.72959],[-68.86768,-12.75518],[-68.93374,-12.82207],[-68.97861,-12.88008],[-68.98052,-12.9626],[-68.97227,-13.38232],[-68.98345,-13.49639],[-69.01753,-13.59443],[-69.05283,-13.64395],[-69.07412,-13.68281],[-69.02305,-13.78027],[-68.97427,-13.97598],[-68.93745,-14.01465],[-68.8917,-14.09434],[-68.8709,-14.16973],[-68.88032,-14.19883],[-68.97178,-14.23438],[-69.00449,-14.26504],[-69.01314,-14.37725],[-69.05278,-14.41758],[-69.11973,-14.47031],[-69.16269,-14.53096],[-69.19927,-14.57256],[-69.23491,-14.59707],[-69.25234,-14.67109],[-69.27603,-14.7459],[-69.35947,-14.79531],[-69.37373,-14.8875],[-69.37471,-14.96299],[-69.33071,-15.03896],[-69.18711,-15.19873],[-69.17246,-15.23662],[-69.2543,-15.33291],[-69.3019,-15.39941],[-69.41851,-15.60342],[-69.4209,-15.64062],[-69.3919,-15.73691],[-69.21758,-16.14912],[-69.18799,-16.18281],[-69.13418,-16.22197],[-69.04624,-16.21768],[-68.91348,-16.26191],[-68.84883,-16.31279],[-68.84277,-16.33789],[-68.85781,-16.35478],[-68.92803,-16.38906],[-69.00625,-16.43369],[-69.03291,-16.47598],[-69.03838,-16.54268],[-69.0207,-16.64219],[-69.05454,-16.67432],[-69.13252,-16.71309],[-69.1998,-16.76846],[-69.26724,-16.86094],[-69.38154,-17.00137],[-69.42109,-17.04004],[-69.43833,-17.08838],[-69.50332,-17.10478],[-69.62485,-17.2002],[-69.6457,-17.24854],[-69.62588,-17.29443],[-69.56382,-17.33291],[-69.52192,-17.38896],[-69.51099,-17.46035],[-69.51108,-17.50488],[-69.51094,-17.50605]],[[-70.41826,-18.3456],[-70.37749,-18.33359],[-70.28227,-18.32539],[-70.18379,-18.3252],[-70.05908,-18.2835],[-69.92637,-18.20605],[-69.8397,-18.09346],[-69.80259,-17.99023],[-69.80244,-17.9],[-69.8415,-17.78516],[-69.8521,-17.70381],[-69.8061,-17.66494],[-69.68477,-17.64981],[-69.58643,-17.57324],[-69.51094,-17.50605]],[[-80.32466,-3.38789],[-80.29834,-3.40645],[-80.27353,-3.42461],[-80.27187,-3.46103],[-80.26523,-3.49248],[-80.24541,-3.52217],[-80.24375,-3.57676],[-80.22061,-3.61318],[-80.21895,-3.65449],[-80.21729,-3.71074],[-80.22886,-3.73887],[-80.21758,-3.78769],[-80.17925,-3.87773],[-80.19414,-3.90586],[-80.23052,-3.92402],[-80.2669,-3.94883],[-80.30327,-4.00508],[-80.35786,-4.00342],[-80.43721,-3.97861],[-80.49014,-4.01006],[-80.51001,-4.06953],[-80.49346,-4.11914],[-80.48848,-4.16553],[-80.45376,-4.20518],[-80.35288,-4.2085],[-80.44385,-4.33584],[-80.48848,-4.39365],[-80.47856,-4.43008],[-80.42417,-4.46143],[-80.3835,-4.46367],[-80.29336,-4.4168],[-80.23218,-4.34902],[-80.19746,-4.31104],[-80.13955,-4.29609],[-80.06352,-4.32754],[-79.96289,-4.39033],[-79.84512,-4.4459],[-79.79727,-4.47637],[-79.71099,-4.46758],[-79.63853,-4.45488],[-79.57769,-4.50059],[-79.51616,-4.53916],[-79.5019,-4.67061],[-79.45576,-4.76621],[-79.39941,-4.84004],[-79.33096,-4.92783],[-79.26811,-4.95762],[-79.18667,-4.9582],[-79.07627,-4.99062],[-79.0333,-4.96914],[-78.99526,-4.90801],[-78.97539,-4.87324],[-78.91919,-4.8584],[-78.91421,-4.81865],[-78.92578,-4.7707],[-78.90762,-4.71445],[-78.86152,-4.66504],[-78.74307,-4.59268],[-78.68604,-4.5624],[-78.67446,-4.51768],[-78.65293,-4.4582],[-78.66123,-4.4251],[-78.68516,-4.38398],[-78.67939,-4.32588],[-78.648,-4.24815],[-78.60337,-4.15732],[-78.56514,-4.0416],[-78.55044,-3.98691],[-78.50908,-3.95215],[-78.49346,-3.90205],[-78.47105,-3.84307],[-78.41978,-3.77685],[-78.42144,-3.70576],[-78.39995,-3.67432],[-78.39805,-3.59482],[-78.34727,-3.43125],[-78.34536,-3.39736],[-78.32305,-3.38828],[-78.28418,-3.39902],[-78.25073,-3.43613],[-78.24038,-3.47256],[-78.22632,-3.48916],[-78.19487,-3.48584],[-78.1585,-3.46514],[-78.16099,-3.43213],[-78.18745,-3.39981],[-78.19463,-3.38047],[-78.1833,-3.35019],[-78.12822,-3.28389],[-78.06792,-3.20684],[-77.93848,-3.04697],[-77.8606,-2.98164],[-77.65898,-2.9124],[-77.50649,-2.85996],[-77.36006,-2.80967],[-77.16147,-2.73769],[-76.88076,-2.63594],[-76.6791,-2.5626],[-76.49936,-2.43232],[-76.36016,-2.33135],[-76.24092,-2.24395],[-76.08979,-2.13311],[-75.88545,-1.89346],[-75.74453,-1.72812],[-75.64165,-1.60732],[-75.57056,-1.53125],[-75.51387,-1.31631],[-75.44917,-1.07119],[-75.42041,-0.96221],[-75.40806,-0.92432],[-75.38013,-0.94023],[-75.34819,-0.9668],[-75.30918,-0.96807],[-75.27241,-0.9668],[-75.24961,-0.95186],[-75.28359,-0.70713],[-75.27871,-0.65391],[-75.25938,-0.59014],[-75.26323,-0.55537],[-75.32524,-0.50654],[-75.42471,-0.40889],[-75.46597,-0.32178],[-75.49106,-0.24834],[-75.5606,-0.2001],[-75.63203,-0.15762],[-75.62627,-0.12285],[-75.58374,-0.12285],[-75.47598,-0.15713],[-75.39839,-0.146],[-75.34048,-0.14219],[-75.28447,-0.10654]],[[-75.28447,-0.10654],[-75.22461,-0.04175],[-75.18408,-0.04175],[-75.13838,-0.05049],[-75.05469,-0.1167],[-75.00498,-0.15586],[-74.94531,-0.18818],[-74.88882,-0.19941],[-74.8375,-0.20332],[-74.80176,-0.2001],[-74.78047,-0.24453],[-74.75537,-0.29863],[-74.69165,-0.33525],[-74.61636,-0.37002],[-74.55508,-0.42988],[-74.51387,-0.47012],[-74.46519,-0.51768],[-74.41787,-0.58066],[-74.3749,-0.69141],[-74.35313,-0.7666],[-74.32861,-0.8084],[-74.33442,-0.85088],[-74.28389,-0.92783],[-74.24639,-0.97061],[-74.18076,-0.99775],[-74.05439,-1.02861],[-73.98682,-1.09814],[-73.92695,-1.12519],[-73.86318,-1.19668],[-73.80718,-1.21797],[-73.73574,-1.21416],[-73.66431,-1.24883],[-73.61025,-1.31641],[-73.57549,-1.40137],[-73.52139,-1.44971],[-73.49434,-1.53662],[-73.52524,-1.63887],[-73.49629,-1.69307],[-73.44028,-1.7374],[-73.34951,-1.78389],[-73.26645,-1.77227],[-73.22397,-1.7877],[-73.19697,-1.83027],[-73.18149,-1.88037],[-73.14521,-2.00332],[-73.12651,-2.08106],[-73.16021,-2.15635],[-73.17266,-2.2084],[-73.15449,-2.27822],[-73.06816,-2.31201],[-72.98965,-2.33975],[-72.94111,-2.39404],[-72.88716,-2.4085],[-72.81123,-2.40547],[-72.71416,-2.39219],[-72.66016,-2.36104],[-72.62534,-2.35166],[-72.58672,-2.36514],[-72.50068,-2.39502],[-72.39561,-2.42891],[-72.30073,-2.40928],[-72.21846,-2.40049],[-72.13682,-2.38066],[-72.05381,-2.32461],[-71.98428,-2.32656],[-71.93247,-2.28867],[-71.86728,-2.22773],[-71.80273,-2.16631],[-71.75254,-2.15273],[-71.67148,-2.18213],[-71.55947,-2.22422],[-71.49609,-2.2792],[-71.44746,-2.29375],[-71.39697,-2.33408],[-71.3001,-2.33486],[-71.19639,-2.31309],[-71.11338,-2.24541],[-71.02729,-2.22578],[-70.96855,-2.20684],[-70.91455,-2.21855],[-70.70537,-2.34199],[-70.648,-2.40576],[-70.57588,-2.41826],[-70.5168,-2.45312],[-70.41821,-2.49072],[-70.36416,-2.5293],[-70.29463,-2.55254],[-70.24443,-2.60654],[-70.16475,-2.63984],[-70.09585,-2.6582],[-70.06475,-2.70166],[-70.06445,-2.73076],[-70.07402,-2.7502],[-70.14707,-2.86406],[-70.29014,-3.08731],[-70.41899,-3.28828],[-70.62168,-3.60459],[-70.73511,-3.78154],[-70.7062,-3.78897],[-70.52969,-3.86641],[-70.48584,-3.86934],[-70.42109,-3.84961],[-70.3792,-3.81875],[-70.3395,-3.81435],[-70.29844,-3.84424],[-70.24028,-3.88272],[-70.19839,-3.99512],[-70.16753,-4.0502],[-70.09477,-4.09219],[-70.01719,-4.16201],[-69.96592,-4.23594]],[[-58.15977,-20.16465],[-58.13779,-20.2373],[-58.12461,-20.29346],[-58.0915,-20.3332],[-58.05845,-20.38613],[-58.02539,-20.41582],[-58.00225,-20.46543],[-58.00884,-20.52168],[-57.9956,-20.59443],[-57.97905,-20.65732],[-57.9625,-20.67383],[-57.91514,-20.69033],[-57.89141,-20.74746],[-57.9085,-20.77637],[-57.9019,-20.80937],[-57.88481,-20.8417],[-57.90049,-20.87305],[-57.89224,-20.89707],[-57.86001,-20.91856],[-57.83022,-20.99795],[-57.82695,-21.13359],[-57.86001,-21.20625],[-57.88647,-21.26582],[-57.89307,-21.30225],[-57.87324,-21.35508],[-57.9063,-21.41797],[-57.946,-21.49404],[-57.93608,-21.54697],[-57.92944,-21.59658],[-57.92617,-21.64951],[-57.91621,-21.69912],[-57.92944,-21.75195],[-57.94268,-21.79834],[-57.94932,-21.85117],[-57.93276,-21.91074],[-57.9625,-21.96699],[-57.97905,-22.00664],[-57.98569,-22.04639],[-57.95591,-22.10918],[-57.87983,-22.13565],[-57.82031,-22.14229],[-57.76406,-22.10918],[-57.72109,-22.09922],[-57.6417,-22.129],[-57.56894,-22.18193],[-57.47637,-22.18857],[-57.39365,-22.19844],[-57.33086,-22.21504],[-57.23823,-22.19522],[-57.14233,-22.21504],[-57.02988,-22.24482],[-56.93726,-22.27129],[-56.84468,-22.26465],[-56.77519,-22.26133],[-56.70244,-22.23154],[-56.63301,-22.23486],[-56.58008,-22.18193],[-56.55029,-22.13565],[-56.52383,-22.10254],[-56.4478,-22.07617],[-56.39487,-22.09268],[-56.35186,-22.17861],[-56.27578,-22.22822],[-56.24605,-22.26465],[-56.18984,-22.28115],[-56.06748,-22.28447],[-55.99141,-22.28115],[-55.90537,-22.30762],[-55.84917,-22.30762],[-55.79956,-22.35391],[-55.75327,-22.41016],[-55.74663,-22.5127],[-55.70366,-22.59209],[-55.64741,-22.62187],[-55.61768,-22.67148],[-55.62759,-22.74092],[-55.65405,-22.81035],[-55.65073,-22.88643],[-55.621,-22.95586],[-55.621,-23.02529],[-55.60112,-23.09473],[-55.56143,-23.1543],[-55.54819,-23.2502],[-55.55483,-23.31963],[-55.52837,-23.35938],[-55.51846,-23.41562],[-55.53496,-23.46191],[-55.5416,-23.52471],[-55.53828,-23.58096],[-55.51846,-23.62725],[-55.45889,-23.68672],[-55.44238,-23.79258],[-55.44238,-23.86533],[-55.41592,-23.95137],[-55.36631,-23.99102],[-55.28691,-24.0043],[-55.19434,-24.01748],[-55.08188,-23.99766],[-54.98267,-23.97451],[-54.92647,-23.95137],[-54.81728,-23.88848],[-54.72139,-23.85215],[-54.67178,-23.829],[-54.62549,-23.8125],[-54.52959,-23.85215],[-54.44023,-23.90176],[-54.3708,-23.97119],[-54.2418,-24.04727],[-54.26689,-24.06582],[-54.31826,-24.12813],[-54.31728,-24.20127],[-54.28101,-24.30606],[-54.31294,-24.52812],[-54.41299,-24.86748],[-54.4541,-25.06523],[-54.43623,-25.12129],[-54.47315,-25.22021],[-54.61055,-25.43272],[-54.61587,-25.57607]],[[-62.65098,-22.23369],[-62.62568,-22.26152],[-62.62598,-22.29043],[-62.54155,-22.34961],[-62.37251,-22.43916],[-62.21416,-22.6124],[-62.0666,-22.86943],[-61.92803,-23.05928],[-61.79854,-23.18203],[-61.67949,-23.26875],[-61.571,-23.31943],[-61.51304,-23.36045],[-61.50552,-23.39199],[-61.40396,-23.45752],[-61.2084,-23.55703],[-61.08472,-23.65645],[-61.03291,-23.75566],[-60.83984,-23.8581],[-60.50537,-23.96357],[-60.26221,-24.01396],[-60.1103,-24.00918],[-59.89248,-24.09355],[-59.60859,-24.2668],[-59.4354,-24.38701],[-59.37295,-24.45391],[-59.18726,-24.5623],[-58.72402,-24.78662],[-58.51963,-24.84287],[-58.4228,-24.89414],[-58.36538,-24.95928],[-58.30869,-24.9791],[-58.25278,-24.95381],[-58.13647,-24.97715],[-57.95981,-25.04922],[-57.82168,-25.13643],[-57.6439,-25.32842],[-57.58716,-25.40508],[-57.56314,-25.47373],[-57.57168,-25.53418],[-57.62583,-25.59873],[-57.72549,-25.66719],[-57.75478,-25.69707],[-57.75708,-25.72598],[-57.78247,-25.78369],[-57.86523,-25.90693],[-57.88623,-25.96426],[-57.89062,-26.00654],[-57.94311,-26.05293],[-58.08242,-26.13857],[-58.11113,-26.18018],[-58.11807,-26.2249],[-58.13564,-26.25146],[-58.15469,-26.2626],[-58.18149,-26.30742],[-58.20303,-26.38144],[-58.20518,-26.47656],[-58.18794,-26.59258],[-58.19131,-26.62998],[-58.22207,-26.65],[-58.23936,-26.67685],[-58.24556,-26.73106],[-58.27168,-26.7707],[-58.31768,-26.7959],[-58.33467,-26.8249],[-58.32256,-26.85762],[-58.35645,-26.89004],[-58.43633,-26.92197],[-58.48525,-26.96846],[-58.50322,-27.02949],[-58.54771,-27.08398],[-58.6186,-27.13213],[-58.64175,-27.19609],[-58.60483,-27.31435],[-58.16826,-27.27344],[-57.81221,-27.3166],[-57.39126,-27.43047],[-57.11182,-27.47012],[-56.97398,-27.43574],[-56.87173,-27.44063],[-56.80518,-27.48467],[-56.71572,-27.49375],[-56.60337,-27.46787],[-56.51055,-27.48789],[-56.43716,-27.55381],[-56.37051,-27.5374],[-56.31055,-27.43877],[-56.2417,-27.3668],[-56.16406,-27.32148],[-56.06733,-27.30772],[-55.95146,-27.32568],[-55.85903,-27.36191],[-55.78999,-27.41641],[-55.71465,-27.41484],[-55.63291,-27.35713],[-55.5938,-27.28809],[-55.59727,-27.20762],[-55.56489,-27.15],[-55.49673,-27.11533],[-55.45063,-27.06836],[-55.42666,-27.00928],[-55.3458,-26.97314],[-55.20801,-26.96016],[-55.13594,-26.93115],[-55.12964,-26.88603],[-55.08887,-26.84453],[-55.01362,-26.80664],[-54.96216,-26.75937],[-54.93447,-26.70254],[-54.88892,-26.6668],[-54.82549,-26.65225],[-54.75508,-26.53291],[-54.67773,-26.30879],[-54.63193,-26.00576],[-54.61587,-25.57607]],[[-62.65098,-22.23369],[-62.62852,-22.18398],[-62.56694,-21.98867],[-62.47783,-21.70527],[-62.38545,-21.41172],[-62.27666,-21.06602],[-62.27651,-20.8208],[-62.27632,-20.5625],[-62.12163,-20.3499],[-62.01182,-20.19902],[-61.91694,-20.05537],[-61.8209,-19.80947],[-61.75684,-19.64531],[-61.51182,-19.60645],[-61.096,-19.521],[-60.88877,-19.47852],[-60.45161,-19.38877],[-60.00737,-19.29756],[-59.54087,-19.2918],[-59.09053,-19.28623],[-58.74111,-19.49023],[-58.47422,-19.64609],[-58.18018,-19.81787],[-58.16006,-19.85488],[-58.13994,-19.99883],[-58.15977,-20.16465]],[[140.97344,-2.60977],[140.97344,-2.61357],[140.97344,-2.68106],[140.97353,-2.80342],[140.97363,-3.00664],[140.97373,-3.20996],[140.97383,-3.41328],[140.97393,-3.6166],[140.97402,-3.81982],[140.97402,-4.02315],[140.97422,-4.22647],[140.97422,-4.42978],[140.97432,-4.63301],[140.97441,-4.83633],[140.97451,-5.03965],[140.97461,-5.24297],[140.97461,-5.44619],[140.97471,-5.64951],[140.97481,-5.85283],[140.9749,-6.05615],[140.975,-6.25938],[140.975,-6.34609],[140.94404,-6.45225],[140.87461,-6.61152],[140.8623,-6.74004],[140.91953,-6.84004],[140.9752,-6.90537],[140.9752,-7.07256],[140.97529,-7.27588],[140.97539,-7.4792],[140.97549,-7.68252],[140.97559,-7.88574],[140.97559,-8.08906],[140.97568,-8.29238],[140.97578,-8.4957],[140.97588,-8.69893],[140.97598,-8.90225],[140.97598,-9.10557],[140.97617,-9.11875]],[[-77.90117,7.22935],[-77.82832,7.44282],[-77.7647,7.48369],[-77.7439,7.53696],[-77.76875,7.66807],[-77.76191,7.69883],[-77.74692,7.71187],[-77.73203,7.71094],[-77.70635,7.69121],[-77.65859,7.63462],[-77.6186,7.56455],[-77.58657,7.54307],[-77.53828,7.56626],[-77.35078,7.70586],[-77.36274,7.74907],[-77.34561,7.83652],[-77.28296,7.90815],[-77.21597,7.93252],[-77.196,7.97246],[-77.21231,8.03389],[-77.28262,8.18706],[-77.34551,8.26953],[-77.38589,8.35166],[-77.40727,8.42725],[-77.47852,8.49844],[-77.44834,8.56587],[-77.39307,8.64468],[-77.37422,8.6583]],[[-82.87935,8.07065],[-82.8833,8.13057],[-82.91289,8.19961],[-82.94844,8.25684],[-83.02339,8.31602],[-83.02734,8.33774],[-82.99756,8.36777],[-82.86162,8.45352],[-82.84477,8.48935],[-82.84263,8.56396],[-82.85571,8.6353],[-82.91704,8.74033],[-82.88198,8.80532],[-82.81191,8.85742],[-82.73999,8.89858],[-82.72783,8.91606],[-82.74116,8.95171],[-82.78306,8.99028],[-82.88135,9.05586],[-82.94033,9.06011],[-82.94282,9.24888],[-82.93984,9.44917],[-82.92505,9.46904],[-82.88896,9.48101],[-82.86016,9.51148],[-82.84399,9.5708],[-82.80102,9.5918],[-82.72339,9.54609],[-82.64409,9.50586],[-82.61128,9.51924],[-82.58652,9.53882],[-82.56924,9.5582],[-82.56357,9.57666]],[[76.7669,35.66172],[76.81279,35.57183],[76.88223,35.43574],[76.92773,35.34663],[76.97891,35.24644],[77.00449,35.19634],[77.04863,35.10991]],[[68.16504,23.85732],[68.23418,23.90054],[68.28252,23.92798],[68.38125,23.95088],[68.48867,23.96724],[68.58662,23.9666],[68.72412,23.9647],[68.72813,24.26562],[68.73965,24.29199],[68.75898,24.30723],[68.78115,24.31372],[68.8,24.30908],[68.82832,24.26401],[68.86348,24.2665],[68.90078,24.29243],[68.98457,24.2731],[69.05156,24.28633],[69.11953,24.26865],[69.23506,24.26826],[69.44346,24.27539],[69.55918,24.2731],[69.63418,24.22519],[69.71621,24.17261],[69.80518,24.16523],[69.93379,24.17139],[70.02109,24.19155],[70.06514,24.24058],[70.09824,24.2875],[70.28906,24.3563],[70.48926,24.41216],[70.54678,24.41831],[70.56504,24.38579],[70.55586,24.3311],[70.5793,24.27905],[70.65947,24.24609],[70.71631,24.23799],[70.76729,24.24541],[70.80508,24.26196],[70.88623,24.34375],[70.92812,24.36235],[70.98281,24.36104],[71.04404,24.4001],[71.04531,24.42998],[71.00625,24.44434],[70.97324,24.4874],[70.9793,24.52246],[70.96982,24.57187],[70.97637,24.61875],[71.00234,24.65391],[71.04785,24.68774],[71.0207,24.75767],[70.95088,24.8916],[70.87773,25.06299],[70.80049,25.20586],[70.70254,25.33105],[70.65205,25.4229],[70.65723,25.62578],[70.64844,25.66694],[70.61484,25.69189],[70.56953,25.70596],[70.50586,25.6853],[70.44854,25.68135],[70.32519,25.68574],[70.26465,25.70654],[70.10019,25.91006],[70.07861,25.99004],[70.07773,26.07197],[70.13262,26.21479],[70.14922,26.34756],[70.15684,26.47144],[70.14766,26.50644],[70.11465,26.54805],[70.05938,26.57876],[69.91143,26.58613],[69.73594,26.62705],[69.60059,26.69912],[69.50693,26.74268],[69.48125,26.771],[69.47002,26.80444],[69.49453,26.95415],[69.53701,27.12295],[69.56797,27.17461],[69.62158,27.22808],[69.66133,27.2645],[69.72481,27.3127],[69.89629,27.47363],[70.04981,27.69473],[70.14453,27.84902],[70.19394,27.89487],[70.24434,27.93413],[70.31846,27.98164],[70.40371,28.02505],[70.48857,28.02314],[70.56924,27.98379],[70.6291,27.93745],[70.64912,27.83535],[70.6916,27.76899],[70.7374,27.729],[70.79795,27.70962],[70.8749,27.71445],[71.18477,27.83164],[71.29014,27.85527],[71.54297,27.86987],[71.7167,27.91509],[71.87031,27.9625],[71.88887,28.04746],[71.94805,28.1773],[72.12852,28.34634],[72.1792,28.42178],[72.23389,28.56582],[72.29199,28.69727],[72.34189,28.7519],[72.62559,28.89614],[72.90332,29.02876],[72.94873,29.08882],[73.12832,29.36392],[73.23115,29.55063],[73.25781,29.61069],[73.31728,29.773],[73.38164,29.93437],[73.46748,29.97168],[73.65801,30.0332],[73.80918,30.09336],[73.88652,30.16201],[73.9334,30.22207],[73.92461,30.28164],[73.88272,30.35215],[73.8916,30.39404],[73.89932,30.43535],[74.00898,30.51968],[74.21563,30.76899],[74.33935,30.89355],[74.38037,30.89341],[74.50977,30.95967],[74.63281,31.03467],[74.62578,31.06875],[74.61035,31.11284],[74.53975,31.13267],[74.51768,31.1856],[74.53496,31.26138],[74.59395,31.46538],[74.58184,31.52393],[74.50996,31.71294],[74.52598,31.76514],[74.55557,31.81855],[74.63574,31.88975],[74.73945,31.94883],[75.07148,32.08935],[75.13877,32.10478],[75.2541,32.14033],[75.32471,32.21528],[75.3335,32.2792],[75.30264,32.3189],[75.23369,32.37212],[75.1041,32.42036],[74.98731,32.46221],[74.78887,32.45781],[74.68574,32.4938],[74.65781,32.51895],[74.64336,32.60771],[74.66328,32.75767],[74.63242,32.7709],[74.58828,32.75322],[74.4834,32.771],[74.35459,32.7687],[74.30547,32.81045],[74.32998,32.86084],[74.32275,32.92798],[74.30361,32.9918],[74.28359,33.00513],[74.22207,33.02031],[74.12627,33.07544],[74.04912,33.14341],[74.00381,33.18945],[73.98984,33.22119],[73.99424,33.24219],[74.05039,33.30127],[74.11777,33.38413],[74.14258,33.45537],[74.15,33.50698],[74.13125,33.54507],[74.06973,33.5917],[74.004,33.63242],[73.97754,33.66782],[73.97647,33.72129],[74.00098,33.78818],[74.07842,33.83867],[74.21563,33.88657],[74.25088,33.94609],[74.24648,33.99019],[74.20898,34.00342],[74.1126,34.00371],[73.9499,34.0188],[73.92236,34.04307],[73.9041,34.07568],[73.90391,34.10801],[73.93828,34.14478],[73.97949,34.19131],[73.97236,34.23662],[73.92461,34.28784],[73.80996,34.32534],[73.79453,34.37822],[73.81211,34.42236],[73.8501,34.4853],[73.88311,34.52905],[73.96123,34.65347],[74.05586,34.68066],[74.17197,34.7209],[74.30039,34.76538],[74.49795,34.73203],[74.59414,34.71577],[74.78877,34.67773],[74.95185,34.64585],[75.11846,34.63682],[75.1875,34.63901],[75.26406,34.60137],[75.45254,34.53672],[75.60557,34.50273],[75.70918,34.50308],[75.86211,34.56025],[75.93828,34.61255],[76.04102,34.66992],[76.17246,34.66772],[76.45674,34.7561],[76.50996,34.74087],[76.59443,34.73584],[76.69629,34.78691],[76.74902,34.84756],[76.75752,34.87783],[76.78291,34.90019],[76.8917,34.93872],[77.00088,34.99199],[77.03066,35.06235],[77.04863,35.10991]],[[60.84336,29.85869],[61.03418,29.66343],[61.15215,29.54273],[61.31836,29.37261],[61.33945,29.33179],[61.33789,29.26499],[61.50859,29.00605],[61.56875,28.8709],[61.62305,28.7916],[61.75801,28.66768],[61.88984,28.54653],[62.03301,28.49102],[62.13057,28.47881],[62.35303,28.41475],[62.43389,28.36387],[62.56455,28.23516],[62.71758,28.25278],[62.74941,28.25288],[62.75801,28.24356],[62.7625,28.20205],[62.73975,28.00205],[62.78232,27.80054],[62.81201,27.49702],[62.80088,27.44453],[62.76426,27.35674],[62.7625,27.30019],[62.75273,27.26562],[62.76299,27.2502],[62.81162,27.22944],[62.91543,27.21841],[63.1668,27.25249],[63.19609,27.24395],[63.25625,27.20791],[63.30156,27.15147],[63.30518,27.12456],[63.24209,27.07769],[63.23145,26.99815],[63.25039,26.87925],[63.2416,26.86475],[63.18613,26.8376],[63.16807,26.66558],[63.15781,26.64976],[63.09297,26.63232],[62.78662,26.6439],[62.75156,26.63916],[62.63643,26.59365],[62.43926,26.56104],[62.38506,26.54263],[62.31231,26.49087],[62.25967,26.42749],[62.24961,26.36924],[62.23936,26.35703],[62.12598,26.36899],[62.08906,26.31826],[61.86982,26.24243],[61.84238,26.22593],[61.80996,26.16528],[61.78076,25.99585],[61.7544,25.84336],[61.7377,25.82109],[61.66865,25.76899],[61.66182,25.75127],[61.67139,25.69238],[61.64014,25.58462],[61.61543,25.28613],[61.58789,25.20234]],[[60.84336,29.85869],[61.22441,29.74941],[61.52148,29.66567],[62.00098,29.53042],[62.37344,29.42539],[62.47656,29.40835],[63.56758,29.498],[63.971,29.43008],[64.09873,29.39194],[64.11797,29.41426],[64.17217,29.46035],[64.26611,29.50693],[64.39375,29.54434],[64.52109,29.5645],[64.70352,29.56714],[64.82734,29.56416],[64.91894,29.55278],[65.09551,29.55947],[65.18047,29.57764],[65.471,29.65156],[65.66621,29.70132],[65.96162,29.77891],[66.17705,29.8356],[66.23125,29.86572],[66.28691,29.92002],[66.31338,29.96855],[66.24717,30.04351],[66.23848,30.10962],[66.28184,30.19346],[66.30547,30.32114],[66.30098,30.50298],[66.28691,30.60791],[66.34687,30.80278],[66.39717,30.91221],[66.49736,30.96455],[66.5668,30.99658],[66.5958,31.01997],[66.62422,31.04604],[66.73135,31.19453],[66.8293,31.26367],[66.92432,31.30561],[67.02773,31.30024],[67.11592,31.24292],[67.28731,31.21782],[67.45283,31.23462],[67.59639,31.27769],[67.66152,31.31299],[67.73789,31.34395],[67.7335,31.37925],[67.64707,31.40996],[67.59756,31.45332],[67.57822,31.50649],[67.62676,31.53877],[67.73984,31.54819],[68.01719,31.67798],[68.13018,31.76328],[68.16103,31.80298],[68.21397,31.80737],[68.31982,31.76768],[68.44326,31.75449],[68.5207,31.79414],[68.59766,31.80298],[68.67324,31.75972],[68.71367,31.70806],[68.78232,31.64644],[68.86894,31.63423],[68.97344,31.66738],[69.08311,31.73848],[69.18691,31.83809],[69.2793,31.93682],[69.25654,32.24946],[69.24141,32.43355],[69.28994,32.53057],[69.35947,32.59033],[69.40537,32.68272],[69.40459,32.76426],[69.45312,32.83281],[69.50156,33.02007],[69.56777,33.06416],[69.70371,33.09473],[69.92012,33.1125],[70.09023,33.1981],[70.26113,33.28901],[70.28418,33.36904],[70.21973,33.45469],[70.13418,33.62075],[70.05664,33.71987],[69.86807,33.89766],[69.88965,34.00727],[69.99473,34.05181],[70.25361,33.97598],[70.32568,33.96113],[70.41572,33.95044],[70.654,33.95229],[70.84844,33.98188],[71.05156,34.04971],[71.09131,34.12026],[71.08906,34.20405],[71.09238,34.27324],[71.0957,34.36943],[71.02295,34.43115],[70.97891,34.48628],[70.96563,34.53037],[71.01631,34.55464],[71.06562,34.59961],[71.11328,34.68159],[71.22578,34.77954],[71.29414,34.86773],[71.3581,34.90962],[71.45508,34.96694],[71.51709,35.05112],[71.54551,35.10142],[71.60166,35.15068],[71.62051,35.18301],[71.60527,35.21177],[71.57725,35.248],[71.54551,35.28887],[71.54551,35.32852],[71.57197,35.37041],[71.60059,35.40791],[71.5874,35.46084],[71.57197,35.54683],[71.51904,35.59751],[71.48359,35.7146],[71.42754,35.83374],[71.39756,35.88018],[71.34287,35.93852],[71.22021,36.00068],[71.18506,36.04209],[71.23291,36.12178],[71.3126,36.17119],[71.46328,36.29326],[71.5459,36.37769],[71.62051,36.43648],[71.71641,36.42656],[71.77266,36.43184],[71.82227,36.48608],[71.9207,36.53418],[72.09561,36.63374],[72.15674,36.70088],[72.2498,36.73472],[72.32695,36.74238],[72.43115,36.76582],[72.53135,36.802],[72.62285,36.82959],[72.76621,36.83501],[72.99375,36.85161],[73.1168,36.86856],[73.41113,36.88169],[73.73184,36.88779],[73.76914,36.88848],[73.90781,36.85293],[74.00186,36.8231],[74.03887,36.82573],[74.19473,36.89688],[74.43106,36.98369],[74.54141,37.02217]],[[74.54141,37.02217],[74.60059,37.03667],[74.69219,37.03574],[74.76602,37.01274],[74.84121,36.9791],[74.88926,36.95244],[74.94912,36.96836],[75.05391,36.98716],[75.14521,36.97324],[75.34668,36.91348],[75.37686,36.88369],[75.42422,36.73823],[75.46025,36.72505],[75.57373,36.75933],[75.66719,36.74199],[75.77217,36.69492],[75.84023,36.64971],[75.88496,36.60073],[75.93301,36.52158],[75.95185,36.45811],[75.97441,36.38242],[75.96865,36.16885],[75.93408,36.13394],[75.90488,36.08848],[75.91231,36.04897],[75.94512,36.01758],[76.01045,35.99634],[76.0709,35.98301],[76.10332,35.94922],[76.14785,35.829],[76.17783,35.81055],[76.25166,35.81094],[76.38574,35.83716],[76.50205,35.87822],[76.55127,35.88706],[76.56348,35.773],[76.63184,35.72939],[76.72754,35.67866],[76.7669,35.66172]],[[20.62217,69.03687],[20.67588,69.06948],[20.88926,69.07144],[21.06572,69.04175],[21.10449,69.05444],[21.12783,69.08081],[21.05264,69.18657],[21.06611,69.21411],[21.14375,69.24727],[21.2668,69.27368],[21.46123,69.27749],[21.59375,69.27358],[21.62178,69.2707],[21.81973,69.15449],[21.98945,69.04111],[22.07969,68.99277],[22.30039,68.85586],[22.38291,68.77661],[22.41094,68.71987],[22.50068,68.72021],[22.81104,68.69531],[23.07168,68.67436],[23.14434,68.64258],[23.32402,68.64897],[23.4625,68.67764],[23.70703,68.71387],[23.77256,68.7584],[23.854,68.80591],[23.99736,68.79844],[24.1541,68.76089],[24.33203,68.71152],[24.49053,68.68867],[24.70322,68.65283],[24.80244,68.60649],[24.94141,68.59326],[25.08691,68.6396],[25.17285,68.76528],[25.24912,68.82134],[25.35713,68.86245],[25.48086,68.88062],[25.57529,68.88716],[25.64668,68.91914],[25.74834,68.99014],[25.76816,69.07612],[25.74863,69.23144],[25.76719,69.28267],[25.85019,69.3665],[25.96152,69.58862],[26.01152,69.65264],[26.07246,69.69155],[26.15615,69.7147],[26.3082,69.78193],[26.52539,69.91504],[26.58428,69.92632],[26.74023,69.93306],[26.93428,69.92812],[27.10869,69.90469],[27.12754,69.90649],[27.20566,69.9187],[27.34805,69.96006],[27.5917,70.04224],[27.74785,70.06484],[27.88994,70.06167],[28.04727,69.97168],[28.26914,69.87144],[28.41172,69.82275],[28.80039,69.73149],[29.1416,69.67144],[29.3334,69.473],[29.23887,69.39395],[29.1918,69.3667],[29.0249,69.28799],[28.84629,69.1769],[28.83262,69.11899],[28.8919,69.0606],[28.96582,69.02197]],[[124.36211,40.00405],[124.38662,40.10425],[124.48105,40.18164],[124.7124,40.31924],[124.77197,40.38374],[124.88935,40.45981],[124.94228,40.45815],[124.99688,40.46475],[125.01338,40.49785],[125.02598,40.52388],[125.07295,40.54746],[125.18594,40.5894],[125.31445,40.64463],[125.41689,40.65991],[125.54258,40.74258],[125.59385,40.77896],[125.64512,40.77896],[125.65918,40.7959],[125.68828,40.83867],[125.72832,40.8667],[125.78398,40.87202],[125.8749,40.89224],[125.98906,40.90464],[126.0668,40.97407],[126.09316,41.02368],[126.14453,41.07827],[126.25361,41.13779],[126.32871,41.22568],[126.41182,41.32134],[126.45146,41.35186],[126.49043,41.35806],[126.51357,41.39399],[126.54014,41.49556],[126.57832,41.59434],[126.60127,41.64097],[126.69697,41.6919],[126.72158,41.71655],[126.74307,41.72485],[126.78769,41.71821],[126.84727,41.748],[126.90352,41.78106],[126.95479,41.76948],[127.00693,41.74204],[127.06133,41.68735],[127.08535,41.6438],[127.12842,41.60742],[127.13672,41.55454],[127.17969,41.53135],[127.2708,41.51982],[127.42031,41.48379],[127.51699,41.48174],[127.57217,41.45474],[127.6877,41.43999],[127.91865,41.46113],[128.01309,41.44868],[128.05273,41.41562],[128.11123,41.38926],[128.14941,41.38774],[128.20029,41.43301],[128.25488,41.50654],[128.29092,41.56279],[128.28926,41.60742],[128.25781,41.65537],[128.18174,41.70005],[128.13193,41.76914],[128.08418,41.84058],[128.05605,41.86377],[128.03291,41.89849],[128.02871,41.95161],[128.04522,41.9875],[128.16016,42.01162],[128.30781,42.02564],[128.42725,42.01074],[128.62676,42.02085],[128.74902,42.04067],[128.83984,42.03784],[128.92344,42.03823],[128.96064,42.0688],[129.07725,42.14238],[129.13369,42.16851],[129.19551,42.21846],[129.20537,42.27056],[129.21777,42.31269],[129.25254,42.35786],[129.31367,42.41357],[129.36582,42.43921],[129.42363,42.43589],[129.48486,42.4103],[129.52373,42.38467],[129.56758,42.39209],[129.60391,42.43589],[129.62793,42.44429],[129.69785,42.44814],[129.71973,42.475],[129.74648,42.60381],[129.77344,42.70547],[129.7792,42.77656],[129.8415,42.89424],[129.86103,42.96509],[129.89824,42.99815],[129.94121,42.99565],[129.97695,42.97485],[130.02227,42.9626],[130.08262,42.97417],[130.12481,42.95601],[130.15127,42.91797],[130.24033,42.8918],[130.24883,42.87261],[130.24668,42.74482],[130.2956,42.68496],[130.36074,42.63086],[130.45029,42.58169],[130.49824,42.57051],[130.52695,42.5354]],[[13.60635,13.70459],[13.76348,13.48955],[13.93232,13.2585],[14.06396,13.07852]],[[8.55586,4.75523],[8.58516,4.83281],[8.64053,4.927],[8.71562,5.04688],[8.80098,5.19746],[8.85918,5.46377],[8.89883,5.62969],[8.93506,5.78101],[8.99717,5.91772],[9.06016,6.00908],[9.23877,6.18613],[9.37334,6.31963],[9.44219,6.37339],[9.49023,6.41865],[9.57402,6.47041],[9.65996,6.53198],[9.72559,6.65],[9.77988,6.76016],[9.8207,6.78394],[9.87422,6.80327],[10.03887,6.92139],[10.14355,6.99644],[10.16777,6.95918],[10.18555,6.91279],[10.20547,6.8916],[10.29307,6.87676],[10.41318,6.87773],[10.48232,6.89126],[10.51904,6.93047],[10.55635,7.03745],[10.57812,7.05771],[10.60625,7.06309],[10.7376,6.98828],[10.84648,6.88179],[10.9542,6.77656],[11.00869,6.73911],[11.03252,6.6979],[11.07969,6.50552],[11.10645,6.45772],[11.15332,6.43794],[11.2373,6.45054],[11.32461,6.48467],[11.40176,6.53394],[11.47754,6.59741],[11.5291,6.65503],[11.55166,6.69727],[11.56299,6.85464],[11.58008,6.88887],[11.65752,6.95156],[11.78701,7.0562],[11.86143,7.11641],[11.85478,7.13799],[11.80859,7.20195],[11.76738,7.27227],[11.80918,7.34507],[11.85244,7.40073],[12.01602,7.58975],[12.0166,7.652],[12.0252,7.72778],[12.15596,7.94248],[12.23115,8.22739],[12.2334,8.28232],[12.31133,8.41973],[12.40352,8.59556],[12.58272,8.62412],[12.65156,8.66777],[12.73115,8.74565],[12.78223,8.81787],[12.80654,8.88662],[12.82441,9.01943],[12.85596,9.17075],[12.87568,9.30352],[12.92949,9.42627],[13.01943,9.48833],[13.17549,9.53965],[13.19873,9.56377],[13.22119,9.64517],[13.23877,9.81401],[13.24375,9.91592],[13.24981,9.96006],[13.26992,10.03618],[13.41455,10.17144],[13.47852,10.38325],[13.53535,10.60508],[13.6999,10.87314],[13.89209,11.14009],[13.98145,11.21186],[14.05674,11.24502],[14.14326,11.24854],[14.20234,11.26816],[14.40947,11.40117],[14.49609,11.44614],[14.55977,11.49229],[14.57539,11.53242],[14.58164,11.59116],[14.56182,11.72871],[14.59736,11.82983],[14.61816,11.98662],[14.62715,12.10869],[14.61973,12.15098],[14.58701,12.20942],[14.58096,12.22207],[14.51895,12.29824],[14.41543,12.34414],[14.27285,12.35649],[14.19746,12.38379],[14.18486,12.44722],[14.17764,12.48408],[14.17031,12.52407],[14.16006,12.61279],[14.06396,13.07852]],[[2.70644,6.36924],[2.70801,6.42769],[2.73564,6.5957],[2.75371,6.66177],[2.77461,6.71172],[2.75293,6.77163],[2.73174,6.85283],[2.72139,6.98027],[2.74775,7.01982],[2.75674,7.06792],[2.75059,7.14321],[2.75049,7.39507],[2.76582,7.42251],[2.78398,7.44341],[2.78516,7.47685],[2.75098,7.5419],[2.71934,7.61626],[2.72041,7.7231],[2.70771,7.82661],[2.68603,7.87373],[2.70234,8.0498],[2.71152,8.273],[2.70312,8.37183],[2.72363,8.4419],[2.73467,8.61401],[2.73291,8.78252],[2.77481,9.04853],[2.89805,9.06138],[3.04492,9.08384],[3.11045,9.18828],[3.14805,9.32061],[3.13613,9.45161],[3.16465,9.49468],[3.22344,9.56563],[3.32949,9.66704],[3.32519,9.77847],[3.35449,9.81279],[3.40478,9.83862],[3.47676,9.8519],[3.55723,9.90732],[3.60205,10.00454],[3.6459,10.16016],[3.57656,10.26836],[3.57793,10.29248],[3.6041,10.35068],[3.64658,10.40898],[3.68027,10.42778],[3.7585,10.41269],[3.77178,10.41763],[3.78379,10.43589],[3.83447,10.60742],[3.82969,10.65376],[3.75684,10.76875],[3.74492,10.85044],[3.73418,10.97192],[3.71641,11.07959],[3.69531,11.12031],[3.65625,11.15459],[3.63887,11.17685],[3.48779,11.39541],[3.49053,11.49922],[3.55391,11.63189],[3.59541,11.69629]],[[3.59541,11.69629],[3.65313,11.73184],[3.66475,11.76245],[3.64736,11.79966],[3.61846,11.82773],[3.61182,11.8873],[3.62012,11.92695],[3.64062,11.97036],[3.63252,12.06157],[3.63418,12.20161],[3.64385,12.40527],[3.64668,12.52998],[3.76924,12.62217],[3.94785,12.77505],[4.03877,12.93467],[4.0874,13.05547],[4.14756,13.45772],[4.19082,13.48213],[4.24219,13.50107],[4.42139,13.64751],[4.55947,13.70181],[4.66484,13.7332],[4.82334,13.75977],[4.92168,13.74912],[5.10088,13.74273],[5.2419,13.75723],[5.36162,13.83686],[5.41582,13.85918],[5.49199,13.87285],[5.83818,13.76538],[6.18428,13.66367],[6.24717,13.673],[6.29981,13.65879],[6.38633,13.60361],[6.51406,13.4854],[6.58994,13.40913],[6.62656,13.36426],[6.8043,13.10767],[6.87061,13.04326],[6.93721,13.0082],[7.00508,12.99556],[7.05674,13.00019],[7.10605,13.0291],[7.17305,13.08633],[7.27471,13.11226],[7.35781,13.10718],[7.78867,13.33789],[7.83047,13.34092],[7.95576,13.32275],[8.09502,13.29116],[8.45605,13.05967],[8.75059,12.90815],[8.95762,12.85747],[9.20156,12.82148],[9.61592,12.81064],[9.9293,13.13525],[10.04512,13.20615],[10.18467,13.27012],[10.22959,13.28101],[10.47588,13.33023],[10.95889,13.37153],[11.41191,13.35361],[11.50107,13.34053],[11.69336,13.29771],[11.99004,13.1918],[12.11797,13.09043],[12.31904,13.07368],[12.46318,13.09375],[12.51016,13.19434],[12.65479,13.32656],[12.75996,13.38037],[12.87168,13.44902],[13.04844,13.53452],[13.19385,13.57305],[13.32383,13.67085],[13.42695,13.70176],[13.60635,13.70459]],[[2.38916,11.89707],[2.41269,11.99932],[2.36328,12.18843],[2.36602,12.22192],[2.46934,12.26279],[2.59844,12.29434],[2.64844,12.29678],[2.68135,12.31279],[2.72852,12.35361],[2.80527,12.38384],[2.85019,12.37368],[2.87812,12.36773],[3.14961,12.11807],[3.26738,11.99189],[3.29912,11.92715],[3.35996,11.88047],[3.44981,11.85195],[3.53174,11.78745],[3.59541,11.69629]],[[0.21748,14.91147],[0.20381,14.86504],[0.20273,14.78281],[0.18506,14.65293],[0.16387,14.49722],[0.25059,14.39644],[0.35459,14.28804],[0.38252,14.2458],[0.35488,14.13901],[0.37402,14.07637],[0.4292,13.97212],[0.52236,13.83975],[0.61816,13.70342],[0.68457,13.6854],[0.74775,13.67451],[0.78604,13.65005],[0.84228,13.62642],[0.89795,13.61094],[0.94658,13.58115],[0.97773,13.55195],[1.01787,13.46787],[1.12598,13.41235],[1.20117,13.35752],[1.1709,13.32959],[1.07685,13.34077],[0.98848,13.36484],[0.97676,13.32451],[0.97305,13.17036],[0.9873,13.0419],[1.00791,13.02481],[1.09678,13.00112],[1.30869,12.83428],[1.50049,12.67647],[1.56494,12.6354],[1.67109,12.61982],[1.78984,12.61328],[1.84092,12.62788],[1.95615,12.70742],[2.01738,12.71621],[2.07383,12.71396],[2.10459,12.70127],[2.15977,12.63643],[2.21152,12.53843],[2.22627,12.46606],[2.22139,12.42725],[2.20381,12.4126],[2.10938,12.39385],[2.06855,12.37915],[2.0584,12.35796],[2.07295,12.30937],[2.09141,12.27798],[2.19443,12.13648],[2.34336,11.946],[2.38916,11.89707]],[[0.21748,14.91147],[0.22871,14.96367],[0.28623,14.98018],[0.43301,14.979],[0.71865,14.95488],[0.94746,14.98213],[0.96006,14.98691],[1.12129,15.12612],[1.30019,15.27227],[1.56914,15.28647],[1.85938,15.30171],[2.08818,15.30937],[2.4208,15.32041],[2.68965,15.32988],[3.00107,15.34097],[3.01055,15.4083],[3.0294,15.42485],[3.06016,15.4272],[3.28906,15.39111],[3.5043,15.35635],[3.52051,15.48311],[3.70957,15.6417],[3.8165,15.67402],[3.84297,15.70171],[3.87695,15.75527],[3.89795,15.83799],[3.90723,15.89683],[3.94707,15.94565],[3.97617,16.03555],[4.01484,16.19272],[4.12129,16.35771],[4.18213,16.58179],[4.19121,16.79819],[4.20293,16.9627],[4.23467,16.99639],[4.23369,17.28843],[4.23271,17.58218],[4.23193,17.83052],[4.23086,18.13945],[4.22998,18.4106],[4.229,18.70435],[4.22822,18.96807],[4.22764,19.14277]],[[4.22764,19.14277],[4.4457,19.18452],[4.67129,19.22778],[5.00137,19.29106],[5.35869,19.35952],[5.74834,19.43423],[5.83662,19.47915],[6.13066,19.73198],[6.26338,19.84614],[6.52705,20.07295],[6.73066,20.24805],[6.98935,20.47051],[7.26338,20.69448],[7.48174,20.8731],[7.82519,21.07559],[8.34307,21.38086],[8.86094,21.68613],[9.37871,21.99141],[9.89648,22.29673],[10.41436,22.602],[10.93223,22.90727],[11.45,23.2126],[11.96787,23.51787]],[[11.96787,23.51787],[12.48877,23.40166],[12.98359,23.29126],[13.48125,23.18018],[13.59863,23.11953],[13.8627,22.9021],[14.20068,22.62373],[14.21553,22.61968],[14.23076,22.61846],[14.55566,22.78252],[14.97891,22.99629],[14.979,22.99619]],[[13.60635,13.70459],[13.50576,14.13442],[13.44824,14.38066],[13.51367,14.45552],[13.64238,14.63076],[13.80713,14.96611],[14.17822,15.48477],[14.36797,15.75015],[14.74668,16.14663],[15.21211,16.63389],[15.47432,16.9084],[15.5167,17.4085],[15.56152,17.93726],[15.59551,18.33706],[15.6376,18.81084],[15.67295,19.20679],[15.69863,19.49522],[15.73506,19.90405],[15.76621,19.98257],[15.94883,20.30317],[15.96318,20.34619],[15.9293,20.39985],[15.66846,20.67236],[15.58711,20.7333],[15.54033,20.8749],[15.60732,20.9544],[15.29365,21.41152],[15.21582,21.46743],[15.18184,21.52339],[15.17783,21.60581],[15.17227,21.92207],[15.08896,22.41836],[14.979,22.99619]],[[-85.74434,11.06211],[-85.72227,11.06626],[-85.70264,11.08154],[-85.69053,11.09746],[-85.65366,11.15308],[-85.62139,11.18447],[-85.58418,11.18945],[-85.53872,11.16631],[-85.36836,11.10645],[-85.17896,11.03994],[-84.90918,10.94531],[-84.79736,11.00591],[-84.70117,11.0522],[-84.63418,11.04561],[-84.48916,10.99165],[-84.40185,10.97446],[-84.34829,10.97988],[-84.25557,10.90073],[-84.20498,10.84131],[-84.19658,10.80171],[-84.16836,10.78037],[-84.09619,10.77568],[-83.91929,10.73535],[-83.81118,10.74326],[-83.71294,10.78589],[-83.65894,10.83686],[-83.64199,10.91724]],[[-87.33726,12.97925],[-87.05918,12.99146],[-87.00933,13.00781],[-86.95889,13.05371],[-86.93315,13.11753],[-86.92881,13.17939],[-86.91821,13.22358],[-86.87354,13.2665],[-86.79214,13.27979],[-86.7293,13.28438],[-86.71069,13.31338],[-86.72959,13.40723],[-86.76353,13.63525],[-86.77061,13.69873],[-86.75898,13.74614],[-86.73364,13.76348],[-86.61025,13.77485],[-86.37695,13.75566],[-86.33174,13.77007],[-86.23823,13.89946],[-86.15122,13.99458],[-86.08926,14.03721],[-86.04038,14.05015],[-85.98379,13.96567],[-85.78672,13.84443],[-85.75342,13.85205],[-85.73394,13.85869],[-85.72773,13.87607],[-85.7312,13.93184],[-85.68193,13.98257],[-85.57979,14.02822],[-85.47705,14.10869],[-85.37378,14.22388],[-85.28418,14.29165],[-85.20835,14.31182],[-85.17949,14.34331],[-85.19756,14.38599],[-85.1915,14.44663],[-85.16133,14.52515],[-85.11728,14.57061],[-85.05938,14.58296],[-85.03652,14.60767],[-85.04863,14.64473],[-85.03735,14.68555],[-84.98516,14.75244],[-84.86045,14.80977],[-84.78916,14.79038],[-84.72979,14.71338],[-84.64595,14.66108],[-84.53765,14.6334],[-84.45356,14.6437],[-84.39365,14.69175],[-84.33979,14.70635],[-84.29194,14.68735],[-84.26665,14.69815],[-84.26396,14.73852],[-84.23921,14.74785],[-84.19238,14.72602],[-84.15078,14.72041],[-84.1144,14.73101],[-84.10029,14.75064],[-84.09297,14.7709],[-84.06582,14.78608],[-83.97227,14.77109],[-83.86728,14.79448],[-83.75093,14.85625],[-83.67363,14.88354],[-83.6355,14.87642],[-83.58975,14.90757],[-83.53652,14.977],[-83.41504,15.00806],[-83.15752,14.99307]],[[3.3501,51.37769],[3.38008,51.29111],[3.40283,51.26362],[3.43252,51.24575],[3.47197,51.24224],[3.51709,51.26362],[3.58027,51.28618],[3.68184,51.27568],[3.75566,51.25483],[3.78193,51.2332],[3.83076,51.2126],[3.90205,51.20767],[4.04004,51.24707],[4.17256,51.30708],[4.21143,51.34873],[4.22617,51.38647],[4.30449,51.36152],[4.37373,51.35601],[4.404,51.36709],[4.38477,51.42759],[4.44092,51.45981],[4.50342,51.47471],[4.53164,51.44858],[4.58877,51.42192],[4.63398,51.42173],[4.75566,51.49111],[4.78418,51.47739],[4.81055,51.45273],[4.81602,51.43281],[4.8207,51.41206],[4.84805,51.40327],[4.94395,51.40776],[4.99258,51.44536],[5.03096,51.46909],[5.05947,51.45312],[5.07344,51.40684],[5.0999,51.34648],[5.21416,51.27896],[5.31084,51.25972],[5.42978,51.273],[5.47685,51.28506],[5.50879,51.275],[5.54043,51.23931],[5.60879,51.19844],[5.75234,51.16948],[5.79648,51.15308],[5.82715,51.12564],[5.81826,51.08643],[5.74981,50.98877],[5.74082,50.95991],[5.75,50.95024],[5.73662,50.93213],[5.64756,50.86665],[5.63945,50.8436],[5.66914,50.80596],[5.69355,50.77476],[5.69365,50.77466],[5.74707,50.75957],[5.79736,50.75454],[5.89246,50.75256],[5.99395,50.75044]],[[5.99395,50.75044],[6.04844,50.90488],[6.00684,50.94995],[5.95508,50.97295],[5.89473,50.98423],[5.86719,51.00566],[5.85752,51.03013],[5.86836,51.04531],[5.93926,51.04082],[5.96103,51.05669],[6.12998,51.14741],[6.13691,51.16484],[6.11338,51.17471],[6.08242,51.17998],[6.0748,51.19902],[6.07588,51.22412],[6.16621,51.35483],[6.19287,51.4106],[6.19883,51.45],[6.19326,51.48892],[6.1416,51.5501],[6.09111,51.59893],[6.08936,51.63779],[6.05273,51.65825],[5.94853,51.7624],[5.94873,51.80269],[6.00762,51.83398],[6.08984,51.85395],[6.11719,51.87041],[6.1665,51.88076],[6.29707,51.85073],[6.35566,51.82466],[6.37217,51.83003],[6.425,51.8584],[6.51758,51.85395],[6.7418,51.91089],[6.7752,51.93828],[6.80039,51.96738],[6.80244,51.98018],[6.71563,52.03618],[6.71299,52.05689],[6.72451,52.08022],[6.74902,52.09868],[6.80039,52.11123],[6.85508,52.13579],[6.97725,52.20552],[7.01963,52.26602],[7.03262,52.33149],[7.03516,52.38023],[7.00185,52.41899],[6.96816,52.44409],[6.92207,52.44028],[6.83252,52.44228],[6.74883,52.46401],[6.70293,52.49922],[6.6916,52.53018],[6.7124,52.54966],[6.71875,52.57358],[6.70537,52.59766],[6.71074,52.61787],[6.74844,52.63408],[7.01318,52.63354],[7.03301,52.65137],[7.05088,52.74477],[7.11709,52.88701],[7.17949,52.96621],[7.18994,52.99951],[7.18896,53.18721],[7.19727,53.28227]],[[81.01025,30.1645],[80.96611,30.18003],[80.90762,30.17192],[80.84815,30.13975],[80.81992,30.11934],[80.68408,29.99434],[80.61289,29.95586],[80.54902,29.89981],[80.40185,29.73027],[80.3169,29.57207],[80.25488,29.42334],[80.25596,29.31802],[80.23301,29.19463],[80.16953,29.12432],[80.13047,29.10039],[80.08457,28.99419],[80.05166,28.87031],[80.0707,28.83018],[80.14961,28.77607],[80.22656,28.72334],[80.3248,28.66641],[80.41855,28.61201],[80.4791,28.60488],[80.4958,28.63579],[80.51787,28.66519],[80.58701,28.64961],[80.67129,28.59624],[80.72617,28.55391],[80.75078,28.5397],[80.89609,28.46855],[81.0166,28.40957],[81.16894,28.33501],[81.20625,28.2894],[81.23896,28.24087],[81.31084,28.17637],[81.48604,28.06221],[81.63555,27.98047],[81.75723,27.91382],[81.85264,27.86709],[81.89687,27.87446],[81.94522,27.89927],[81.9877,27.91377],[82.03701,27.90059],[82.11191,27.86494],[82.28769,27.75654],[82.45137,27.67183],[82.62988,27.68706],[82.67734,27.67344],[82.71084,27.59668],[82.7334,27.51899],[82.93281,27.46768],[83.06406,27.44453],[83.21387,27.40229],[83.28975,27.371],[83.36943,27.41025],[83.38398,27.44482],[83.44717,27.46533],[83.55166,27.45635],[83.74697,27.39595],[83.82881,27.37783],[83.89717,27.43511],[84.02481,27.46167],[84.09102,27.49136],[84.22979,27.42783],[84.48086,27.34819],[84.61016,27.29868],[84.64072,27.24985],[84.65479,27.20366],[84.65381,27.0917],[84.68535,27.04102],[84.93721,26.9269],[85.02012,26.87852],[85.08731,26.86294],[85.12539,26.86099],[85.15156,26.84663],[85.17412,26.78154],[85.1918,26.76655],[85.24023,26.75034],[85.29297,26.74102],[85.45645,26.79722],[85.56846,26.83984],[85.64844,26.829],[85.6999,26.78164],[85.70742,26.71265],[85.73731,26.63975],[85.79453,26.60415],[85.85566,26.60019],[86.00732,26.64936],[86.1294,26.61172],[86.2416,26.598],[86.36611,26.57441],[86.41445,26.5563],[86.54365,26.496],[86.70137,26.43506],[86.7625,26.44194],[87.01641,26.55542],[87.03789,26.5416],[87.08955,26.4332],[87.1668,26.39424],[87.2874,26.3603],[87.41357,26.42295],[87.51309,26.40498],[87.6334,26.39912],[87.74883,26.4293],[87.84922,26.43691],[87.99512,26.38237],[88.02695,26.39502],[88.05488,26.43003],[88.11152,26.58643],[88.16152,26.7248],[88.15723,26.80732],[88.11104,26.92847],[87.99316,27.08608],[87.98438,27.13394],[88.02412,27.40889],[88.06787,27.56738],[88.10557,27.64243],[88.14697,27.74922],[88.1543,27.79868],[88.15029,27.84331],[88.10977,27.87061]],[[81.01025,30.1645],[81.05557,30.09897],[81.11035,30.03682],[81.17715,30.03989],[81.25508,30.09331],[81.41719,30.3376],[81.6419,30.3875],[81.85488,30.3624],[82.04336,30.32676],[82.09893,30.24507],[82.13535,30.15898],[82.15898,30.11519],[82.2207,30.06387],[82.48652,29.9415],[82.64082,29.8312],[82.8543,29.6834],[83.01396,29.61807],[83.15547,29.61265],[83.23516,29.55459],[83.35518,29.43916],[83.45664,29.30635],[83.5835,29.18359],[83.67109,29.1876],[83.79043,29.22744],[83.93594,29.27949],[84.02197,29.25386],[84.10137,29.21997],[84.12783,29.1563],[84.17559,29.03638],[84.22871,28.91177],[84.31211,28.86811],[84.41074,28.80391],[84.46543,28.75293],[84.65059,28.65957],[84.67676,28.62153],[84.71426,28.59556],[84.75938,28.57925],[84.79688,28.5602],[84.85508,28.55361],[85.06914,28.60967],[85.12637,28.60264],[85.15908,28.59224],[85.16016,28.57187],[85.12148,28.48428],[85.08857,28.37227],[85.12246,28.31597],[85.21211,28.29263],[85.41065,28.27603],[85.67832,28.27744],[85.75947,28.22065],[85.84023,28.13535],[85.92168,27.9897],[85.9541,27.92822],[85.99453,27.9104],[86.06416,27.93472],[86.07549,27.99458],[86.07871,28.08359],[86.13701,28.11435],[86.17422,28.0917],[86.21797,28.02207],[86.32861,27.95952],[86.40869,27.92866],[86.48496,27.93955],[86.5169,27.96353],[86.55449,28.0852],[86.61445,28.10303],[86.69053,28.09492],[86.71963,28.07065],[86.75039,28.02207],[86.84238,27.99917],[86.93379,27.96846],[87.02012,27.92866],[87.14141,27.83833],[87.29072,27.82192],[87.46416,27.82383],[87.55527,27.82183],[87.62256,27.81519],[87.68272,27.82139],[87.86074,27.88608],[87.9334,27.89082],[88.02334,27.8834],[88.10977,27.87061]],[[19.98047,-24.77676],[19.98047,-24.75195],[19.98018,-24.53574],[19.97988,-24.24902],[19.97959,-23.9624],[19.9793,-23.67578],[19.97891,-23.38916],[19.97852,-23.10254],[19.97822,-22.81592],[19.97793,-22.5293],[19.97764,-22.24258],[19.97734,-22.0002],[20.20537,-22.0002],[20.4875,-22.0002],[20.82275,-22.0002],[20.971,-22.0002],[20.97949,-21.96191],[20.9793,-21.78408],[20.97871,-21.37607],[20.97812,-20.96816],[20.97744,-20.56025],[20.97686,-20.15234],[20.97617,-19.74434],[20.97559,-19.33643],[20.975,-18.92852],[20.97432,-18.52051],[20.97412,-18.31885],[21.23252,-18.30684],[21.52969,-18.26562],[22.01143,-18.19863],[22.46006,-18.11572],[22.75273,-18.06719],[23.0999,-18.00957],[23.21934,-17.99971],[23.25156,-18.00752],[23.29863,-18.02734],[23.45977,-18.23106],[23.56016,-18.38643],[23.58057,-18.45293],[23.59971,-18.45996],[23.64717,-18.44941],[23.70049,-18.42432],[23.86426,-18.26953],[23.89834,-18.2292],[24.00264,-18.1541],[24.1293,-18.07754],[24.24395,-18.02344],[24.35898,-17.97822],[24.41221,-17.98945],[24.4749,-18.02852],[24.53057,-18.05273],[24.79219,-17.86465],[24.90908,-17.82139],[25.21602,-17.7876],[25.25879,-17.79356]],[[11.74307,-17.24922],[11.90254,-17.22656],[12.01397,-17.16856],[12.11435,-17.16455],[12.21338,-17.20996],[12.31846,-17.21338],[12.35928,-17.20586],[12.54814,-17.2127],[12.65654,-17.16055],[12.78516,-17.1082],[12.85928,-17.0626],[12.96318,-17.01543],[13.10117,-16.96768],[13.17949,-16.97168],[13.27568,-16.98955],[13.40371,-17.00781],[13.47598,-17.04004],[13.56172,-17.14121],[13.69434,-17.2335],[13.79199,-17.28838],[13.9042,-17.36074],[13.93799,-17.38877],[13.9874,-17.4042],[14.01748,-17.40889],[14.22588,-17.39775],[14.41475,-17.3877],[14.61797,-17.38799],[15.00059,-17.38857],[15.3832,-17.38916],[15.76582,-17.38965],[16.14844,-17.39023],[16.53105,-17.39082],[16.91367,-17.39141],[17.29629,-17.39199],[17.67881,-17.39258],[17.83535,-17.39277],[18.10879,-17.396],[18.39639,-17.39941],[18.42822,-17.40518],[18.46035,-17.42461],[18.48662,-17.44277],[18.58818,-17.57002],[18.71807,-17.70322],[18.82598,-17.76631],[18.95527,-17.80352],[19.07646,-17.81768],[19.18945,-17.8085],[19.37715,-17.82549],[19.63935,-17.86865],[19.91182,-17.88135],[20.19434,-17.86367],[20.39297,-17.8874],[20.50762,-17.95254],[20.6251,-17.99668],[20.74551,-18.01973],[20.9083,-18.00605],[21.11348,-17.95576],[21.28789,-17.96299],[21.36875,-17.99951],[21.4169,-18.00068],[21.71846,-17.94775],[21.96084,-17.90518],[22.32422,-17.8375],[22.62402,-17.78164],[23.06826,-17.69883],[23.38066,-17.64062]],[[33.20176,-14.01338],[33.24356,-14.04307],[33.38994,-14.28945],[33.50527,-14.43408],[33.63643,-14.56816],[33.6583,-14.56162],[33.69609,-14.53027],[33.76143,-14.51728],[33.96982,-14.48711],[34.04941,-14.48525],[34.10186,-14.44932],[34.20879,-14.42373],[34.33252,-14.40859],[34.375,-14.4248],[34.50527,-14.59815],[34.52412,-14.73076],[34.55117,-14.92236],[34.55762,-15.01592],[34.55547,-15.14092],[34.54082,-15.29727],[34.43496,-15.47715],[34.41475,-15.5668],[34.35801,-15.70527],[34.28301,-15.77344],[34.24609,-15.82939],[34.24824,-15.8875],[34.28828,-15.93613],[34.37598,-16.02373],[34.40303,-16.08027],[34.39512,-16.13086],[34.39551,-16.19922],[34.41641,-16.24678],[34.44131,-16.27441],[34.52813,-16.31914],[34.6127,-16.43154],[34.75879,-16.56709],[34.9334,-16.76035],[35.01533,-16.81953],[35.07988,-16.83389],[35.11211,-16.89853],[35.09424,-16.97383],[35.04395,-17.0169],[35.06465,-17.07861],[35.09307,-17.11094],[35.12461,-17.12725],[35.20137,-17.13105],[35.27256,-17.11846],[35.29043,-17.09697],[35.28115,-16.80781],[35.22978,-16.63926],[35.17832,-16.57334],[35.16719,-16.56025],[35.18525,-16.50488],[35.24277,-16.37539],[35.2915,-16.24717],[35.32246,-16.19316],[35.3585,-16.16055],[35.59932,-16.12588],[35.70889,-16.0958],[35.75527,-16.0583],[35.79121,-15.95869],[35.81992,-15.68037],[35.83027,-15.41895],[35.80537,-15.26562],[35.83994,-15.03467],[35.89277,-14.8918],[35.8667,-14.86377],[35.84717,-14.6709],[35.69043,-14.46553],[35.48848,-14.20107],[35.37578,-14.05869],[35.24746,-13.89687],[35.01387,-13.64346],[34.90684,-13.55166],[34.85049,-13.51602],[34.66162,-13.48672],[34.61152,-13.43789],[34.56367,-13.36016],[34.5457,-13.21631],[34.54258,-13.10869],[34.52129,-12.92578],[34.48291,-12.6668],[34.46582,-12.59072],[34.41211,-12.3959],[34.36084,-12.21055],[34.35781,-12.16475],[34.37598,-12.12021],[34.46289,-11.98379],[34.52481,-11.88701],[34.55391,-11.83408],[34.60625,-11.69004],[34.61856,-11.62021],[34.65957,-11.58867],[34.82656,-11.57568],[34.95947,-11.57812]],[[34.5416,-12.01865],[34.554,-11.98223],[34.59141,-11.97109],[34.62422,-11.98477],[34.6416,-12.01367],[34.62178,-12.0666],[34.58047,-12.06582],[34.5416,-12.01865]],[[34.66211,-12.10078],[34.66748,-12.04756],[34.67988,-12.00889],[34.71494,-12.00273],[34.73897,-12.01309],[34.75596,-12.03076],[34.75625,-12.05908],[34.746,-12.08838],[34.71934,-12.11064],[34.68418,-12.11865],[34.66211,-12.10078]],[[-8.68335,27.65645],[-8.68335,27.90039],[-8.68335,28.11201],[-8.68335,28.32368],[-8.68335,28.46924],[-8.68335,28.62075],[-8.67842,28.6894],[-8.65991,28.7186],[-8.55835,28.76787],[-8.39932,28.88018],[-8.34048,28.93018],[-8.26519,28.98052],[-7.99893,29.13242],[-7.94385,29.17476],[-7.68516,29.34951],[-7.62461,29.3752],[-7.48574,29.39224],[-7.42769,29.425],[-7.34976,29.49473],[-7.23491,29.5749],[-7.16021,29.61265],[-7.14243,29.61958],[-7.09492,29.6252],[-6.85557,29.60161],[-6.75513,29.58384],[-6.63535,29.5688],[-6.59775,29.57896],[-6.56567,29.60386],[-6.52056,29.65986],[-6.51069,29.72602],[-6.50791,29.78379],[-6.50088,29.80913],[-6.47974,29.82036],[-6.42764,29.81611],[-6.35762,29.8083],[-6.21479,29.81069],[-6.1665,29.81894],[-6.0043,29.83125],[-5.775,29.86904],[-5.59331,29.91797],[-5.44878,29.95693],[-5.29365,30.05864],[-5.18013,30.16616],[-5.06191,30.32642],[-4.96826,30.46538],[-4.77852,30.55239],[-4.61963,30.60478],[-4.52915,30.62554],[-4.32285,30.69888],[-4.14878,30.80957],[-3.98535,30.91352],[-3.86006,30.92725],[-3.702,30.94448],[-3.6668,30.96401],[-3.6269,31.00093],[-3.62451,31.06577],[-3.67251,31.11138],[-3.73018,31.1354],[-3.771,31.16182],[-3.81182,31.1666],[-3.8334,31.1978],[-3.82139,31.25547],[-3.81514,31.30884],[-3.78916,31.36182],[-3.79644,31.43711],[-3.83711,31.51235],[-3.84956,31.56641],[-3.84668,31.61987],[-3.82676,31.66191],[-3.76816,31.68955],[-3.70024,31.7001],[-3.60459,31.68677],[-3.4398,31.70454],[-3.01738,31.83428],[-2.98823,31.87422],[-2.96113,31.96397],[-2.93086,32.04253],[-2.88721,32.06885],[-2.86343,32.07471],[-2.72261,32.09575],[-2.52324,32.12568],[-2.44839,32.12998],[-2.23125,32.12134],[-2.0728,32.11504],[-1.81699,32.10478],[-1.63516,32.09956],[-1.47705,32.09487],[-1.27534,32.08901],[-1.22593,32.10723],[-1.22593,32.16455],[-1.26211,32.27114],[-1.24033,32.3376],[-1.1626,32.39917],[-1.06553,32.46831],[-1.11103,32.5523],[-1.18823,32.6085],[-1.29639,32.67568],[-1.35215,32.70337],[-1.45,32.78481],[-1.51001,32.87764],[-1.55073,33.07358],[-1.6251,33.18335],[-1.6792,33.31865],[-1.63125,33.56675],[-1.70298,33.71685],[-1.71411,33.78184],[-1.7147,33.8582],[-1.69268,33.99028],[-1.70693,34.17607],[-1.7918,34.36792],[-1.75185,34.43325],[-1.7333,34.46704],[-1.73945,34.49609],[-1.8166,34.55708],[-1.84966,34.60732],[-1.83242,34.65464],[-1.79219,34.72319],[-1.7956,34.7519],[-1.9209,34.83555],[-2.13179,34.97085],[-2.19077,35.02978],[-2.21963,35.1042]],[[-17.00308,21.4207],[-17.00298,21.42075],[-16.95112,21.43027],[-16.73096,21.47031],[-16.58101,21.48106],[-16.19087,21.48106],[-16.04102,21.50059],[-15.92085,21.50059],[-15.75093,21.49082],[-15.61079,21.47031],[-15.46094,21.45078],[-15.29097,21.45078],[-15.15088,21.44102],[-14.97114,21.44102],[-14.84082,21.45078],[-14.75098,21.50059],[-14.67085,21.60019],[-14.64111,21.68027],[-14.61079,21.75059],[-14.62109,21.8209],[-14.63086,21.86094],[-14.58101,21.91074],[-14.521,21.99087],[-14.46089,22.04062],[-14.44092,22.08066],[-14.38081,22.1207],[-14.31104,22.19102],[-14.271,22.24082],[-14.22119,22.31016],[-14.21094,22.3707],[-14.19087,22.45078],[-14.19087,22.59043],[-14.1709,22.76035],[-14.14106,22.8707],[-14.12109,22.96055],[-14.10107,23.10019],[-14.04097,23.34043],[-14.021,23.41074],[-13.98091,23.52012],[-13.9311,23.6207],[-13.89111,23.69102],[-13.84077,23.75059],[-13.77095,23.79062],[-13.66108,23.83066],[-13.58105,23.8707],[-13.48096,23.91074],[-13.39111,23.94102],[-13.31099,23.98106],[-13.28076,24.02012],[-13.23096,24.09043],[-13.16113,24.22031],[-13.12109,24.30039],[-13.06104,24.40098],[-12.99116,24.47031],[-12.94785,24.49727],[-12.91113,24.52012],[-12.82075,24.5709],[-12.71094,24.63047],[-12.63081,24.68027],[-12.56104,24.73106],[-12.50098,24.77012],[-12.43115,24.83066],[-12.40088,24.88047],[-12.36084,24.97031],[-12.31099,25.11094],[-12.27095,25.2603],[-12.23096,25.42051],[-12.20112,25.52012],[-12.17085,25.64023],[-12.13086,25.73106],[-12.10102,25.83066],[-12.08105,25.8707],[-12.08105,25.92051],[-12.06099,25.99082],[-12.05679,25.99634],[-12.03076,26.03086],[-11.96089,26.05039],[-11.88086,26.0709],[-11.75488,26.08652],[-11.71821,26.1041],[-11.69922,26.16269],[-11.68452,26.21348],[-11.63721,26.29551],[-11.58398,26.36094],[-11.55317,26.40098],[-11.51167,26.47031],[-11.4707,26.52012],[-11.3999,26.58359],[-11.33789,26.6334],[-11.31685,26.68418],[-11.31685,26.74473],[-11.36128,26.79356],[-11.39258,26.8834],[-11.26362,26.91074],[-11.15034,26.94102],[-11.04683,26.97031],[-10.9228,27.01035],[-10.83008,27.01035],[-10.75776,27.02012],[-10.65425,27.00059],[-10.55127,26.99082],[-10.47895,26.96055],[-10.35493,26.90098],[-10.25146,26.86094],[-10.18945,26.86094],[-10.12305,26.88047],[-10.06685,26.90879],[-10.03271,26.91074],[-9.98091,26.89023],[-9.90034,26.85019],[-9.81787,26.85019],[-9.73535,26.86094],[-9.67334,26.91074],[-9.56982,26.99082],[-9.4873,27.05039],[-9.41304,27.08848],[-9.35298,27.09824],[-9.2856,27.09824],[-9.20845,27.10019],[-9.08442,27.09043],[-9.0019,27.09043],[-8.88906,27.1041],[-8.79487,27.1207],[-8.75386,27.15098],[-8.75386,27.19102],[-8.77436,27.25059],[-8.79683,27.3082],[-8.80269,27.36094],[-8.78896,27.41655],[-8.77436,27.46055],[-8.78457,27.53086],[-8.81392,27.61387],[-8.81777,27.65591],[-8.81782,27.65645],[-8.68335,27.65645]],[[-8.68335,27.28594],[-8.68335,27.49023],[-8.68335,27.65645]],[[-17.04805,20.80615],[-17.06396,20.89883],[-17.04238,21.00801],[-17.00591,21.14243],[-16.96455,21.32925],[-16.83633,21.3294],[-16.60703,21.32964],[-16.37773,21.32993],[-16.14844,21.33022],[-15.91914,21.33047],[-15.6898,21.33076],[-15.46055,21.33105],[-15.2312,21.3313],[-15.0019,21.33159],[-14.77261,21.33188],[-14.54326,21.33213],[-14.31396,21.33242],[-14.08467,21.33272],[-13.85537,21.33296],[-13.62603,21.33325],[-13.39673,21.33355],[-13.16743,21.33379],[-13.01621,21.33394],[-13.0251,21.4668],[-13.03223,21.57207],[-13.04175,21.71382],[-13.05122,21.85478],[-13.06064,21.99575],[-13.06958,22.12817],[-13.07847,22.26045],[-13.08677,22.38325],[-13.09434,22.496],[-13.10732,22.56074],[-13.15596,22.68931],[-13.1665,22.75322],[-13.15327,22.82051],[-13.1209,22.88408],[-13.03149,23.00024],[-12.896,23.08955],[-12.7396,23.19272],[-12.62041,23.27134],[-12.55937,23.29082],[-12.3729,23.31802],[-12.22617,23.37749],[-12.08335,23.43545],[-12.02344,23.46758],[-12.01631,23.57646],[-12.01631,23.6979],[-12.01631,23.83403],[-12.01631,23.97021],[-12.01631,24.10635],[-12.01631,24.24248],[-12.01631,24.37866],[-12.01631,24.51479],[-12.01631,24.65098],[-12.01631,24.78711],[-12.01631,24.92324],[-12.01631,25.05937],[-12.01631,25.19556],[-12.01631,25.33169],[-12.01631,25.46787],[-12.01631,25.604],[-12.01631,25.74014],[-12.01631,25.87632],[-12.01631,25.99541],[-11.86665,25.99541],[-11.68037,25.99541],[-11.49404,25.99541],[-11.30771,25.99541],[-11.12139,25.99546],[-10.93511,25.99546],[-10.74878,25.99546],[-10.56245,25.99546],[-10.37612,25.99546],[-10.1898,25.99546],[-10.00352,25.99546],[-9.81719,25.99546],[-9.63086,25.99551],[-9.44453,25.99551],[-9.2582,25.99551],[-9.07192,25.99551],[-8.88565,25.99551],[-8.68223,25.99551],[-8.68213,26.10947],[-8.68213,26.27319],[-8.68232,26.4977],[-8.68262,26.72314],[-8.68286,26.92134],[-8.6831,27.11929],[-8.68335,27.28594]],[[20.06396,42.54727],[20.07031,42.55708],[20.08926,42.63154],[20.06572,42.68584],[20.02949,42.73203],[20.0543,42.76006],[20.12998,42.75977],[20.19258,42.75464],[20.21514,42.79883],[20.34434,42.82793]],[[19.34238,41.86909],[19.34551,41.91885],[19.36113,41.99775],[19.35215,42.02402],[19.36143,42.06909],[19.33086,42.1293],[19.28066,42.17256],[19.329,42.24927],[19.39961,42.3419],[19.46514,42.41538],[19.54453,42.49194],[19.59746,42.56543],[19.65449,42.62856],[19.70342,42.64795],[19.72783,42.63452],[19.74072,42.60693],[19.73779,42.52515],[19.75449,42.49692],[19.78828,42.47617],[19.85977,42.48633],[19.93906,42.50669],[20.0457,42.5499],[20.06396,42.54727]],[[18.43633,42.55972],[18.43809,42.52295],[18.47666,42.4811],[18.51748,42.43291]],[[18.43633,42.55972],[18.45391,42.5645],[18.48008,42.5792],[18.53496,42.62012],[18.5459,42.6416],[18.54326,42.67417],[18.46602,42.77725],[18.45508,42.84409],[18.44385,42.96846],[18.46016,42.9979],[18.48848,43.01216],[18.62363,43.02769],[18.62187,43.12461],[18.62998,43.15366],[18.65684,43.19394],[18.67422,43.23081],[18.74922,43.28354],[18.85107,43.34634],[18.8956,43.34819],[18.93467,43.33945],[18.97871,43.2854],[19.02666,43.29243],[19.03672,43.35732],[18.97383,43.44238],[18.94023,43.49673],[18.95068,43.52666],[18.97422,43.54233],[19.02832,43.53252],[19.08008,43.51772],[19.11279,43.52773],[19.16436,43.53545],[19.19434,43.5333]],[[87.81426,49.16231],[87.82519,49.11631],[87.81631,49.08027],[87.83467,49.03193],[87.87217,49.00015],[87.85986,48.96553],[87.80684,48.94551],[87.75469,48.91855],[87.74316,48.88164],[87.80918,48.83574],[87.83184,48.79165],[87.94219,48.76528],[88.02793,48.7356],[88.06006,48.70718],[88.0502,48.67505],[88.01064,48.64043],[87.97227,48.60332],[87.96738,48.58105],[87.97969,48.55513],[88.0626,48.53784],[88.1582,48.50908],[88.30996,48.47207],[88.41397,48.40342],[88.51709,48.38447],[88.5668,48.31743],[88.57598,48.22017],[88.68184,48.17056],[88.83828,48.10171],[88.91777,48.08901],[88.97109,48.04995],[89.04766,48.00254],[89.11562,47.9877],[89.19629,47.98091],[89.32988,48.02485],[89.4792,48.02905],[89.56094,48.00395],[89.63848,47.90908],[89.69316,47.87915],[89.72559,47.85249],[89.77813,47.827],[89.83135,47.82329],[89.91045,47.84434],[89.95869,47.88633],[90.02793,47.87769],[90.05391,47.85049],[90.0666,47.80356],[90.10322,47.74541],[90.19102,47.7021],[90.31328,47.67617],[90.33066,47.65518],[90.34746,47.59697],[90.38066,47.55664],[90.4252,47.5041],[90.46748,47.40815],[90.47647,47.32881],[90.49619,47.28516],[90.55293,47.21401],[90.64336,47.10029],[90.71553,47.00386],[90.79902,46.98516],[90.86992,46.95449],[90.91055,46.88325],[90.98574,46.74902],[90.99785,46.66108],[91.0043,46.59575],[91.02891,46.56606],[91.03389,46.529],[90.97148,46.38799],[90.91826,46.32427],[90.91152,46.27065],[90.94756,46.1773],[90.99678,46.10498],[91.00176,46.03579],[90.95977,45.98506],[90.88711,45.92163],[90.85244,45.8854],[90.7959,45.85352],[90.70967,45.73081],[90.6707,45.59517],[90.66182,45.52524],[90.69443,45.47466],[90.74961,45.41895],[90.76318,45.37065],[90.85322,45.26289],[90.87725,45.19609],[90.91397,45.19394],[90.95361,45.21592],[91.05,45.21743],[91.13769,45.19394],[91.22178,45.14453],[91.31211,45.11812],[91.44102,45.12476],[91.51006,45.09824],[91.58437,45.07651],[91.73779,45.06894],[91.85283,45.06934],[92.02979,45.06851],[92.17266,45.03525],[92.42383,45.00894],[92.57891,45.01099],[92.78789,45.03574],[92.91602,45.02017],[93.29434,44.98315],[93.51621,44.94448],[93.65645,44.90098],[93.75527,44.83193],[93.86816,44.72422],[93.95791,44.67495],[94.19932,44.64517],[94.36475,44.51948],[94.49434,44.47251],[94.71201,44.35083],[94.86602,44.30332],[95.04981,44.25942],[95.35029,44.27808],[95.3668,44.26152],[95.34365,44.19541],[95.32559,44.10488],[95.32559,44.03936],[95.35644,44.00596],[95.47129,43.98618],[95.52559,43.95396],[95.56719,43.89224],[95.59121,43.85361],[95.6873,43.66406],[95.84199,43.38369],[95.85957,43.27598],[95.9125,43.20649],[96.08027,43.09614],[96.16846,43.0145],[96.29951,42.92871],[96.34248,42.84932],[96.35234,42.74678],[96.38545,42.72036],[96.62529,42.74385],[96.83301,42.76025],[97.20566,42.78979],[97.71895,42.73628],[98.24824,42.68452],[98.71631,42.63872],[98.94688,42.61621],[99.46787,42.56821],[99.75742,42.62944],[99.98379,42.67734],[100.08633,42.67075],[100.51904,42.6168],[100.77256,42.58779],[101.09199,42.55132],[101.31377,42.53789],[101.49531,42.53877],[101.5791,42.52354],[101.65996,42.50005],[101.71387,42.46582],[101.87988,42.29233],[101.97295,42.21587],[102.15664,42.1581],[102.57519,42.09209],[102.80684,42.052],[103.07285,42.00596],[103.24785,41.93657],[103.44971,41.85586],[103.71113,41.75132],[103.99727,41.79697],[104.30518,41.84614],[104.49824,41.877],[104.49824,41.65869],[104.77363,41.64116],[104.86035,41.64375],[104.98203,41.59551],[105.05059,41.61592],[105.11543,41.66328],[105.19707,41.73804],[105.31436,41.7709],[105.51709,41.85474],[105.56641,41.8751],[105.86758,41.99399],[106.31719,42.14058],[106.51875,42.21157],[106.5791,42.22734],[106.69316,42.26357],[106.77002,42.28872],[106.90605,42.30889],[107.09072,42.32153],[107.29238,42.34927],[107.74873,42.40098],[107.80596,42.40586],[108.0623,42.4272],[108.17119,42.44731],[108.33398,42.43677],[108.54648,42.4293],[108.6873,42.41611],[108.87451,42.42647],[109.13164,42.44058],[109.33984,42.43838],[109.44316,42.45596],[109.59551,42.51055],[109.69805,42.55381],[109.85879,42.60625],[110.05801,42.6606],[110.19688,42.71001],[110.28887,42.74273],[110.40039,42.77368],[110.42959,42.81357],[110.46172,42.84414],[110.5209,42.89526],[110.62754,42.99053],[110.70859,43.07388],[110.74854,43.11079],[110.83955,43.19409],[110.91328,43.25688],[111.00723,43.34141],[111.08652,43.36875],[111.18682,43.39199],[111.45107,43.4749],[111.50352,43.49277],[111.54736,43.49629],[111.64082,43.56318],[111.71973,43.62114],[111.77109,43.6646],[111.87812,43.68018],[111.9332,43.71143],[111.94287,43.75244],[111.93174,43.81494],[111.88027,43.87891],[111.83691,43.93467],[111.68379,44.04111],[111.60264,44.10713],[111.51973,44.1919],[111.48623,44.27163],[111.42959,44.32236],[111.40225,44.36729],[111.41094,44.41919],[111.48945,44.51157],[111.51475,44.56982],[111.54746,44.6729],[111.62129,44.82715],[111.68144,44.89917],[111.75107,44.96953],[111.89805,45.06406],[112.03262,45.08164],[112.11289,45.06294],[112.29209,45.06304],[112.41133,45.0582],[112.49932,45.01094],[112.59678,44.91768],[112.70674,44.88345],[113.04941,44.81035],[113.19609,44.79482],[113.30098,44.79165],[113.45566,44.76743],[113.50791,44.76235],[113.58701,44.7457],[113.65264,44.76348],[113.75215,44.82593],[113.87705,44.89619],[113.93086,44.91231],[114.03027,44.94258],[114.08027,44.97114],[114.16738,45.04985],[114.28105,45.11089],[114.41914,45.20259],[114.48731,45.27173],[114.50225,45.31631],[114.51719,45.3646],[114.56016,45.38999],[114.64434,45.41328],[114.73877,45.41963],[114.91924,45.37827],[115.1626,45.39023],[115.21748,45.39619],[115.43945,45.41997],[115.53945,45.4395],[115.68106,45.45825],[115.78916,45.53481],[115.93418,45.62617],[116.03955,45.67695],[116.10986,45.68672],[116.19766,45.73936],[116.24062,45.796],[116.2291,45.84575],[116.21299,45.88691],[116.26455,45.96304],[116.35762,46.09658],[116.44482,46.15879],[116.5167,46.20908],[116.5626,46.28979],[116.61934,46.31309],[116.68887,46.32197],[116.78701,46.37666],[116.85908,46.38794],[116.97881,46.36177],[117.15596,46.35508],[117.26904,46.35225],[117.3334,46.36201],[117.35693,46.39131],[117.35635,46.43667],[117.39219,46.5376],[117.40557,46.5709],[117.43809,46.58623],[117.54688,46.58828],[117.62051,46.552],[117.67109,46.52207],[117.74121,46.51816],[117.81348,46.53769],[117.91045,46.61934],[118.07129,46.6666],[118.15684,46.67856],[118.30869,46.71704],[118.40439,46.70317],[118.58047,46.6919],[118.64873,46.70166],[118.72295,46.6919],[118.79033,46.74707],[118.84395,46.7602],[118.95713,46.73486],[119.02852,46.69219],[119.16211,46.63867],[119.33184,46.61382],[119.47402,46.62666],[119.62022,46.60395],[119.70664,46.60601],[119.74746,46.6272],[119.86719,46.67217],[119.8959,46.73286],[119.88418,46.79145],[119.89785,46.85781],[119.8627,46.90659],[119.78848,46.97881],[119.75986,47.027],[119.75723,47.09004],[119.71113,47.15],[119.60019,47.22246],[119.52695,47.25591],[119.37666,47.38086],[119.32598,47.41016],[119.30859,47.43071],[119.29082,47.47266],[119.23525,47.49258],[119.1624,47.52519],[119.12295,47.5585],[119.09727,47.61626],[119.08193,47.65415],[119.01758,47.68535],[118.95312,47.70293],[118.88027,47.7251],[118.75996,47.75762],[118.69053,47.82227],[118.56777,47.94326],[118.49844,47.98398],[118.23965,47.99951],[118.14707,48.02891],[118.04189,48.01895],[117.9792,47.99961],[117.84043,47.99985],[117.76836,47.98789],[117.67666,47.9083],[117.55537,47.80469],[117.45508,47.74136],[117.38398,47.67573],[117.35078,47.6522],[117.28594,47.66636],[117.19707,47.74028],[117.06973,47.8064],[116.95166,47.83657],[116.90117,47.85308],[116.76055,47.86977],[116.65195,47.8645],[116.51348,47.83955],[116.37822,47.84404],[116.31719,47.85986],[116.23115,47.8582],[116.0748,47.78955],[115.99385,47.71133],[115.89824,47.68691],[115.81172,47.73823],[115.71172,47.79893],[115.61641,47.87481],[115.55762,47.94502],[115.5251,48.13086],[115.63945,48.18623],[115.78555,48.24824],[115.79658,48.34634],[115.7917,48.45571],[115.82051,48.57725],[115.95381,48.68935],[116.02549,48.78227],[116.03437,48.84004],[116.09824,48.93613],[116.15967,49.03745],[116.24336,49.17036],[116.40215,49.4062],[116.58975,49.68481],[116.6833,49.82378]],[[7.37773,43.73174],[7.38008,43.75322],[7.39502,43.76533],[7.41445,43.7709],[7.43691,43.76147],[7.43867,43.75044]],[[-89.16147,17.81484],[-89.16235,17.90195],[-89.13354,17.9708],[-89.05044,17.99971],[-88.94263,17.93965],[-88.8978,17.91455],[-88.85737,17.92881],[-88.80635,17.96553],[-88.7436,18.07163],[-88.58618,18.29053],[-88.523,18.4459],[-88.46128,18.47676],[-88.37241,18.48232],[-88.29565,18.47241]],[[-92.23516,14.54541],[-92.20903,14.571],[-92.18706,14.63008],[-92.15991,14.69102],[-92.17646,14.76133],[-92.18638,14.81836],[-92.15566,14.90132],[-92.15855,14.96357],[-92.14424,15.00195],[-92.09873,15.02676],[-92.0748,15.07422],[-92.20435,15.2377],[-92.20425,15.275],[-92.18716,15.3209],[-92.08213,15.49556],[-91.95723,15.70322],[-91.81943,15.93237],[-91.73657,16.07017],[-91.43398,16.07046],[-91.23379,16.07065],[-90.97959,16.0708],[-90.70322,16.07105],[-90.52197,16.07119],[-90.44717,16.0727],[-90.45986,16.16235],[-90.45015,16.26138],[-90.41699,16.35132],[-90.41699,16.39102],[-90.47109,16.43955],[-90.57578,16.46782],[-90.63408,16.51074],[-90.63438,16.56514],[-90.65996,16.63091],[-90.71069,16.7081],[-90.81602,16.78711],[-90.97583,16.86782],[-91.11186,16.97617],[-91.22417,17.11226],[-91.31919,17.19981],[-91.39233,17.23643],[-91.40962,17.25586],[-91.19551,17.2541],[-90.99297,17.25244],[-90.9916,17.44746],[-90.99043,17.62075],[-90.98916,17.81641],[-90.62202,17.81611],[-90.18359,17.81572],[-89.72881,17.81533],[-89.37153,17.81499],[-89.16147,17.81484]],[[-8.68335,27.28594],[-8.49531,27.17534],[-8.30728,27.06475],[-8.11924,26.95415],[-7.93115,26.84355],[-7.74312,26.73296],[-7.55508,26.62236],[-7.36699,26.51177],[-7.17891,26.40117],[-6.99087,26.29058],[-6.80283,26.17998],[-6.61475,26.06943],[-6.42671,25.95879],[-6.23867,25.84819],[-6.05059,25.7376],[-5.86255,25.627],[-5.67451,25.51641],[-5.51694,25.42378],[-5.275,25.27451],[-5.04951,25.13545],[-4.82261,24.99561]],[[-12.28061,14.80903],[-12.10469,14.74536],[-12.08154,14.76636],[-12.02158,14.80493],[-11.94092,14.88691],[-11.87285,14.99517],[-11.84224,15.1294],[-11.82876,15.24487],[-11.79844,15.34272],[-11.76016,15.42554],[-11.67588,15.51206],[-11.59673,15.57324],[-11.50269,15.63682],[-11.45523,15.62539],[-11.36562,15.53677],[-11.16934,15.35864],[-11.00742,15.2229],[-10.94824,15.15112],[-10.8956,15.15049],[-10.81509,15.28174],[-10.73198,15.39492],[-10.69658,15.42266],[-10.58657,15.43486],[-10.49316,15.4398],[-10.41182,15.43794],[-10.26211,15.41602],[-10.19375,15.39605],[-10.12954,15.38369],[-9.94141,15.37378],[-9.75508,15.40146],[-9.57783,15.43726],[-9.44692,15.4582],[-9.44033,15.51167],[-9.4477,15.57485],[-9.42656,15.62305],[-9.38535,15.66763],[-9.35059,15.67739],[-9.33545,15.52568],[-9.2937,15.50283],[-9.17681,15.49609],[-8.98706,15.49609],[-8.78311,15.49609],[-8.57915,15.49614],[-8.37519,15.49614],[-8.17124,15.49614],[-7.96729,15.49614],[-7.76338,15.49614],[-7.55938,15.49614],[-7.35547,15.49619],[-7.15151,15.49619],[-6.94756,15.49619],[-6.7436,15.49619],[-6.53965,15.49619],[-6.33574,15.49619],[-6.13179,15.49624],[-5.92783,15.49629],[-5.72388,15.49629],[-5.5125,15.49629],[-5.45561,15.7894],[-5.40356,16.05791],[-5.35991,16.28286],[-5.50962,16.44204],[-5.62866,16.56865],[-5.65625,16.80957],[-5.68477,17.05825],[-5.71318,17.30689],[-5.7417,17.55557],[-5.77017,17.80425],[-5.79863,18.05293],[-5.8271,18.30156],[-5.85557,18.55024],[-5.88408,18.79888],[-5.9125,19.04751],[-5.94102,19.29619],[-5.96948,19.54487],[-5.99795,19.79351],[-6.02642,20.04219],[-6.05488,20.29087],[-6.0834,20.5395],[-6.11182,20.78818],[-6.14033,21.03686],[-6.1688,21.28555],[-6.19727,21.53418],[-6.22573,21.78286],[-6.2542,22.03154],[-6.28271,22.28018],[-6.31113,22.52886],[-6.33965,22.77749],[-6.36812,23.02612],[-6.39658,23.27481],[-6.42505,23.52349],[-6.45352,23.77217],[-6.48203,24.0208],[-6.51045,24.26948],[-6.53897,24.51816],[-6.56738,24.7668],[-6.59409,24.99463],[-6.28721,24.99482],[-5.95981,24.99497],[-5.64077,24.99517],[-5.1729,24.99541],[-4.82261,24.99561]],[[-4.82261,24.99561],[-4.51699,24.80449],[-4.24033,24.62354],[-3.91279,24.40947],[-3.58535,24.19536],[-3.25786,23.98125],[-2.93037,23.76714],[-2.60293,23.55303],[-2.27539,23.33887],[-1.9479,23.1248],[-1.62041,22.91064],[-1.29297,22.69653],[-0.96548,22.48247],[-0.63799,22.26831],[-0.31055,22.0542],[0.01699,21.84014],[0.34443,21.62598],[0.67188,21.41186],[0.99941,21.19775],[1.14551,21.10225],[1.15918,21.0625],[1.17275,20.98198],[1.16406,20.89131],[1.16572,20.81743],[1.20889,20.76729],[1.29023,20.71357],[1.61065,20.55557],[1.63603,20.52436],[1.64736,20.45884],[1.68545,20.37837],[1.75322,20.33159],[1.83242,20.29688],[1.92881,20.2727],[2.21934,20.2478],[2.28086,20.2103],[2.40615,20.06387],[2.47422,20.03501],[2.66777,19.99292],[2.80791,19.96943],[2.86572,19.95596],[2.99248,19.9166],[3.13027,19.85019],[3.20371,19.7897],[3.20342,19.77075],[3.20273,19.71831],[3.20166,19.5604],[3.22705,19.47358],[3.25586,19.41094],[3.2544,19.37261],[3.21963,19.34541],[3.19238,19.31206],[3.17725,19.26816],[3.13789,19.21216],[3.10606,19.1501],[3.11973,19.10317],[3.17422,19.0729],[3.25596,19.01328],[3.32344,18.98838],[3.35644,18.98662],[3.40088,18.98843],[3.43877,18.99614],[3.6835,19.0416],[3.91016,19.08374],[4.22764,19.14277]],[[-5.52353,10.42602],[-5.50703,10.48345],[-5.479,10.56509],[-5.47568,10.64395],[-5.45708,10.77139],[-5.46856,10.93106],[-5.49048,11.04238],[-5.42422,11.08872],[-5.34741,11.13027],[-5.29985,11.20596],[-5.25024,11.37578],[-5.2294,11.52246],[-5.24477,11.57676],[-5.27031,11.61987],[-5.29053,11.6833],[-5.302,11.76045],[-5.28813,11.82793],[-5.23018,11.89028],[-5.15752,11.94238],[-5.10591,11.96753],[-4.96899,11.99331],[-4.79795,12.03213],[-4.69932,12.07617],[-4.62725,12.12021],[-4.58691,12.15503],[-4.54605,12.22646],[-4.47988,12.28179],[-4.42871,12.3376],[-4.42158,12.49307],[-4.42192,12.58159],[-4.45986,12.63037],[-4.48062,12.67222],[-4.2271,12.7937],[-4.22524,12.87949],[-4.26065,12.97534],[-4.31025,13.05249],[-4.32871,13.11904],[-4.25869,13.19731],[-4.19619,13.25615],[-4.15102,13.3062],[-4.05117,13.38242],[-3.94731,13.4022],[-3.85347,13.37354],[-3.57578,13.19419],[-3.52764,13.18271],[-3.46992,13.19639],[-3.39673,13.2437],[-3.30176,13.28076],[-3.26675,13.40078],[-3.27017,13.57744],[-3.24863,13.65835],[-3.19844,13.67285],[-3.03867,13.63911],[-2.99722,13.63711],[-2.95083,13.64844],[-2.91709,13.67949],[-2.91851,13.73638],[-2.92588,13.78677],[-2.87393,13.95073],[-2.77886,14.07373],[-2.58672,14.22759],[-2.5269,14.2583],[-2.45723,14.27412],[-2.11323,14.16846],[-2.05713,14.19463],[-1.97305,14.45654],[-1.87979,14.48149],[-1.76777,14.48603],[-1.69507,14.5085],[-1.65732,14.52681],[-1.49365,14.62607],[-1.20498,14.76152],[-1.04956,14.81953],[-1.01919,14.84136],[-0.90796,14.9374],[-0.76045,15.04775],[-0.66646,15.06977],[-0.53652,15.07788],[-0.45449,15.05967],[-0.43228,15.02852],[-0.40542,15.0125],[-0.23589,15.05942],[0.00732,14.98481],[0.21748,14.91147]],[[-7.99062,10.1625],[-7.96094,10.16348],[-7.88408,10.18574],[-7.81421,10.23657],[-7.74907,10.34229],[-7.66113,10.42744],[-7.56211,10.42124],[-7.53281,10.43682],[-7.49795,10.4398],[-7.45654,10.38394],[-7.41479,10.34131],[-7.38506,10.34014],[-7.36318,10.25938],[-7.18232,10.22568],[-7.10488,10.20352],[-7.03975,10.14477],[-7.01709,10.14326],[-6.98945,10.15566],[-6.96816,10.17622],[-6.96382,10.19873],[-6.99175,10.25186],[-6.97949,10.29956],[-6.95034,10.34233],[-6.90381,10.34507],[-6.83364,10.35698],[-6.75322,10.35713],[-6.69326,10.34946],[-6.66934,10.39219],[-6.69199,10.51201],[-6.68613,10.57803],[-6.67637,10.63379],[-6.65415,10.65644],[-6.5646,10.58643],[-6.48262,10.56123],[-6.42393,10.55913],[-6.40752,10.57236],[-6.43262,10.64873],[-6.42588,10.67178],[-6.40415,10.68511],[-6.36562,10.69282],[-6.26113,10.72407],[-6.25024,10.71792],[-6.23066,10.59751],[-6.23975,10.5581],[-6.21777,10.47627],[-6.19067,10.40029],[-6.19263,10.36943],[-6.21499,10.32236],[-6.24131,10.2792],[-6.23838,10.26162],[-6.19688,10.23213],[-6.11719,10.2019],[-6.03457,10.19482],[-5.98867,10.23911],[-5.94067,10.2751],[-5.90757,10.30723],[-5.89619,10.35474],[-5.84385,10.38955],[-5.69429,10.4332],[-5.55659,10.43994],[-5.52353,10.42602]],[[-11.3894,12.40439],[-11.41807,12.37769],[-11.44756,12.31924],[-11.47456,12.24717],[-11.5022,12.19863],[-11.49243,12.16694],[-11.41465,12.104],[-11.30518,12.01543],[-11.26069,12.00405],[-11.20967,12.02485],[-11.12925,12.09502],[-11.06582,12.1708],[-11.00454,12.20752],[-10.9332,12.20518],[-10.87617,12.15185],[-10.80649,12.03428],[-10.74302,11.92725],[-10.73491,11.91645],[-10.70923,11.89873],[-10.67734,11.89941],[-10.6437,11.92554],[-10.61899,11.94121],[-10.5895,11.99028],[-10.46582,12.13867],[-10.37275,12.17954],[-10.33989,12.19028],[-10.27485,12.21265],[-10.16709,12.17744],[-10.01065,12.11646],[-9.8207,12.04248],[-9.754,12.02993],[-9.71475,12.04248],[-9.6583,12.14311],[-9.58774,12.18247],[-9.48682,12.22866],[-9.40498,12.25244],[-9.35811,12.25542],[-9.34019,12.28276],[-9.33154,12.32373],[-9.34082,12.36602],[-9.39365,12.44224],[-9.39536,12.46465],[-9.36519,12.4793],[-9.3,12.49028],[-9.21553,12.48286],[-9.12046,12.44995],[-9.04307,12.40234],[-8.99893,12.3459],[-8.95083,12.22559],[-8.91387,12.10854],[-8.81831,11.92251],[-8.82007,11.80713],[-8.82202,11.67324],[-8.77974,11.64824],[-8.73311,11.6375],[-8.71143,11.61777],[-8.66494,11.51499],[-8.62114,11.48511],[-8.56875,11.47808],[-8.4707,11.41221],[-8.40747,11.38628],[-8.39854,11.36655],[-8.40068,11.3394],[-8.42529,11.30474],[-8.46353,11.28071],[-8.52031,11.23594],[-8.56729,11.177],[-8.66392,11.03584],[-8.6667,11.00947],[-8.64619,10.99048],[-8.6062,10.98696],[-8.56353,10.99668],[-8.47471,11.04839],[-8.40449,11.02993],[-8.3374,10.99062],[-8.31274,10.94976],[-8.30635,10.89609],[-8.32168,10.82695],[-8.32412,10.74951],[-8.30156,10.61758],[-8.26665,10.48599],[-8.23149,10.43799],[-8.00727,10.32188],[-7.98569,10.27842],[-7.97446,10.22954],[-7.99062,10.1625]],[[109.62891,2.02754],[109.53897,1.89619],[109.54893,1.84834],[109.5708,1.8063],[109.63584,1.77666],[109.654,1.61489],[109.73574,1.52295],[109.81807,1.43897],[109.87852,1.39785],[109.94492,1.33804],[109.9917,1.28257],[110.04082,1.23574],[110.11475,1.19014],[110.31523,0.996],[110.39902,0.93906],[110.46143,0.88208],[110.50576,0.86196],[110.61475,0.87813],[110.93809,1.01733],[110.99609,1.02637],[111.10137,1.05054],[111.28672,1.04321],[111.4832,0.99575],[111.54668,0.99434],[111.60742,1.02261],[111.69131,1.01421],[111.76973,0.99946],[111.80898,1.01167],[111.92315,1.11328],[112.07852,1.14336],[112.12861,1.2436],[112.16738,1.33818],[112.18574,1.43906],[112.25068,1.47964],[112.3416,1.51475],[112.47617,1.55908],[112.94297,1.56699],[112.98828,1.54756],[112.99805,1.49624],[112.98828,1.45713],[113.00654,1.43389],[113.06865,1.43179],[113.12627,1.4081],[113.35898,1.32715],[113.4582,1.30215],[113.51318,1.3084],[113.62227,1.23594],[113.68164,1.2606],[113.76035,1.31138],[113.83525,1.37988],[113.90234,1.43428],[114.0,1.45527],[114.12598,1.45234],[114.27471,1.4709],[114.38711,1.50005],[114.5125,1.452],[114.5459,1.46714],[114.56748,1.51416],[114.63223,1.61704],[114.66094,1.68628],[114.68613,1.81904],[114.70352,1.85078],[114.75107,1.86899],[114.8,1.89394],[114.8127,1.93379],[114.83057,1.98003],[114.81582,2.01894],[114.78799,2.05161],[114.75869,2.1624],[114.76836,2.21294],[114.78643,2.25049],[114.83633,2.26939],[114.96914,2.35083],[115.08652,2.44614],[115.15078,2.49292],[115.1791,2.52319],[115.18086,2.5669],[115.12988,2.6124],[115.08076,2.63423],[115.07705,2.68701],[115.07891,2.72344],[115.09365,2.75781],[115.08652,2.79121],[115.08633,2.84111],[115.11758,2.89487],[115.18994,2.97446],[115.24697,3.02593],[115.31016,2.99395],[115.38418,3.00874],[115.4544,3.03433],[115.49316,3.12812],[115.49912,3.17314],[115.48975,3.20864],[115.51426,3.34238],[115.51992,3.36167],[115.56611,3.44575],[115.5707,3.5023],[115.54453,3.63369],[115.56094,3.73306],[115.56846,3.93877],[115.59609,3.97554],[115.62754,4.08198],[115.67881,4.19302],[115.78242,4.25376],[115.83682,4.3333],[115.86074,4.34805],[115.89619,4.34868],[116.02158,4.29067],[116.13447,4.35518],[116.23623,4.36255],[116.32031,4.35371],[116.36768,4.32734],[116.41455,4.3082],[116.51475,4.3708],[116.55312,4.35986],[116.58906,4.33843],[116.63867,4.33911],[116.69785,4.35498],[116.84355,4.34014],[117.10059,4.33706],[117.27754,4.29932],[117.45088,4.19287],[117.53731,4.17139],[117.57441,4.17061]],[[117.64902,4.16899],[117.74541,4.16694],[117.88477,4.18613]],[[114.06387,4.59268],[114.09512,4.56523],[114.16885,4.52695],[114.22412,4.47788],[114.26104,4.41426],[114.2876,4.35474],[114.28965,4.3042],[114.32295,4.26279],[114.4166,4.25586],[114.44707,4.20356],[114.51221,4.11357],[114.57178,4.04907],[114.6083,4.02398],[114.6541,4.03765],[114.725,4.09653],[114.77617,4.1688],[114.81045,4.2665],[114.7835,4.28076],[114.83106,4.35449],[114.84023,4.39321],[114.81826,4.42876],[114.79014,4.46392],[114.7793,4.55303],[114.75996,4.6665],[114.74668,4.71807],[114.78418,4.75483],[114.86455,4.80176],[114.94473,4.85625],[115.02676,4.89971],[115.02881,4.82114],[115.02676,4.69136],[115.05156,4.58267],[115.10703,4.39043],[115.1706,4.36421],[115.24668,4.34722],[115.29063,4.35259],[115.31924,4.36528],[115.32676,4.38076],[115.2793,4.45635],[115.2667,4.63398],[115.22793,4.75059],[115.16846,4.8667],[115.14004,4.89976]],[[22.34404,42.31397],[22.49824,42.16509],[22.58272,42.10483],[22.68232,42.05913],[22.79609,42.02568],[22.83682,41.9936],[22.90918,41.83521],[22.94394,41.7751],[22.99199,41.75718],[23.00361,41.73984],[23.00566,41.71694],[22.95146,41.60562],[22.92969,41.3561],[22.91602,41.33628]],[[20.96426,40.8499],[21.1,40.85615],[21.14756,40.86313],[21.32373,40.86714],[21.4041,40.90718],[21.45967,40.90361],[21.57578,40.86894],[21.62754,40.89634],[21.77949,40.95044],[21.92949,41.10742],[21.99336,41.13096],[22.13887,41.14053],[22.18447,41.15864],[22.23769,41.15518],[22.40078,41.12339],[22.49356,41.11851],[22.60361,41.14019],[22.7248,41.17852],[22.75508,41.31274],[22.78389,41.33198],[22.85928,41.33735],[22.91602,41.33628]],[[20.56621,41.87368],[20.55313,41.86235],[20.50518,41.70649],[20.5166,41.62705],[20.51621,41.57476],[20.47559,41.5541],[20.44863,41.52129],[20.49238,41.39141],[20.48701,41.33608],[20.48897,41.27261],[20.56787,41.12783],[20.61445,41.08306],[20.65605,41.06167],[20.70928,40.92837],[20.74082,40.90527],[20.87022,40.91792],[20.9335,40.90313],[20.95859,40.87153],[20.96426,40.8499]],[[20.56621,41.87368],[20.57852,41.86621],[20.69492,41.85381],[20.725,41.87353],[20.74414,41.9043],[20.75039,42.01836],[20.77812,42.07104],[21.05977,42.17129],[21.14248,42.175],[21.20605,42.12895],[21.25635,42.09951],[21.28662,42.10039],[21.29756,42.13008],[21.33174,42.18716],[21.38955,42.21982],[21.56084,42.24766],[21.5625,42.24751]],[[6.1165,50.121],[6.1083,50.09424],[6.10977,50.03437],[6.13818,49.97432],[6.20488,49.91514],[6.25605,49.87217],[6.32461,49.83789],[6.44092,49.80532],[6.48731,49.79849],[6.49375,49.7544],[6.48477,49.70781],[6.44463,49.68203],[6.40674,49.64497],[6.37832,49.59961],[6.34844,49.5127],[6.34434,49.45273]],[[5.78975,49.53828],[5.82344,49.50508],[5.90137,49.48975],[5.92891,49.47754],[5.95947,49.45464],[6.01143,49.44546],[6.07412,49.45464],[6.11992,49.48521],[6.18105,49.49893],[6.24219,49.49434],[6.27734,49.47754],[6.34434,49.45273]],[[5.78975,49.53828],[5.81543,49.55381],[5.8376,49.57832],[5.85654,49.61284],[5.88037,49.64478],[5.80371,49.73218],[5.78799,49.75889],[5.725,49.8083],[5.72578,49.83335],[5.74082,49.85718],[5.73525,49.87564],[5.74404,49.91963],[5.78809,49.96123],[5.81738,50.0127],[5.8669,50.08281],[5.97627,50.16719],[6.05478,50.1543],[6.08906,50.15459],[6.11006,50.12378],[6.1165,50.121]],[[21.04609,56.07007],[21.31465,56.18814],[21.65352,56.31455],[21.73057,56.32598],[22.04287,56.40078],[22.08457,56.40674],[22.36592,56.39287],[22.58691,56.3751],[22.77324,56.37729],[22.87559,56.39644],[22.96826,56.38042],[23.04297,56.32407],[23.11982,56.33066],[23.1959,56.36714],[23.61269,56.33384],[23.70674,56.33462],[23.8127,56.32925],[24.0082,56.29526],[24.1207,56.26426],[24.36787,56.28301],[24.47363,56.28408],[24.529,56.29629],[24.69951,56.3813],[24.77324,56.3959],[24.84102,56.41118],[24.90303,56.39819],[24.94385,56.32559],[25.06992,56.20039],[25.20693,56.17842],[25.58574,56.13018],[25.66318,56.10483],[25.87637,55.99434],[26.0042,55.94014],[26.08555,55.89688],[26.20957,55.81211],[26.28125,55.75044],[26.40107,55.70381],[26.54287,55.67241],[26.59355,55.66753]],[[23.48467,53.93979],[23.55908,53.91982],[23.73369,53.91226],[23.87256,53.93569],[23.94443,53.93897],[24.0085,53.93164],[24.10391,53.94502],[24.19131,53.95044],[24.23662,53.91997],[24.31797,53.89297],[24.47852,53.93184],[24.6207,53.97983],[24.76816,53.97466],[24.78926,53.99824],[24.82568,54.11899],[24.86953,54.14517],[25.04609,54.13306],[25.11143,54.15493],[25.17949,54.21426],[25.28369,54.25127],[25.37061,54.25122],[25.46113,54.29277],[25.50566,54.26494],[25.52734,54.21514],[25.49736,54.17524],[25.51035,54.15962],[25.57305,54.13989],[25.68057,54.14048],[25.74922,54.15698],[25.76523,54.17979],[25.76504,54.22119],[25.74815,54.25967],[25.70254,54.29297],[25.61689,54.31011],[25.55752,54.31069],[25.54736,54.33184],[25.56758,54.37705],[25.62031,54.4604],[25.68516,54.53579],[25.7248,54.56426],[25.73164,54.59038],[25.72393,54.63603],[25.72246,54.71787],[25.78086,54.83325],[25.85928,54.91929],[25.96445,54.94717],[26.09297,54.96231],[26.17519,55.00327],[26.21582,55.05039],[26.23125,55.09014],[26.25078,55.12451],[26.2918,55.1396],[26.60117,55.13018],[26.64844,55.2042],[26.675,55.2249],[26.73438,55.24678],[26.77568,55.2731],[26.76016,55.29336],[26.68125,55.30644],[26.49531,55.31802],[26.45762,55.34248],[26.46953,55.37192],[26.51924,55.44814],[26.5666,55.54648],[26.59082,55.62266],[26.59355,55.66753]],[[9.52754,47.27075],[9.53682,47.25464],[9.54219,47.23413],[9.55107,47.21226],[9.55576,47.1855],[9.57188,47.15791],[9.60117,47.13208],[9.61055,47.10713],[9.5957,47.07583],[9.58027,47.05737]],[[24.98027,21.99585],[24.98027,22.22041],[24.98027,22.44497],[24.98027,22.66953],[24.98027,22.89409],[24.98027,23.11865],[24.98027,23.34321],[24.98027,23.56782],[24.98027,23.79238],[24.98027,24.01694],[24.98027,24.2415],[24.98027,24.46606],[24.98027,24.69063],[24.98027,24.91519],[24.98027,25.13975],[24.98027,25.36431],[24.98027,25.58887],[24.98027,25.81343],[24.98027,26.03799],[24.98027,26.26255],[24.98027,26.48711],[24.98027,26.71167],[24.98027,26.93623],[24.98027,27.16084],[24.98027,27.3854],[24.98027,27.60996],[24.98027,27.83452],[24.98027,28.05908],[24.98027,28.28364],[24.98027,28.5082],[24.98027,28.73276],[24.98027,28.95732],[24.98027,29.18189],[24.97168,29.22383],[24.91611,29.37627],[24.86592,29.57026],[24.81084,29.80874],[24.80371,29.88603],[24.71162,30.13154],[24.70322,30.20107],[24.72647,30.25059],[24.87754,30.45752],[24.92305,30.55801],[24.96143,30.67852],[24.97393,30.77656],[24.92949,30.92647],[24.87754,31.06123],[24.85996,31.19917],[24.85273,31.33481],[24.92998,31.42749],[25.02266,31.51401],[25.05723,31.56719],[25.11201,31.6269],[25.15049,31.65498]],[[14.979,22.99619],[15.34746,23.16069],[15.62715,23.28574],[15.98408,23.44522],[16.31504,23.28184],[16.79414,23.04526],[17.27324,22.80869],[17.75225,22.57212],[18.23135,22.33555],[18.71045,22.09897],[19.18945,21.8624],[19.66856,21.62583],[20.14766,21.38926],[20.62676,21.15264],[21.10586,20.91611],[21.58496,20.67949],[22.06406,20.44292],[22.54307,20.20635],[23.02217,19.96977],[23.50127,19.7332],[23.98027,19.49663]],[[9.51875,30.2294],[9.421,30.1793],[9.31025,30.11523],[9.39102,29.99365],[9.54619,29.79595],[9.64014,29.63643],[9.67266,29.56699],[9.7459,29.36895],[9.80527,29.17695],[9.8207,29.1148],[9.84258,28.96699],[9.81563,28.5602],[9.8582,28.04331],[9.91602,27.78569],[9.82529,27.55298],[9.74756,27.33086],[9.75254,27.21934],[9.79541,27.04478],[9.83711,26.91582],[9.89443,26.84795],[9.8832,26.63081],[9.85938,26.55195],[9.68496,26.43823],[9.49141,26.33374],[9.43789,26.24551],[9.42236,26.14707],[9.44824,26.06714],[9.58125,25.89014],[9.78106,25.62427],[10.00068,25.33208],[10.01904,25.25855],[10.02812,25.05102],[10.11953,24.79023],[10.21865,24.67622],[10.25586,24.59102],[10.32578,24.53023],[10.3959,24.4856],[10.43896,24.48023],[10.68613,24.55137],[11.1082,24.43403],[11.50762,24.31435],[11.53691,24.29082],[11.62422,24.1397],[11.76699,23.89258],[11.87305,23.69482],[11.96787,23.51787]],[[-10.2832,8.48516],[-10.23306,8.48882],[-10.14741,8.51973],[-10.09766,8.50586],[-10.07568,8.4646],[-10.06436,8.42988],[-9.80474,8.51919],[-9.78198,8.53769],[-9.76826,8.53457],[-9.7356,8.45396],[-9.71689,8.45889],[-9.70117,8.48218],[-9.68389,8.48442],[-9.66357,8.47354],[-9.64321,8.43604],[-9.61016,8.40234],[-9.55391,8.37861],[-9.51826,8.34609],[-9.52222,8.26001],[-9.5085,8.17627],[-9.48413,8.15698],[-9.47114,8.10698],[-9.46455,8.0521],[-9.45112,8.02324],[-9.44155,7.96792],[-9.44639,7.9085],[-9.43633,7.8667],[-9.39492,7.79463],[-9.36914,7.70381],[-9.36895,7.63955],[-9.38398,7.57188],[-9.41147,7.50996],[-9.45977,7.44253],[-9.46382,7.41587],[-9.43511,7.39844],[-9.39165,7.39492],[-9.35532,7.40869],[-9.26328,7.37773],[-9.21519,7.3333],[-9.17285,7.27842],[-9.13481,7.25059],[-9.11758,7.21592],[-9.05234,7.22549],[-8.97656,7.25889],[-8.96099,7.27461],[-8.93843,7.26616],[-8.88965,7.26269],[-8.85552,7.3228],[-8.82793,7.39194],[-8.76914,7.4668],[-8.74023,7.4957],[-8.73262,7.54355],[-8.72944,7.60527],[-8.7083,7.65889],[-8.65977,7.68838],[-8.60732,7.68794],[-8.57886,7.67705],[-8.5644,7.6251],[-8.52227,7.58555],[-8.48643,7.5585]],[[-8.48643,7.5585],[-8.46729,7.54702],[-8.43716,7.51641],[-8.40874,7.41182],[-8.29663,7.07402],[-8.30234,6.98096],[-8.32451,6.92002],[-8.3251,6.8604],[-8.33257,6.80156],[-8.40122,6.70513],[-8.60356,6.50781],[-8.58789,6.49053],[-8.53955,6.46807],[-8.49033,6.4564],[-8.4499,6.4625],[-8.39932,6.41318],[-8.34487,6.35127],[-8.28711,6.31904],[-8.20386,6.29072],[-8.13101,6.28755],[-8.06894,6.29839],[-7.98159,6.28613],[-7.88862,6.23486],[-7.85552,6.15015],[-7.83325,6.07637],[-7.80093,6.03892],[-7.79653,5.9751],[-7.73037,5.91904],[-7.63613,5.90771],[-7.51392,5.84204],[-7.48281,5.84551],[-7.46943,5.85371],[-7.45439,5.84131],[-7.42373,5.65132],[-7.3999,5.55059],[-7.41245,5.50991],[-7.42891,5.47788],[-7.42983,5.32451],[-7.4852,5.23643],[-7.49414,5.1398],[-7.50977,5.1085],[-7.5689,5.08066],[-7.56934,5.00645],[-7.58506,4.91675],[-7.59121,4.82153],[-7.57466,4.57231],[-7.57158,4.38643],[-7.54497,4.35132]],[[35.10859,33.08369],[35.22334,33.09199],[35.30889,33.07954],[35.41123,33.07568],[35.49316,33.11948],[35.53252,33.25049],[35.5793,33.27148],[35.60293,33.24063],[35.62725,33.27505],[35.73447,33.33262],[35.7875,33.36977],[35.84072,33.41567]],[[24.32256,57.8706],[24.3625,57.86616],[24.45889,57.90786],[24.77578,57.98525],[24.83906,57.98872],[24.91133,58.00459],[25.11104,58.06343],[25.17519,58.03213],[25.22871,57.99658],[25.2583,57.99614],[25.27266,58.00937],[25.26865,58.03223],[25.28262,58.04849],[25.34004,58.03945],[25.57129,57.94277],[25.66016,57.92017],[25.7209,57.91382],[25.79375,57.86856],[25.99111,57.83818],[26.01523,57.81475],[26.03037,57.78555],[26.21504,57.66274],[26.29805,57.60107],[26.46211,57.54448],[26.53262,57.53101],[26.81973,57.58872],[26.89981,57.60879],[26.96602,57.60913],[27.0334,57.57876],[27.18711,57.53833],[27.32656,57.52549],[27.35195,57.52813]],[[26.59355,55.66753],[26.62022,55.67964],[26.77188,55.69399],[26.82246,55.70923],[26.95303,55.81294],[27.05254,55.83057],[27.30918,55.80391],[27.42715,55.80596],[27.45918,55.80352],[27.57676,55.79878],[27.58945,55.80918],[27.64229,55.91172],[27.69424,55.94155],[27.89629,56.07617],[28.03203,56.1333],[28.11787,56.1458],[28.14795,56.14292]],[[105.1833,14.34624],[105.18555,14.31909],[105.20703,14.25938],[105.2457,14.20054],[105.28486,14.16147],[105.35019,14.10957],[105.39268,14.10708],[105.53154,14.15615],[105.73975,14.08496],[105.76406,14.04907],[105.83145,13.97661],[105.90449,13.92451],[106.0668,13.92119],[106.12471,14.04912],[106.09668,14.1271],[106.0041,14.26289],[105.97891,14.34302],[106.0084,14.35718],[106.16523,14.37236],[106.19072,14.38814],[106.22539,14.47622],[106.26797,14.46621],[106.35498,14.45478],[106.44697,14.51504],[106.50146,14.57822],[106.53115,14.54941],[106.56367,14.50508],[106.59922,14.4794],[106.66543,14.44131],[106.73818,14.38774],[106.7835,14.33511],[106.81992,14.3147],[106.91318,14.32939],[106.93809,14.32734],[106.99219,14.39102],[107.03018,14.42568],[107.0624,14.41577],[107.10938,14.4167],[107.20664,14.4979],[107.2623,14.57212],[107.29268,14.59238],[107.37988,14.55532],[107.41475,14.56289],[107.46514,14.66499],[107.51943,14.70508]],[[100.12246,20.31665],[100.12969,20.37222],[100.18389,20.58911],[100.24932,20.73027],[100.32607,20.7957],[100.40742,20.82324],[100.49336,20.81299],[100.56514,20.8251],[100.62295,20.85957],[100.61768,20.87925],[100.54932,20.88423],[100.52227,20.92192],[100.53613,20.99238],[100.5666,21.03818],[100.61367,21.05933],[100.65918,21.13037],[100.70312,21.25137],[100.75664,21.31265],[100.81953,21.31421],[100.92754,21.36621],[101.08037,21.46865],[101.13887,21.56748]],[[101.13887,21.56748],[101.19668,21.52207],[101.17539,21.40752],[101.20557,21.3833],[101.21992,21.34243],[101.21182,21.27822],[101.22441,21.22373],[101.24785,21.19731],[101.28145,21.18413],[101.44356,21.23081],[101.54238,21.23428],[101.58389,21.20356],[101.62168,21.18442],[101.66855,21.16963],[101.70479,21.15015],[101.72813,21.1564],[101.7835,21.20415],[101.80059,21.2126],[101.80205,21.23599],[101.76309,21.27891],[101.72295,21.31494],[101.72422,21.39502],[101.74346,21.53384],[101.74727,21.60576],[101.74394,21.77798],[101.73652,21.82651],[101.69961,21.88247],[101.60293,21.9897],[101.57578,22.05527],[101.56025,22.1209],[101.56182,22.1624],[101.53731,22.20986],[101.52451,22.25366],[101.56787,22.27637],[101.61992,22.32744],[101.64619,22.40542],[101.67148,22.46231],[101.70752,22.48657],[101.73877,22.49526],[101.75996,22.49033],[101.8418,22.38848],[101.94541,22.4394],[102.02441,22.43921],[102.0915,22.41226],[102.12744,22.3792]],[[70.94678,42.24868],[70.89287,42.2937],[70.89287,42.33999],[70.95234,42.41938],[71.00195,42.45908],[71.02275,42.53545],[71.09355,42.58652],[71.16738,42.66743],[71.25664,42.73354],[71.42207,42.78315],[71.51426,42.76694],[71.60078,42.77866],[71.73477,42.8189],[71.76055,42.82148],[71.8168,42.82217],[72.16182,42.76069],[72.27578,42.75767],[72.54316,42.67773],[72.66611,42.6604],[72.75293,42.63789],[72.79238,42.60347],[72.85508,42.56113],[73.19082,42.52685],[73.28291,42.5041],[73.31602,42.46699],[73.41162,42.41978],[73.49297,42.40903],[73.42188,42.59351],[73.45019,42.70303],[73.55625,43.00278],[73.61201,43.0479],[73.71855,43.08789],[73.88604,43.13257],[73.94922,43.19502],[74.08623,43.18862],[74.1459,43.19409],[74.18682,43.20527],[74.20908,43.24038],[74.36387,43.17944],[74.62227,43.0562],[74.81758,42.97817],[75.04766,42.9044],[75.36621,42.83696],[75.63564,42.8146],[75.68174,42.83047],[75.78955,42.93291],[75.84033,42.9375],[75.93223,42.92852],[76.21816,42.92373],[76.50918,42.9189],[76.64648,42.92881],[76.94404,42.97148],[76.98809,42.97358],[77.05732,42.97065],[77.23555,42.91265],[77.36856,42.90444],[77.45928,42.90474],[77.51221,42.90005],[77.62246,42.90225],[77.80166,42.89522],[78.02314,42.85752],[78.29004,42.86436],[78.37598,42.87148],[78.52422,42.86465],[78.64229,42.82871],[78.7915,42.79082],[78.88516,42.7749],[78.94795,42.7667],[79.05986,42.76382],[79.12666,42.77573],[79.16484,42.75903],[79.20303,42.66602],[79.29551,42.60483],[79.36777,42.54722],[79.42822,42.4835],[79.49014,42.45757],[79.59844,42.45664],[79.80342,42.43848],[79.92109,42.41313],[80.07129,42.30298],[80.20937,42.19004]],[[73.63164,39.44888],[73.71572,39.46226],[73.82295,39.48897],[73.87275,39.5333],[73.90713,39.57852],[73.91465,39.60649],[73.88252,39.71455],[73.83975,39.76284],[73.83535,39.80015],[73.85625,39.82866],[73.88457,39.87793],[73.93877,39.97881],[73.9916,40.04312],[74.02051,40.05938],[74.08516,40.07432],[74.24268,40.09204],[74.41191,40.13721],[74.61309,40.27217],[74.67988,40.3106],[74.76777,40.32988],[74.83047,40.32852],[74.8418,40.34497],[74.80127,40.42852],[74.81113,40.45879],[74.83516,40.48262],[74.86562,40.49351],[75.00449,40.44951],[75.11133,40.4541],[75.24102,40.48027],[75.5208,40.62754],[75.55557,40.62519],[75.5835,40.60532],[75.61738,40.5166],[75.65596,40.32925],[75.67715,40.30581],[75.87197,40.30322],[76.0043,40.37144],[76.0623,40.38755],[76.15664,40.37647],[76.20606,40.4084],[76.2583,40.43076],[76.31856,40.35225],[76.39639,40.38979],[76.48018,40.44951],[76.5209,40.51123],[76.57793,40.57788],[76.62217,40.66235],[76.63984,40.74224],[76.66113,40.77964],[76.7084,40.81811],[76.82402,40.98232],[76.90771,41.02417],[76.98662,41.03916],[77.18203,41.01074],[77.28398,41.01436],[77.58174,40.99277],[77.71934,41.02432],[77.81523,41.05562],[77.95645,41.05068],[78.12344,41.07563],[78.34629,41.28144],[78.34883,41.3252],[78.3624,41.37163],[78.44287,41.41753],[78.54316,41.45957],[78.74258,41.56006],[79.14844,41.71914],[79.29355,41.78281],[79.35439,41.78106],[79.50391,41.821],[79.76611,41.89888],[79.84043,41.99575],[79.90967,42.01499],[80.21621,42.03242],[80.23516,42.04346],[80.24619,42.05981],[80.2292,42.12983],[80.20937,42.19004]],[[46.53144,29.09624],[46.69375,29.25967],[46.76934,29.34746],[46.90586,29.5375],[46.97598,29.67285],[47.04365,29.823],[47.10205,29.93999],[47.11436,29.96133],[47.14824,30.00098],[47.22324,30.0415],[47.33135,30.07969],[47.51484,30.09648],[47.64375,30.09731],[47.67275,30.0956],[47.75391,30.07661],[47.97871,29.98281]],[[20.06396,42.54727],[20.10352,42.52466],[20.18574,42.42588],[20.24053,42.33897],[20.34824,42.30879],[20.4083,42.27495],[20.48545,42.22339],[20.52285,42.17148],[20.57539,42.01309],[20.58144,41.91743],[20.56621,41.87368]],[[35.26836,5.49228],[35.26387,5.45791],[35.26465,5.41206],[35.2876,5.38408],[35.32529,5.36489],[35.37793,5.38516],[35.42402,5.41328],[35.46865,5.41909],[35.74502,5.34399],[35.79141,5.27856],[35.78848,5.2081],[35.80029,5.15693],[35.7793,5.10557],[35.75615,4.95049],[35.76309,4.80801],[35.8456,4.70264],[35.91982,4.61982],[35.97871,4.50381],[36.02197,4.46812],[36.08193,4.44971],[36.27188,4.44473],[36.55303,4.43726],[36.82363,4.43013],[36.84824,4.42734],[36.90557,4.41148],[37.15459,4.25454],[37.38252,4.11084],[37.57549,3.98594],[37.76289,3.86465],[37.94492,3.74673],[38.08613,3.64883],[38.22529,3.61899],[38.45156,3.60483],[38.60801,3.6001],[38.75273,3.55898],[38.96777,3.52061],[39.12832,3.50088],[39.22549,3.47876],[39.49443,3.4561],[39.53887,3.46919],[39.65752,3.57783],[39.79033,3.75425],[39.84219,3.85147],[40.01416,3.94795],[40.31602,4.08272],[40.52871,4.17764],[40.76523,4.27305],[40.87266,4.19033],[41.0208,4.05747],[41.08721,3.99194],[41.14043,3.96299],[41.2209,3.94355],[41.31894,3.94307],[41.37246,3.94619],[41.48193,3.96328],[41.7377,3.97905],[41.88398,3.97773]],[[80.20937,42.19004],[80.23301,42.20781],[80.25908,42.2354],[80.25508,42.27417],[80.20576,42.39941],[80.1793,42.51836],[80.16191,42.62554],[80.16504,42.66553],[80.20225,42.73447],[80.25029,42.79727],[80.42402,42.85576],[80.53897,42.87349],[80.54375,42.91172],[80.45068,42.93555],[80.3834,42.97378],[80.37129,42.9956],[80.37451,43.02041],[80.39023,43.04312],[80.50703,43.08579],[80.61699,43.12827],[80.75117,43.10249],[80.77773,43.11894],[80.78574,43.16157],[80.75703,43.20435],[80.72979,43.27427],[80.66777,43.31006],[80.66543,43.35298],[80.70381,43.42705],[80.65078,43.56416],[80.59346,43.68511],[80.496,43.89209],[80.43154,43.95176],[80.3958,44.04717],[80.35527,44.09727],[80.35898,44.17129],[80.36533,44.22329],[80.35488,44.32651],[80.33633,44.43838],[80.35508,44.552],[80.39102,44.62681],[80.38144,44.65542],[80.40059,44.6769],[80.45547,44.68408],[80.48154,44.71465],[80.45547,44.74609],[80.36084,44.77031],[80.25508,44.8081],[80.12783,44.80376],[79.99717,44.79722],[79.93213,44.8252],[79.87529,44.86084],[79.87188,44.88379],[79.95019,44.94409],[80.05918,45.00644],[80.22822,45.03398],[80.41494,45.0751],[80.50918,45.10498],[80.63477,45.12651],[80.78008,45.13555],[80.85332,45.1293],[81.04033,45.16914],[81.33477,45.24619],[81.60205,45.31084],[81.69199,45.34936],[81.75889,45.31084],[81.78965,45.22602],[81.86748,45.18208],[81.94492,45.16084],[81.98926,45.16186],[82.12275,45.19487],[82.2666,45.21909],[82.32344,45.20586],[82.39668,45.16245],[82.47871,45.12358],[82.52148,45.12549],[82.55898,45.15542],[82.59697,45.21597],[82.62109,45.29312],[82.62578,45.37441],[82.61162,45.42427],[82.58252,45.44258],[82.45166,45.47197],[82.32666,45.51992],[82.31221,45.56372],[82.31523,45.59492],[82.34815,45.67153],[82.42969,45.81191],[82.51172,46.00581],[82.55508,46.15869],[82.69219,46.38667],[82.8,46.62446],[82.9749,46.96602],[83.0041,47.0335],[83.02012,47.14146],[83.02949,47.18594],[83.09033,47.20938],[83.19307,47.18657],[83.44356,47.10864],[83.63408,47.04321],[83.71397,47.02105],[83.83262,46.99785],[84.01602,46.97051],[84.12207,46.97861],[84.21514,46.99473],[84.33887,46.99614],[84.53242,46.97578],[84.59229,46.97495],[84.6666,46.97236],[84.71953,46.93935],[84.746,46.86436],[84.78613,46.83071],[84.8582,46.84316],[85.01221,46.90923],[85.11055,46.96123],[85.2335,47.03638],[85.35537,47.04673],[85.48477,47.06352],[85.52969,47.10078],[85.57725,47.18848],[85.65664,47.25464],[85.66982,47.33838],[85.6418,47.39741],[85.58662,47.49365],[85.58828,47.5585],[85.56162,47.74648],[85.52598,47.91562],[85.5623,48.05186],[85.62637,48.204],[85.65156,48.25054],[85.69219,48.31182],[85.74941,48.38506],[85.82988,48.40806],[86.05615,48.42373],[86.26562,48.45454],[86.37256,48.48623],[86.4833,48.50537],[86.54941,48.52861],[86.66377,48.63555],[86.71797,48.69717],[86.75781,48.86074],[86.72861,48.93935],[86.75312,49.00884],[86.8083,49.04971],[86.88594,49.09058],[86.93799,49.09756],[87.04854,49.10991],[87.22998,49.10586],[87.32285,49.08579]],[[38.77354,33.37222],[38.84502,33.15088],[38.91484,32.93467],[38.9874,32.71069],[39.05781,32.49316],[38.98164,32.47256],[39.04141,32.30566],[39.14004,32.3312],[39.24746,32.35098],[39.29277,32.24385],[39.14541,32.12451]],[[34.97344,29.55503],[35.02393,29.78706],[35.05342,29.89692],[35.06816,29.97788],[35.1416,30.1417],[35.13262,30.19531],[35.14814,30.38433],[35.14062,30.4209],[35.17402,30.52393],[35.23662,30.67349],[35.29785,30.80225],[35.32012,30.86021],[35.38301,30.98228],[35.43926,31.13242],[35.40967,31.21445],[35.40068,31.23052],[35.42354,31.32485],[35.42285,31.32539],[35.45059,31.4793]],[[35.55147,32.39551],[35.56904,32.61987],[35.57285,32.64087],[35.59453,32.66802],[35.61123,32.68208],[35.73447,32.72891],[35.78731,32.73491]],[[35.45059,31.4793],[35.46543,31.56235],[35.49941,31.67236],[35.55898,31.76553],[35.53144,31.98491],[35.53477,32.10303],[35.57207,32.23789],[35.55147,32.39551]],[[10.45283,46.86494],[10.4794,46.85513],[10.57978,46.85371],[10.68926,46.84639],[10.75977,46.79331],[10.82891,46.77524],[10.92734,46.76948],[10.99326,46.777],[11.0251,46.79697],[11.06348,46.85913],[11.13389,46.93618],[11.24443,46.97568],[11.4332,46.98306],[11.52754,46.99741],[11.62549,46.99658],[11.69941,46.98467],[11.77568,46.98608],[11.96953,47.0397],[12.16943,47.08213],[12.19717,47.075],[12.20127,47.06089],[12.16553,47.02817],[12.13076,46.98477],[12.1541,46.93525],[12.26797,46.83589],[12.33008,46.75981],[12.38828,46.70264],[12.4792,46.67251],[12.59863,46.6541],[12.6998,46.64746],[12.80557,46.62588],[13.16875,46.57266],[13.35156,46.55791],[13.49004,46.55557],[13.7,46.52026]],[[7.02109,45.92578],[6.94082,45.86836],[6.80449,45.81455],[6.78916,45.78008],[6.79092,45.74087],[6.80625,45.71001],[6.88145,45.67036],[6.9624,45.58057],[7.01367,45.50049],[7.12607,45.42368],[7.15342,45.40093],[7.14639,45.38174],[7.1168,45.34902],[7.07832,45.23994],[7.03242,45.22261],[6.98125,45.21558],[6.84229,45.13564],[6.78037,45.14531],[6.69229,45.14429],[6.62773,45.11797],[6.63477,45.06816],[6.69141,45.02261],[6.72471,44.973],[6.73818,44.92139],[6.80107,44.88315],[6.88936,44.8603],[6.93984,44.85874],[6.97285,44.84502],[6.99268,44.82729],[7.03066,44.7167],[7.00791,44.68897],[6.96035,44.67715],[6.93193,44.63164],[6.87519,44.56455],[6.84297,44.51069],[6.87861,44.46328],[6.89385,44.42817],[6.87481,44.39204],[6.9002,44.33574],[6.96729,44.28003],[7.14941,44.20171],[7.31855,44.13799],[7.3709,44.12739],[7.59941,44.16836],[7.63721,44.16484],[7.66504,44.11602],[7.67715,44.08315],[7.65146,44.03364],[7.58965,43.96543],[7.52266,43.91108],[7.48203,43.86489],[7.49053,43.82295],[7.49316,43.76714]],[[34.24531,31.2083],[34.34834,31.29292],[34.35019,31.36274],[34.52559,31.52564],[34.52412,31.54165],[34.47734,31.58486]],[[35.45059,31.4793],[35.40869,31.48291],[35.27666,31.4228],[35.10117,31.36621],[34.90781,31.35132],[34.88047,31.36816],[34.87275,31.39688],[34.9292,31.53657],[34.95098,31.6023],[35.03467,31.67324],[35.15342,31.73447],[35.20371,31.75],[35.19805,31.77632],[35.12715,31.81675],[35.05322,31.83794],[34.98301,31.8168],[34.96113,31.82334],[34.95381,31.84126],[34.97832,31.86641],[34.98975,31.91328],[34.97881,31.9916],[34.97139,32.08711],[34.95596,32.16094],[34.99951,32.28106],[35.01055,32.33818],[35.06504,32.46045],[35.19326,32.53442],[35.30381,32.51294],[35.36211,32.50747],[35.38672,32.49302],[35.40264,32.45063],[35.48438,32.40166],[35.55147,32.39551]],[[34.24531,31.2083],[34.32852,30.99502],[34.40098,30.82783],[34.48994,30.59629],[34.51777,30.50737],[34.52969,30.44605],[34.65859,30.19146],[34.73506,29.98203],[34.79111,29.81211],[34.86982,29.56392],[34.9043,29.47734]],[[34.19814,31.32261],[34.2125,31.29228],[34.24531,31.2083]],[[44.76514,37.14243],[44.76543,37.13501],[44.79844,37.06387],[44.88086,36.79932],[44.92783,36.76592],[44.98145,36.7377],[45.01924,36.69839],[45.03398,36.65889],[45.0294,36.59756],[45.03106,36.52607],[45.05313,36.47163],[45.08379,36.43003],[45.1124,36.40928],[45.15527,36.40737],[45.20654,36.39717],[45.24111,36.35596],[45.35088,36.05464],[45.36162,36.01533],[45.40772,36.00278],[45.48379,36.00854],[45.56162,35.9772],[45.64502,35.92837],[45.72344,35.83667],[45.77637,35.82183],[45.94141,35.8354],[46.16748,35.82056],[46.27344,35.77324],[46.2625,35.74414],[46.18096,35.71138],[46.0374,35.67314],[45.99502,35.60811],[45.97109,35.52417],[45.97539,35.47681],[46.01064,35.4248],[46.11211,35.32168],[46.11777,35.28428],[46.13574,35.23228],[46.15469,35.19673],[46.13379,35.12764],[46.0418,35.08018],[45.9209,35.02852],[45.67813,34.79844],[45.66006,34.74878],[45.66152,34.6127],[45.6375,34.57383],[45.56084,34.57451],[45.50078,34.58159],[45.49775,34.53389],[45.45938,34.47036],[45.4376,34.41514],[45.52685,34.28467],[45.54277,34.21553],[45.52861,34.15254],[45.44609,34.04404],[45.39707,33.97085],[45.40898,33.95449],[45.47324,33.92549],[45.67373,33.68667],[45.73828,33.60283],[45.82285,33.62481],[45.85449,33.62334],[45.8794,33.60977],[45.89473,33.58154],[45.89473,33.54565],[45.87324,33.49199],[45.98105,33.47012],[46.01992,33.41572],[46.1459,33.22964],[46.14111,33.17441],[46.08076,33.08652],[46.08047,33.02822],[46.09307,32.97588],[46.11279,32.95767],[46.29824,32.95024],[46.37705,32.92925],[46.56992,32.83394],[46.78906,32.68799],[46.96856,32.56841],[47.12139,32.4666],[47.28516,32.47402],[47.32979,32.45552],[47.37129,32.42373],[47.41816,32.34009],[47.51191,32.15083],[47.5915,32.08799],[47.71455,31.93643],[47.82998,31.79443],[47.75391,31.60137],[47.67949,31.40059],[47.67949,31.1415],[47.67949,31.00239],[47.83633,30.99644],[48.01064,30.9898],[48.01201,30.82363],[48.01348,30.65645],[48.01494,30.46562],[48.06611,30.45767],[48.14756,30.41685],[48.18242,30.35503],[48.22617,30.32134],[48.27891,30.31582],[48.33105,30.28545],[48.38262,30.23018],[48.40137,30.18833],[48.3876,30.15986],[48.39863,30.10962],[48.43457,30.0376],[48.47852,30.00381],[48.54648,29.96235]],[[60.84336,29.85869],[61.1041,30.12842],[61.33164,30.36372],[61.55947,30.59936],[61.78418,30.83193],[61.81084,30.91328],[61.81426,31.07256],[61.75508,31.2853],[61.66016,31.38242],[61.34648,31.42163],[61.11074,31.45112],[60.8541,31.48325],[60.8207,31.49517],[60.7916,31.6606],[60.8043,31.73447],[60.7875,31.8772],[60.78994,31.98711],[60.82725,32.16797],[60.8293,32.24941],[60.71045,32.6],[60.64453,32.79438],[60.57656,32.99487],[60.56191,33.05879],[60.56055,33.13784],[60.71807,33.32353],[60.76689,33.36382],[60.85928,33.45625],[60.91699,33.50523],[60.90693,33.53896],[60.80644,33.55869],[60.65459,33.5604],[60.57383,33.58833],[60.51084,33.63892],[60.48594,33.71191],[60.52705,33.84199],[60.48574,34.09477],[60.57021,34.21963],[60.64268,34.30718],[60.88945,34.31943],[60.80391,34.41802],[60.7626,34.47524],[60.73613,34.4918],[60.72627,34.51826],[60.73945,34.54473],[60.80234,34.55464],[60.84531,34.58769],[60.91475,34.63398],[60.95117,34.65386],[60.95781,34.71006],[60.99082,34.74976],[61.04043,34.79937],[61.08008,34.85562],[61.07021,34.92173],[61.10664,35.00112],[61.12315,35.05073],[61.14961,35.09375],[61.12647,35.15654],[61.10664,35.20947],[61.1,35.27231],[61.13965,35.28887],[61.18926,35.31201],[61.19922,35.36162],[61.22568,35.42446],[61.24551,35.47407],[61.27852,35.51377],[61.28184,35.55342],[61.26201,35.61958]],[[44.81719,39.65044],[44.83818,39.6291],[45.00019,39.42354],[45.07168,39.36289],[45.11309,39.31157],[45.14121,39.2543],[45.19062,39.21563],[45.25596,39.19468],[45.33555,39.13916],[45.38926,39.0959],[45.47969,39.00625],[45.575,38.9728],[45.92188,38.90791],[46.11445,38.87778]],[[46.49063,38.90669],[46.55479,38.9044],[46.7832,39.0874],[46.85254,39.14844],[46.98887,39.18018],[47.06543,39.25288],[47.18838,39.34097],[47.33848,39.42388],[47.47617,39.49834],[47.58184,39.54336],[47.77285,39.64858],[47.89229,39.68506],[47.9959,39.68394],[48.15107,39.56055],[48.28174,39.44834],[48.32217,39.39907],[48.25723,39.35498],[48.13603,39.31235],[48.11289,39.2811],[48.10439,39.24111],[48.10918,39.20283],[48.12549,39.17163],[48.27412,39.09912],[48.29102,39.05928],[48.29209,39.01885],[48.2751,38.9936],[48.24199,38.97895],[48.13857,38.95864],[48.0501,38.93501],[48.01934,38.91182],[47.99268,38.88428],[47.99648,38.85376],[48.02324,38.81904],[48.20469,38.72412],[48.22519,38.68921],[48.26133,38.64229],[48.30557,38.61348],[48.38125,38.60562],[48.41738,38.58623],[48.59268,38.41108],[48.63555,38.39873],[48.84033,38.43726],[48.86875,38.4355]],[[46.11445,38.87778],[46.17012,38.86904],[46.31777,38.91265],[46.49063,38.90669]],[[77.04863,35.10991],[77.16855,35.17153],[77.29297,35.23555],[77.42344,35.30259],[77.57158,35.37876],[77.69697,35.44326],[77.79941,35.4959]],[[77.79941,35.4959],[77.80254,35.49277],[77.81094,35.48452],[77.85156,35.46079],[77.89492,35.44902],[77.9459,35.47163],[78.00947,35.49023],[78.04268,35.47978],[78.04746,35.44941],[78.00918,35.30693],[78.01221,35.25102],[78.07578,35.13491],[78.1585,34.94648],[78.23613,34.76982],[78.28203,34.65391],[78.32695,34.6064],[78.51572,34.55796],[78.6708,34.51816],[78.76309,34.45293],[78.86484,34.39033],[78.93643,34.35195],[78.97012,34.30264],[78.97695,34.25811],[78.97061,34.22822],[78.93174,34.18897],[78.75303,34.08769],[78.73174,34.05557],[78.72666,34.01338],[78.76172,33.8876],[78.78379,33.80879],[78.78994,33.65034],[78.80186,33.49971],[78.86504,33.4311],[78.9167,33.38677],[78.94844,33.34653],[79.0126,33.29145],[79.0665,33.25039],[79.1125,33.22627],[79.13516,33.17192],[79.12168,33.10811],[79.10283,33.05254],[79.10859,33.02266],[79.14551,33.00147],[79.20225,32.94604],[79.20957,32.86484],[79.20557,32.80903],[79.22793,32.75879],[79.23389,32.70308],[79.2165,32.56401],[79.21904,32.50757],[79.21934,32.50107],[79.16992,32.49722],[79.12734,32.47578],[79.06699,32.38818],[78.99766,32.36514],[78.91894,32.3582],[78.83789,32.41196],[78.77129,32.46807],[78.75352,32.49927],[78.73672,32.5584],[78.70088,32.59702],[78.63154,32.57896],[78.52637,32.5708],[78.4125,32.55772],[78.3917,32.54473],[78.38965,32.51987],[78.41748,32.4667],[78.44131,32.39736],[78.45527,32.30034],[78.48613,32.23623],[78.4959,32.21577],[78.67773,32.02305],[78.72559,31.98379],[78.73545,31.95796],[78.71973,31.88765],[78.68701,31.80552],[78.69346,31.74038],[78.75391,31.66836],[78.80293,31.61807],[78.75508,31.55029],[78.72676,31.47183],[78.75859,31.43657],[78.74356,31.32378],[78.75781,31.30249],[78.7916,31.29365],[78.84453,31.30151],[78.89951,31.33135],[78.946,31.33721],[78.97393,31.32861],[79.01113,31.41411],[79.04375,31.42622],[79.10713,31.40264],[79.23262,31.24175],[79.33877,31.10571],[79.36963,31.07993],[79.38848,31.06421],[79.49316,30.9937],[79.56543,30.94907],[79.66426,30.96523],[79.79463,30.96826],[79.87188,30.92461],[79.9166,30.89419],[79.91855,30.88989],[79.92451,30.88877],[80.08145,30.78193],[80.14941,30.78984],[80.19434,30.75923],[80.20713,30.68374],[80.18623,30.60532],[80.19121,30.56841],[80.26094,30.56133],[80.40957,30.50947],[80.54102,30.46353],[80.60889,30.44888],[80.68213,30.41484],[80.74678,30.3604],[80.87354,30.29058],[80.98545,30.23711],[81.01025,30.1645]],[[88.10977,27.87061],[88.09893,27.90454],[88.10898,27.93301],[88.14111,27.94893],[88.27519,27.96885],[88.42598,28.01167],[88.48613,28.03447],[88.53164,28.05737],[88.57793,28.09336],[88.62109,28.09185],[88.75625,28.0397],[88.80371,28.00693],[88.82861,27.90727],[88.84883,27.86865],[88.82988,27.76738],[88.74902,27.52188],[88.76484,27.42988],[88.83252,27.36284],[88.89141,27.31606]],[[91.63193,27.75996],[91.7126,27.75981],[91.82471,27.74644],[91.90937,27.72969],[91.97764,27.73037],[92.10127,27.80762],[92.15762,27.81226],[92.22227,27.82695],[92.25049,27.8415],[92.27012,27.83022],[92.34102,27.82075],[92.41484,27.82461],[92.48066,27.84595],[92.54668,27.8792],[92.66436,27.94893],[92.68779,27.98897],[92.6875,28.02573],[92.66563,28.04985],[92.64346,28.06152],[92.65254,28.09336],[92.70185,28.14712],[92.88184,28.22812],[93.03496,28.32764],[93.11924,28.40229],[93.15781,28.49273],[93.20654,28.59082],[93.25195,28.62949],[93.36055,28.65405],[93.66494,28.69023],[93.76074,28.72978],[93.90225,28.80322],[93.97363,28.86079],[94.01328,28.90752],[94.01768,28.95952],[94.11152,28.97588],[94.19346,29.05991],[94.29326,29.14463],[94.46807,29.21621],[94.62305,29.3124],[94.67705,29.29702],[94.7334,29.25161],[94.76309,29.20127],[94.76943,29.17588],[94.96748,29.14404],[94.99883,29.14917],[95.14473,29.10405],[95.2791,29.04956],[95.35313,29.03589],[95.38926,29.0374],[95.42021,29.0543],[95.45654,29.1023],[95.49375,29.13701],[95.51699,29.15117],[95.51582,29.20635],[95.71035,29.31382],[95.88506,29.39092],[96.03535,29.44717],[96.07959,29.42412],[96.12852,29.3814],[96.19473,29.27246],[96.23496,29.2458],[96.33721,29.26099],[96.35586,29.24907],[96.33975,29.20981],[96.27051,29.16123],[96.18086,29.11768],[96.12236,29.08208],[96.14141,28.96348],[96.13711,28.92261],[96.16221,28.90972],[96.34687,29.02744],[96.43574,29.05068],[96.46709,29.02227],[96.47715,28.95933],[96.55,28.82959],[96.58086,28.76367],[96.39561,28.60654],[96.32734,28.52539],[96.32988,28.49683],[96.32617,28.46855],[96.27891,28.42817],[96.28145,28.41206],[96.31982,28.38652],[96.36641,28.36728],[96.38906,28.36792],[96.42773,28.40601],[96.60264,28.45991],[96.65283,28.44976],[96.77578,28.36704],[96.83301,28.3624],[96.98086,28.3377],[97.07539,28.36895],[97.14512,28.34033],[97.28945,28.23682],[97.32246,28.21797]],[[88.89141,27.31606],[88.88164,27.29746],[88.76035,27.21812],[88.73877,27.17559],[88.76562,27.13423],[88.81357,27.09902],[88.83516,27.06558],[88.85762,26.96148],[88.91914,26.93223],[89.04092,26.86504],[89.14824,26.81616],[89.33213,26.84863],[89.38418,26.82656],[89.47461,26.80342],[89.54512,26.79624],[89.58613,26.77895],[89.60918,26.76221],[89.60615,26.74111],[89.60996,26.71943],[89.71094,26.71392],[89.76387,26.70156],[89.94316,26.72393],[90.12295,26.75459],[90.20606,26.84751],[90.24238,26.85415],[90.3459,26.89033],[90.44766,26.85078],[90.55986,26.79658],[90.62031,26.78023],[90.73965,26.77168],[90.85576,26.77773],[91.13389,26.80342],[91.28652,26.78994],[91.42676,26.86709],[91.45586,26.86689],[91.51758,26.80732],[91.67158,26.802],[91.75371,26.83076],[91.84209,26.85298],[91.89863,26.86006],[91.94375,26.86084],[91.99834,26.85498],[92.04971,26.87485],[92.07344,26.91484],[92.06816,26.97519],[92.03086,27.04082],[91.99863,27.0793],[91.99228,27.0999],[92.00254,27.14736],[92.03115,27.21431],[92.0834,27.29062],[92.04492,27.3647],[91.99082,27.4502],[91.95098,27.4583],[91.85127,27.43862],[91.74307,27.44253],[91.65811,27.4936],[91.59473,27.55767],[91.5793,27.61143],[91.59766,27.677],[91.62588,27.7373],[91.63193,27.75996]],[[92.5749,21.97808],[92.63037,22.01133],[92.65264,22.04932],[92.67471,22.10601],[92.68896,22.13096],[92.721,22.13242],[92.77139,22.10478],[92.8543,22.01016],[92.90947,21.98892],[92.96455,22.00376],[93.02197,22.1457],[93.04297,22.18398],[93.07061,22.20942],[93.12148,22.20518],[93.15117,22.23062],[93.1624,22.2919],[93.16201,22.36021],[93.10508,22.54712],[93.08818,22.63325],[93.07871,22.71821],[93.11426,22.80571],[93.1625,22.90796],[93.15098,22.99731],[93.16416,23.03203],[93.20391,23.03701],[93.25352,23.01548],[93.30801,23.03037],[93.34941,23.08496],[93.36602,23.13252],[93.39131,23.33916],[93.40811,23.52803],[93.41494,23.68208],[93.37256,23.77417],[93.30732,24.02188],[93.32627,24.06421],[93.35557,24.07412],[93.45215,23.9874],[93.49375,23.97285],[93.56406,23.98608],[93.6333,24.00537],[93.6834,24.00654],[93.75586,23.9769],[93.85547,23.9439],[94.01084,23.90293],[94.0748,23.87207],[94.12764,23.87646],[94.17031,23.97266],[94.21973,24.11318],[94.29307,24.32187],[94.37725,24.47373],[94.39941,24.51406],[94.49316,24.63765],[94.58408,24.76724],[94.66328,24.93101],[94.70762,25.04873],[94.70371,25.09785],[94.67529,25.13857],[94.61562,25.1646],[94.5665,25.1915],[94.55303,25.21572],[94.55439,25.24346],[94.57988,25.31982],[94.62285,25.41001],[94.66777,25.45889],[94.78584,25.51934],[94.86113,25.59722],[94.9457,25.70024],[94.99199,25.77046],[95.01523,25.91294],[95.04072,25.94131],[95.09297,25.9873],[95.13242,26.04126],[95.1293,26.07041],[95.1084,26.09141],[95.06894,26.19111],[95.05088,26.34727],[95.05977,26.47397],[95.08945,26.52549],[95.12871,26.59727],[95.20146,26.64141],[95.30508,26.67227],[95.46387,26.75605],[95.73838,26.95044],[95.83731,27.01382],[95.90527,27.04663],[95.9709,27.12808],[96.06143,27.21709],[96.19082,27.26128],[96.27422,27.27837],[96.66572,27.33926],[96.73164,27.33149],[96.79785,27.29619],[96.88027,27.17783],[96.95342,27.1333],[97.03809,27.10205],[97.10205,27.11543],[97.10371,27.16333],[96.90195,27.4396],[96.88359,27.51484],[96.87686,27.58672],[96.89971,27.64385],[96.96279,27.69829],[97.04971,27.76001],[97.15781,27.83686],[97.22607,27.89004],[97.30615,27.90708],[97.33516,27.93774],[97.34355,27.98232],[97.33916,28.03086],[97.30273,28.08599],[97.31025,28.15523],[97.32246,28.21797]],[[89.05146,22.09316],[89.05586,22.18623],[89.05,22.27461],[88.97148,22.51094],[88.9207,22.63203],[88.92695,22.67114],[88.92344,22.68755],[88.89971,22.84351],[88.86699,22.93887],[88.85059,23.04053],[88.92812,23.18662],[88.89707,23.2104],[88.80762,23.22969],[88.72441,23.25498],[88.704,23.29282],[88.74082,23.43662],[88.69766,23.49302],[88.63574,23.55],[88.61641,23.57275],[88.596,23.6022],[88.56738,23.67441],[88.62256,23.82637],[88.6998,24.00254],[88.71377,24.06963],[88.72656,24.18623],[88.73359,24.23091],[88.72353,24.2749],[88.64229,24.32598],[88.49854,24.34663],[88.39697,24.38926],[88.3375,24.45386],[88.28711,24.47974],[88.225,24.46064],[88.14551,24.48579],[88.0791,24.5499],[88.02344,24.62783],[88.03027,24.66445],[88.04512,24.71304],[88.14981,24.91465],[88.18887,24.9206],[88.27949,24.88193],[88.31338,24.88184],[88.37295,24.96152],[88.45625,25.18843],[88.57383,25.18789],[88.67754,25.18047],[88.74756,25.16895],[88.81728,25.17622],[88.89014,25.19439],[88.92978,25.223],[88.95166,25.25928],[88.94414,25.29077],[88.85479,25.33355],[88.82031,25.36553],[88.79541,25.45625],[88.76914,25.49048],[88.59346,25.49531],[88.50244,25.53701],[88.45234,25.57441],[88.36309,25.69819],[88.25293,25.7898],[88.14746,25.81143],[88.10664,25.84111],[88.08457,25.88823],[88.09736,25.95635],[88.129,26.01821],[88.15078,26.08716],[88.23516,26.17808],[88.33398,26.25752],[88.37803,26.31201],[88.44043,26.36948],[88.44785,26.40103],[88.43672,26.43711],[88.38623,26.47153],[88.35147,26.48257],[88.3459,26.50478],[88.36992,26.56411],[88.41816,26.57153],[88.51826,26.51777],[88.62012,26.43066],[88.68066,26.35298],[88.68281,26.2917],[88.72217,26.28184],[88.76191,26.2794],[88.82803,26.2522],[88.89648,26.2605],[88.94072,26.24536],[88.97041,26.25088],[88.98154,26.28613],[88.94824,26.33799],[88.92412,26.3751],[88.95195,26.41211],[88.9834,26.41953],[89.01865,26.41025],[89.0668,26.3769],[89.10195,26.30835],[89.1083,26.20225],[89.18643,26.10596],[89.28926,26.0376],[89.36973,26.0061],[89.46689,25.98354],[89.5499,26.00527],[89.59141,26.07241],[89.57275,26.13232],[89.58574,26.18604],[89.61904,26.21567],[89.6709,26.21382],[89.70986,26.17124],[89.82295,25.94141],[89.79961,25.8396],[89.8249,25.56016],[89.79629,25.37583],[89.80088,25.33613],[89.81406,25.30537],[89.8333,25.29277],[89.86631,25.29316],[90.00381,25.25835],[90.11963,25.21997],[90.25039,25.18496],[90.43936,25.15771],[90.55527,25.1666],[90.61309,25.16773],[90.73018,25.15947],[91.03828,25.17407],[91.29316,25.17798],[91.39668,25.15161],[91.47969,25.14214],[91.76348,25.16064],[92.04971,25.16948],[92.20469,25.11094],[92.37344,25.01514],[92.46836,24.94414],[92.48545,24.90332],[92.475,24.86851],[92.44316,24.84941],[92.38496,24.84878],[92.25127,24.89507],[92.22832,24.88135],[92.23057,24.78623],[92.22666,24.771],[92.19805,24.68574],[92.11748,24.49395],[92.10195,24.40806],[92.08506,24.38618],[92.06416,24.37437],[92.00107,24.3709],[91.95166,24.35674],[91.93106,24.32554],[91.89902,24.26069],[91.87695,24.19531],[91.84619,24.17529],[91.77246,24.21064],[91.72656,24.20508],[91.66875,24.19009],[91.61113,24.15283],[91.57139,24.10659],[91.52637,24.09077],[91.39268,24.1001],[91.36709,24.09351],[91.35019,24.0605],[91.33643,24.0188],[91.23203,23.92046],[91.19248,23.76289],[91.16045,23.66064],[91.16553,23.58105],[91.25381,23.37363],[91.31523,23.1044],[91.33887,23.077],[91.35938,23.06836],[91.36865,23.07456],[91.3668,23.13047],[91.3706,23.198],[91.39941,23.21387],[91.43623,23.1999],[91.47139,23.14126],[91.51123,23.03369],[91.55352,22.99155],[91.61953,22.97969],[91.69492,23.00483],[91.75098,23.05352],[91.77383,23.1061],[91.75791,23.20981],[91.7542,23.2873],[91.79004,23.36104],[91.91914,23.47105],[91.93789,23.50469],[91.92949,23.59824],[91.92959,23.68599],[91.97852,23.69199],[92.04404,23.67778],[92.12705,23.721],[92.15234,23.72188],[92.18711,23.67554],[92.24609,23.68359],[92.28936,23.49248],[92.33418,23.32383],[92.33379,23.24238],[92.34121,23.06982],[92.36162,22.929],[92.39316,22.89702],[92.43047,22.82183],[92.46445,22.73442],[92.49141,22.6854],[92.50957,22.52568],[92.53184,22.4103],[92.56123,22.04805],[92.5749,21.97808]],[[16.51621,46.4999],[16.56992,46.48501],[16.74805,46.41641],[16.87148,46.33931],[16.93994,46.25366],[17.03271,46.18731],[17.14961,46.14033],[17.24219,46.07661],[17.31065,45.99614],[17.40635,45.95107],[17.5292,45.94131],[17.60703,45.91377],[17.63965,45.86836],[17.70644,45.82725],[17.80713,45.79043],[17.96387,45.77026],[18.26396,45.76548],[18.29062,45.76445],[18.3583,45.75303],[18.4373,45.76733],[18.53359,45.79614],[18.56465,45.81328],[18.66602,45.90747],[18.72178,45.89937],[18.83301,45.91084],[18.90029,45.93174],[18.90537,45.93174]],[[16.09307,46.86328],[16.25254,46.97192],[16.33184,47.0022],[16.42393,46.99697],[16.45342,47.00679],[16.46123,47.02246],[16.47695,47.05786],[16.48477,47.09126],[16.49268,47.12266],[16.48281,47.14038],[16.43838,47.1459],[16.4169,47.22344],[16.43975,47.25273],[16.4626,47.27314],[16.43437,47.36743],[16.44287,47.39951],[16.51475,47.40454],[16.57441,47.42466],[16.62305,47.44756],[16.63662,47.47661],[16.67656,47.53603],[16.63975,47.60889],[16.43213,47.6563],[16.42129,47.67446],[16.46963,47.69507],[16.52109,47.72446],[16.55098,47.74736],[16.59092,47.75054],[16.64746,47.73901],[16.74756,47.68628],[16.78594,47.67866],[16.82305,47.69399],[16.86269,47.69727],[16.97344,47.69531],[17.0666,47.70757],[17.0456,47.76377],[17.0459,47.80454],[17.03008,47.83711],[17.03994,47.87295],[17.07773,47.90088],[17.08906,47.96362],[17.14736,48.00596]],[[-89.3626,14.41602],[-89.33726,14.41138],[-89.17012,14.3603],[-89.12051,14.37021],[-89.05713,14.32915],[-89.02685,14.29697],[-89.0002,14.25273],[-88.86831,14.16367],[-88.84595,14.12476],[-88.74736,14.07227],[-88.70762,14.03208],[-88.66563,14.01553],[-88.58315,14.00015],[-88.51255,13.97895],[-88.50435,13.96421],[-88.49766,13.90454],[-88.48267,13.85425],[-88.44912,13.85098],[-88.4085,13.87539],[-88.27622,13.94268],[-88.15103,13.98735],[-88.08047,13.9606],[-88.03872,13.90464],[-87.99102,13.87964],[-87.89199,13.89497],[-87.80225,13.88999],[-87.73144,13.84106],[-87.71533,13.81269],[-87.75854,13.64995],[-87.77422,13.58032],[-87.78189,13.52139],[-87.75644,13.50601],[-87.73164,13.48311],[-87.73701,13.45137],[-87.81421,13.39917]],[[-89.3626,14.41602],[-89.3394,14.46074],[-89.28672,14.52998],[-89.17178,14.60689],[-89.16221,14.66924],[-89.19224,14.78872],[-89.22236,14.86606],[-89.2061,14.90059],[-89.17031,15.03989],[-89.14258,15.07231],[-88.97642,15.14268],[-88.96099,15.15244],[-88.82993,15.25103],[-88.68447,15.3605],[-88.5333,15.4812],[-88.36455,15.61602],[-88.27144,15.69487],[-88.22832,15.729]],[[-71.77925,19.71816],[-71.75742,19.68818],[-71.71147,19.48657],[-71.70693,19.42197],[-71.75317,19.32446],[-71.74648,19.28584],[-71.64722,19.19595],[-71.64531,19.16352],[-71.65703,19.13076],[-71.74204,19.04551],[-71.80713,18.98701],[-71.78638,18.92002],[-71.73364,18.8564],[-71.72705,18.80322],[-71.74321,18.73291],[-71.82422,18.64551],[-71.8665,18.61416],[-71.98686,18.61035],[-72.00039,18.5979],[-71.94038,18.5126],[-71.87256,18.41621],[-71.76191,18.34131],[-71.73726,18.2708],[-71.76377,18.20396],[-71.76831,18.03916]],[[-60.74214,5.20205],[-60.65137,5.22114],[-60.57642,5.19248],[-60.45952,5.18809],[-60.40879,5.21016],[-60.33521,5.19932],[-60.24165,5.25796],[-60.18174,5.23882],[-60.14204,5.23882],[-60.10596,5.19424],[-60.07808,5.14399],[-59.99067,5.08286],[-59.99936,4.98984],[-60.01548,4.90752],[-60.02676,4.81269],[-60.03179,4.74053],[-60.06894,4.66665],[-60.12456,4.59766],[-60.14092,4.56963],[-60.14863,4.53325],[-60.11113,4.51118],[-60.04502,4.50459],[-59.96235,4.50171],[-59.9061,4.48032],[-59.83335,4.47593],[-59.7458,4.41665],[-59.70327,4.3811],[-59.69971,4.35352],[-59.72749,4.28765],[-59.73857,4.22676],[-59.7169,4.18818],[-59.69121,4.1604],[-59.62022,4.02315],[-59.58643,3.97539],[-59.55776,3.96001],[-59.55112,3.93355],[-59.57539,3.88345],[-59.60444,3.81968],[-59.67021,3.75273],[-59.679,3.69981],[-59.73164,3.66655],[-59.85439,3.5875],[-59.83306,3.46216],[-59.82881,3.39858],[-59.83115,3.34922],[-59.87305,3.2831],[-59.94565,3.08784],[-59.97231,2.99048],[-59.9959,2.76543],[-59.99434,2.68999],[-59.96079,2.58838],[-59.88965,2.36294],[-59.84912,2.32705],[-59.75523,2.27412],[-59.74351,2.12163],[-59.75176,1.9624],[-59.7562,1.90064],[-59.74072,1.87417],[-59.69853,1.86147],[-59.66851,1.84233],[-59.66377,1.79522],[-59.6666,1.74629],[-59.59663,1.71802],[-59.53569,1.7],[-59.47944,1.63242],[-59.37769,1.52734],[-59.33726,1.5082],[-59.31699,1.4646],[-59.2312,1.37603],[-59.10039,1.34365],[-58.96851,1.30459],[-58.9166,1.24888],[-58.8625,1.20361],[-58.82178,1.20122],[-58.78721,1.2085],[-58.73032,1.24751],[-58.68462,1.28106],[-58.60508,1.27915],[-58.51187,1.28467],[-58.4957,1.31226],[-58.48687,1.34775],[-58.50606,1.43867],[-58.47295,1.46626],[-58.3958,1.48174],[-58.38037,1.53022],[-58.3627,1.55669],[-58.34067,1.58755],[-58.31421,1.59194],[-58.28115,1.57432],[-58.23042,1.56328],[-58.1731,1.54785],[-58.14224,1.51699],[-58.09131,1.51435],[-58.03467,1.52026],[-58.01177,1.53994],[-57.99512,1.57432],[-57.98281,1.64844],[-57.94634,1.65059],[-57.87344,1.66728],[-57.79565,1.7],[-57.69175,1.70478],[-57.59443,1.7041],[-57.54575,1.72607],[-57.50044,1.77383],[-57.41269,1.90894],[-57.3668,1.94014],[-57.31748,1.96348],[-57.27559,1.95923],[-57.1896,1.98159],[-57.1189,2.01396],[-57.09268,2.00581],[-57.0376,1.93647],[-57.01006,1.92124],[-56.96953,1.91641],[-56.83672,1.88125],[-56.76626,1.89219],[-56.68984,1.91431],[-56.61646,1.92266],[-56.56357,1.90723],[-56.52549,1.92725],[-56.48281,1.94214]],[[-15.04302,10.94014],[-14.99902,10.99219],[-14.94443,11.07217],[-14.7793,11.40552],[-14.72026,11.48193],[-14.68296,11.5085],[-14.60478,11.51162],[-14.45244,11.5562],[-14.32783,11.62979],[-14.26558,11.65991],[-14.12231,11.65195],[-13.95322,11.6646],[-13.73276,11.73603],[-13.72856,11.83413],[-13.73066,11.95986],[-13.73799,12.00967],[-13.81631,12.05449],[-13.86191,12.09331],[-13.90117,12.14287],[-13.94888,12.17817],[-13.94731,12.21523],[-13.8875,12.24687],[-13.84946,12.26299],[-13.75977,12.26235],[-13.73008,12.28081],[-13.70791,12.31269],[-13.68237,12.39341],[-13.67353,12.47852],[-13.73262,12.59282],[-13.72925,12.67393]],[[-8.48643,7.5585],[-8.42998,7.60185],[-8.35176,7.59058],[-8.23189,7.55674],[-8.20596,7.59023],[-8.11543,7.76074],[-8.11782,7.82402],[-8.12686,7.86773],[-8.07383,7.98442],[-8.03174,8.02974],[-8.00986,8.07852],[-8.01675,8.14492],[-8.04858,8.16973],[-8.09053,8.16514],[-8.14062,8.18145],[-8.21714,8.21968],[-8.2561,8.25371],[-8.24414,8.40791],[-8.23696,8.45566],[-8.20996,8.48325],[-8.16777,8.49067],[-8.04912,8.49531],[-7.95312,8.47773],[-7.86875,8.46753],[-7.82358,8.46768],[-7.7874,8.42197],[-7.73897,8.37524],[-7.69609,8.37559],[-7.6812,8.41035],[-7.69097,8.5625],[-7.71958,8.64302],[-7.78403,8.72061],[-7.95098,8.78682],[-7.95498,8.87944],[-7.93818,8.97978],[-7.9021,9.01709],[-7.77798,9.08086],[-7.79981,9.11504],[-7.8394,9.15161],[-7.91807,9.18853],[-7.9,9.30869],[-7.89619,9.41587],[-7.9627,9.40386],[-8.03101,9.39766],[-8.08867,9.43066],[-8.13696,9.4957],[-8.14605,9.6748],[-8.14585,9.88174],[-8.15518,9.97319],[-8.13662,10.02207],[-8.07783,10.06709],[-8.01352,10.12529],[-7.99062,10.1625]],[[-89.16147,17.81484],[-89.17109,17.57227],[-89.18218,17.29121],[-89.19038,17.08467],[-89.20127,16.80898],[-89.21245,16.52715],[-89.22764,16.14282],[-89.2375,15.89443],[-89.23281,15.88867],[-89.11357,15.90068],[-88.93716,15.88984],[-88.89404,15.89062]],[[-90.09521,13.73652],[-90.10591,13.78301],[-90.10474,13.83477],[-90.04815,13.90405],[-89.94268,13.99736],[-89.8727,14.04561],[-89.83994,14.05508],[-89.7937,14.0501],[-89.74936,14.077],[-89.71113,14.14131],[-89.67129,14.18271],[-89.57026,14.22466],[-89.54717,14.24126],[-89.55503,14.27725],[-89.57695,14.34707],[-89.57363,14.39009],[-89.54053,14.40991],[-89.50088,14.41377],[-89.41885,14.4311],[-89.38325,14.42764],[-89.3626,14.41602]],[[20.00127,39.70942],[20.02256,39.71069],[20.05977,39.69912],[20.13105,39.66162],[20.20684,39.65352],[20.24824,39.67837],[20.27207,39.70117],[20.2876,39.73857],[20.29385,39.78223],[20.30615,39.79668],[20.36406,39.79175],[20.38242,39.80264],[20.38164,39.8418],[20.34424,39.89062],[20.31133,39.95078],[20.31113,39.97944],[20.33848,39.99106],[20.38369,40.01719],[20.40801,40.04946],[20.45605,40.06558],[20.52705,40.06851],[20.60625,40.08267],[20.65742,40.11738],[20.66494,40.15176],[20.69697,40.24639],[20.71787,40.29268],[20.75166,40.33491],[20.77002,40.39189],[20.80606,40.44546],[20.88164,40.46792],[20.9502,40.49439],[21.00195,40.56338],[21.03086,40.62246],[21.03105,40.65864],[20.98789,40.71777],[20.95576,40.77529],[20.96426,40.8499]],[[22.91602,41.33628],[23.02559,41.32563],[23.15596,41.32207],[23.23984,41.38496],[23.37207,41.38965],[23.4334,41.39873],[23.53584,41.38603],[23.63516,41.38677],[23.76231,41.41299],[23.88086,41.45596],[23.97353,41.45229],[24.01133,41.46006],[24.03291,41.46909],[24.05606,41.52725],[24.23037,41.53081],[24.28945,41.52505],[24.38672,41.52354],[24.48789,41.55523],[24.51826,41.55254],[24.56934,41.46738],[24.596,41.44273],[24.65107,41.41997],[24.77373,41.3561],[24.7958,41.3729],[24.84688,41.39424],[24.99356,41.36499],[25.1334,41.31577],[25.25117,41.24356],[25.38193,41.26436],[25.52705,41.2998],[25.62148,41.31011],[25.72393,41.31504],[25.78496,41.33042],[25.92334,41.31191],[26.06641,41.35068],[26.13535,41.38574],[26.15518,41.43486],[26.14355,41.52153],[26.11123,41.6082],[26.07695,41.64019],[26.06602,41.67324],[26.08555,41.70415],[26.10742,41.72568],[26.20059,41.7438],[26.3209,41.71655]],[[-3.11401,5.08867],[-3.08672,5.12832]],[[-3.01914,5.13081],[-2.94834,5.11885],[-2.89473,5.14902],[-2.81567,5.15303],[-2.79521,5.18452],[-2.78867,5.26411],[-2.7896,5.32822],[-2.76191,5.35693],[-2.75498,5.43252],[-2.79365,5.6001],[-2.82119,5.61919],[-2.96226,5.64302],[-2.9728,5.67627],[-2.99829,5.71133],[-3.02529,5.79775],[-3.05615,5.92627],[-3.10557,6.08565],[-3.20059,6.34824],[-3.22402,6.44106],[-3.24028,6.53564],[-3.2439,6.64868],[-3.22412,6.69077],[-3.22715,6.74912],[-3.23579,6.80723],[-3.1689,6.94097],[-3.03769,7.10459],[-3.01016,7.16377],[-2.98579,7.20488],[-2.98232,7.26362],[-2.95908,7.45454],[-2.89634,7.68501],[-2.85689,7.77207],[-2.83013,7.81904],[-2.79814,7.896],[-2.78975,7.93193],[-2.66885,8.02222],[-2.61338,8.04668],[-2.60098,8.08223],[-2.61997,8.12109],[-2.61172,8.14756],[-2.58276,8.16079],[-2.53828,8.17163],[-2.50586,8.20874],[-2.55688,8.49302],[-2.598,8.77637],[-2.60039,8.80044],[-2.6249,8.8396],[-2.64922,8.95659],[-2.68989,9.0251],[-2.74692,9.04512],[-2.74668,9.10962],[-2.68921,9.2186],[-2.67422,9.28262],[-2.70181,9.30166],[-2.70576,9.35137],[-2.68613,9.43174],[-2.69585,9.48135]],[[-2.69585,9.48135],[-2.7062,9.53394],[-2.76597,9.65806],[-2.78052,9.74585],[-2.7498,9.79722],[-2.75073,9.90967],[-2.7832,10.0831],[-2.78848,10.19258],[-2.7665,10.23818],[-2.7771,10.28159],[-2.82031,10.32285],[-2.82344,10.36294],[-2.78662,10.4019],[-2.79116,10.43242],[-2.83721,10.45464],[-2.87842,10.50796],[-2.91489,10.59233],[-2.90732,10.72798],[-2.83857,10.97749],[-2.82993,10.99839],[-2.7521,10.99697],[-2.75166,10.98638],[-2.50918,10.98872],[-2.23193,10.99141],[-1.90064,10.99468],[-1.59966,10.99766],[-1.58648,11.00889],[-1.53677,11.02266],[-1.23262,10.99722],[-1.04248,11.01006],[-0.96182,11.00171],[-0.90293,10.98472],[-0.77158,10.99526],[-0.70142,10.98897],[-0.64853,10.92676],[-0.62715,10.92739],[-0.59766,10.95366],[-0.54522,10.98369],[-0.4917,11.00762],[-0.45352,11.0563],[-0.43032,11.09326],[-0.3956,11.08569],[-0.34575,11.08794],[-0.31255,11.1189],[-0.29946,11.1669],[-0.0686,11.11562]],[[6.34434,49.45273],[6.38223,49.45815],[6.4581,49.44287],[6.53428,49.39468],[6.56631,49.34619],[6.57471,49.31968],[6.60762,49.29087],[6.73545,49.1606],[6.77627,49.15415],[6.8207,49.17393],[6.84951,49.20195],[6.89121,49.20752],[6.9583,49.19463],[7.00146,49.17988],[7.02217,49.12344],[7.03672,49.1127],[7.06572,49.12485],[7.11738,49.12754],[7.1999,49.11362],[7.31338,49.12954],[7.4042,49.15308],[7.45059,49.1522],[7.52549,49.08638],[7.61094,49.06177],[7.79922,49.04189],[8.00127,49.01094],[8.08066,48.98589],[8.13486,48.97358],[8.14033,48.88643],[8.12402,48.87329],[7.92275,48.69853],[7.83799,48.63603],[7.79482,48.54683],[7.76514,48.41001],[7.70566,48.28003],[7.6166,48.15679],[7.58418,48.06431],[7.6085,48.00259],[7.59326,47.90566],[7.53857,47.77363],[7.5294,47.67388],[7.56543,47.60654],[7.61562,47.59273]],[[5.99395,50.75044],[6.00596,50.73223],[6.11943,50.67925],[6.15449,50.63726],[6.23594,50.59668],[6.16846,50.54536],[6.17871,50.52251],[6.20303,50.49912],[6.29492,50.4855],[6.34092,50.45176],[6.34365,50.40024],[6.36445,50.31616],[6.1751,50.23267],[6.12129,50.13936],[6.1165,50.121]],[[8.67031,54.90342],[8.6707,54.90332],[8.85723,54.90112],[8.90293,54.89692],[9.18584,54.84468],[9.25498,54.80801],[9.34199,54.8063],[9.49873,54.84043],[9.61582,54.85542],[9.66123,54.83438],[9.725,54.82554],[9.73975,54.82554]],[[13.81475,48.76694],[13.76992,48.81597],[13.68496,48.87671],[13.54766,48.95967],[13.44072,48.95557],[13.40117,48.97759],[13.38369,49.00811],[13.33906,49.06079],[13.28877,49.09746],[13.22783,49.11167],[13.14053,49.15835],[13.02373,49.26011],[12.9167,49.33047],[12.81338,49.32935],[12.74785,49.36621],[12.68115,49.4145],[12.63203,49.46123],[12.55576,49.57485],[12.50029,49.6397],[12.45703,49.67979],[12.4082,49.71318],[12.39053,49.73965],[12.4502,49.80015],[12.47188,49.83008],[12.49756,49.85308],[12.5125,49.87744],[12.51201,49.8958],[12.45762,49.95552],[12.38418,49.99858],[12.27646,50.04233],[12.20781,50.09751],[12.18252,50.14805],[12.175,50.17583],[12.12783,50.21343],[12.08975,50.26855],[12.08984,50.30176],[12.09922,50.31099],[12.13486,50.31094],[12.1748,50.28838],[12.23115,50.24487],[12.27734,50.18144],[12.30566,50.20571],[12.35859,50.27324],[12.45264,50.34981],[12.54902,50.39341],[12.63555,50.39707],[12.70645,50.40913],[12.76543,50.43096],[12.86826,50.42222],[12.94268,50.40644],[12.9668,50.41621],[12.99707,50.45605],[13.01641,50.49038],[13.18115,50.5105],[13.2377,50.57676],[13.26953,50.57642],[13.30606,50.58633],[13.34102,50.61143],[13.37461,50.62173],[13.40117,50.60933],[13.43613,50.60107],[13.47256,50.61694],[13.52656,50.69282],[13.55674,50.70464],[13.70137,50.7165],[13.89854,50.76128],[13.99844,50.80112],[14.09648,50.82275],[14.20176,50.86123],[14.36904,50.89873],[14.37705,50.91406],[14.29941,50.95259],[14.27334,50.9769],[14.25586,51.00185],[14.2832,51.02949],[14.31973,51.03779],[14.36729,51.02627],[14.50732,51.00986],[14.5457,50.99394],[14.55967,50.95493],[14.59521,50.9186],[14.62383,50.91475],[14.61357,50.85557],[14.6582,50.83262],[14.72334,50.8147],[14.7665,50.81831],[14.79746,50.84233],[14.80937,50.85898]],[[9.52402,47.52422],[9.54893,47.53403],[9.65059,47.52588],[9.71514,47.55078],[9.74893,47.57554],[9.83916,47.5523],[9.97158,47.50532],[10.03408,47.47358],[10.05986,47.44907],[10.07422,47.42852],[10.06631,47.39336],[10.09648,47.37959],[10.15879,47.37427],[10.20029,47.36343],[10.18574,47.31719],[10.18301,47.27881],[10.24062,47.28413],[10.31279,47.31343],[10.36914,47.36606],[10.40391,47.41699],[10.43037,47.54106],[10.43945,47.55156],[10.48281,47.5418],[10.65869,47.54722],[10.7416,47.52412],[10.87305,47.52022],[10.8706,47.50078],[10.89395,47.47046],[10.95215,47.42671],[10.98086,47.39814],[11.04199,47.39312],[11.13603,47.40889],[11.19121,47.4252],[11.21191,47.41362],[11.29795,47.4249],[11.37412,47.46025],[11.39297,47.48716],[11.46992,47.5061],[11.57393,47.54976],[11.7168,47.5835],[12.18564,47.61953],[12.20381,47.64673],[12.19688,47.70908],[12.20928,47.71826],[12.26836,47.70273],[12.36318,47.68818],[12.43574,47.66611],[12.48291,47.6373],[12.52656,47.63613],[12.59424,47.6563],[12.68584,47.66934],[12.77139,47.6394],[12.79619,47.60703],[12.78115,47.59043],[12.78281,47.56416],[12.80937,47.54219],[12.87891,47.50644],[12.96807,47.47568],[13.01436,47.47808],[13.03154,47.50801],[13.04795,47.57915],[13.0541,47.65513],[13.03359,47.69873],[12.98555,47.70942],[12.92812,47.71284],[12.89766,47.72187],[12.9083,47.7458],[12.9542,47.80776],[12.95352,47.89062],[12.8499,47.98481],[12.76006,48.07598],[12.76035,48.10698],[12.81426,48.16084],[12.89746,48.20371],[13.08213,48.2751],[13.14043,48.28994],[13.21523,48.3019],[13.32285,48.33125],[13.37461,48.36138],[13.40938,48.39414],[13.45986,48.56455],[13.47168,48.57183],[13.48662,48.58184],[13.6752,48.52305],[13.69219,48.53276],[13.72393,48.54238],[13.78535,48.58745],[13.79883,48.62168],[13.79746,48.68643],[13.80293,48.74751],[13.81475,48.76694]],[[45.00137,41.29097],[45.21719,41.42319],[45.28096,41.44956],[45.42227,41.42529],[45.71563,41.33765],[45.6957,41.28901],[45.72549,41.26162],[45.79277,41.22441],[45.92197,41.18672],[46.03125,41.16728],[46.08652,41.18384],[46.1707,41.19785],[46.27998,41.15444],[46.38076,41.09932],[46.43096,41.07705],[46.45791,41.07021],[46.53437,41.08857],[46.62637,41.15967],[46.6624,41.24551],[46.67256,41.28682],[46.61894,41.34375],[46.50879,41.40557],[46.38496,41.45986],[46.30547,41.50771],[46.25469,41.60215],[46.20352,41.6126],[46.19053,41.62485],[46.18213,41.65708],[46.18428,41.70215],[46.20186,41.73687],[46.25185,41.75176],[46.30254,41.75708],[46.34824,41.79019],[46.40547,41.85508],[46.42988,41.89097]],[[43.43945,41.10713],[43.49199,41.11553],[43.64502,41.11665],[43.79316,41.1311],[43.90918,41.15898],[44.07725,41.18252],[44.14648,41.20337],[44.22734,41.21333],[44.47305,41.19102],[44.56484,41.2082],[44.84141,41.21138],[44.84853,41.22017],[44.81094,41.24858],[44.81133,41.25937],[44.97588,41.27749],[45.00137,41.29097]],[[11.13018,-3.91631],[11.19004,-3.76201],[11.23447,-3.69082],[11.28828,-3.64111],[11.5043,-3.52031],[11.53682,-3.525],[11.68574,-3.68203],[11.7334,-3.69453],[11.78643,-3.69023],[11.84912,-3.69668],[11.87988,-3.66592],[11.88477,-3.62539],[11.83945,-3.58008],[11.83291,-3.53145],[11.86475,-3.47861],[11.88281,-3.42021],[11.9293,-3.35098],[11.93418,-3.31855],[11.88506,-3.2832],[11.78438,-3.2291],[11.71543,-3.17695],[11.68906,-3.12695],[11.70801,-3.06309],[11.76348,-3.01123],[11.76016,-2.98311],[11.71133,-2.93652],[11.67568,-2.88662],[11.63906,-2.85537],[11.53779,-2.83672],[11.55713,-2.76963],[11.59453,-2.671],[11.60342,-2.59541],[11.5752,-2.39707],[11.57773,-2.36094],[11.60547,-2.34258],[11.66592,-2.36455],[11.72676,-2.39473],[11.89238,-2.35147],[11.95029,-2.34482],[11.99824,-2.38281],[12.06445,-2.4126],[12.44639,-2.32998],[12.45381,-2.2456],[12.47568,-2.16924],[12.47852,-2.11201],[12.4626,-2.07529],[12.44375,-2.04756],[12.43242,-1.99033],[12.43213,-1.92891],[12.46865,-1.9],[12.59043,-1.82685],[12.62842,-1.82959],[12.71367,-1.86943],[12.79355,-1.93184],[12.86445,-2.06328],[12.91357,-2.17627],[12.99199,-2.31338],[13.15859,-2.36914],[13.35732,-2.40478],[13.46494,-2.39541],[13.61856,-2.27861],[13.70557,-2.1875],[13.73379,-2.13848],[13.78438,-2.16377],[13.8416,-2.28369],[13.87852,-2.33018],[13.8877,-2.37451],[13.86182,-2.42988],[13.88691,-2.46543],[13.99385,-2.49063],[14.0874,-2.4669],[14.12979,-2.41797],[14.1998,-2.3542],[14.20039,-2.30059],[14.16289,-2.26553],[14.16289,-2.21758],[14.20176,-2.17988],[14.23965,-2.07676],[14.25146,-2.00147],[14.28838,-1.95352],[14.35859,-1.92022],[14.38398,-1.89004],[14.42324,-1.71152],[14.40293,-1.64697],[14.40293,-1.59336],[14.44727,-1.5251],[14.45557,-1.41318],[14.43691,-1.22978],[14.42402,-1.10391],[14.41065,-0.97207],[14.44492,-0.79883],[14.48057,-0.61836],[14.47412,-0.57344],[14.42471,-0.51865],[14.36377,-0.46855],[14.20674,-0.42734],[14.14834,-0.36191],[14.10283,-0.29238],[14.06943,-0.27012],[13.89805,-0.24258],[13.86006,-0.20332],[13.87549,-0.09082],[13.89062,0.07529],[13.88457,0.19082],[13.91514,0.28398],[13.94961,0.35381],[14.02529,0.42773],[14.06553,0.51499],[14.0875,0.53657],[14.23096,0.55112],[14.28311,0.58745],[14.32422,0.62422],[14.3415,0.67383],[14.39062,0.75571],[14.43447,0.81147],[14.43916,0.84912],[14.42988,0.90146],[14.38643,1.00444],[14.33447,1.09023],[14.30303,1.12085],[14.23975,1.32256],[14.18086,1.37021],[14.06621,1.3959],[13.85137,1.41875],[13.72119,1.38227],[13.52334,1.3146],[13.37236,1.26777],[13.27412,1.24102],[13.21631,1.24844],[13.19014,1.27925],[13.22832,1.30542],[13.24736,1.3667],[13.22275,1.45459],[13.18457,1.53506],[13.16269,1.6481],[13.17217,1.78857],[13.20947,1.92041],[13.28867,2.0917],[13.29355,2.16157]],[[9.59082,1.03198],[9.63613,1.04668],[9.67647,1.07471],[9.70459,1.07998],[9.76055,1.07471],[9.78867,1.02568],[9.80391,0.99873],[9.86035,0.98623],[9.90674,0.96011],[9.94668,0.96714],[9.97978,0.9977],[10.02852,1.004],[10.17891,1.00356],[10.31543,1.00308],[10.58721,1.00215],[10.85889,1.00127],[11.13066,1.00039],[11.33535,0.99971],[11.33467,1.12075],[11.33359,1.30762],[11.33232,1.52837],[11.33115,1.74019],[11.33008,1.93589],[11.32871,2.16743]],[[11.32871,2.16743],[11.33994,2.23384],[11.35332,2.26143],[11.34844,2.29971],[11.55898,2.3022],[11.93975,2.28516],[12.10615,2.2875],[12.15342,2.28437],[12.36133,2.296],[12.52979,2.28135],[12.60137,2.26504],[12.66572,2.25679],[12.86748,2.24678],[13.13086,2.25942],[13.22031,2.25644],[13.26992,2.22422],[13.29355,2.16157]],[[1.42832,42.5959],[1.45889,42.62168],[1.50137,42.64272],[1.56816,42.63501],[1.70986,42.60444],[1.73945,42.57593],[1.74023,42.55674],[1.71396,42.52564],[1.70606,42.50332]],[[2.5249,51.09712],[2.53604,51.04951],[2.57481,50.98857],[2.60147,50.95527],[2.5793,50.91177],[2.59678,50.87593],[2.66914,50.81143],[2.75937,50.75064],[2.83975,50.71177],[2.8624,50.71602],[2.92197,50.72705],[3.02285,50.76689],[3.10684,50.77944],[3.15488,50.74893],[3.18203,50.73169],[3.23496,50.66294],[3.2498,50.59116],[3.27334,50.53154],[3.31621,50.50737],[3.47695,50.49946],[3.59541,50.47734],[3.62676,50.45732],[3.66729,50.3248],[3.68935,50.30606],[3.71885,50.32168],[3.74805,50.34351],[3.78857,50.34697],[3.85811,50.33857],[3.94971,50.33594],[4.04414,50.32134],[4.17461,50.24648],[4.16963,50.22178],[4.14414,50.17842],[4.13525,50.1438],[4.15771,50.12988],[4.19219,50.09414],[4.18389,50.05283],[4.15029,50.02388],[4.13682,50.0],[4.13701,49.98447],[4.14932,49.97158],[4.17607,49.96025],[4.36875,49.94497],[4.54502,49.96025],[4.65615,50.00244],[4.6751,50.04688],[4.70664,50.09707],[4.77285,50.13906],[4.81865,50.15317],[4.86055,50.13589],[4.79004,49.95957],[4.8415,49.9145],[4.84912,49.84712],[4.86758,49.78813],[4.93057,49.78926],[5.00693,49.77837],[5.06104,49.75654],[5.12412,49.72148],[5.21504,49.68926],[5.27881,49.67793],[5.30195,49.65098],[5.35352,49.61982],[5.43467,49.55449],[5.50732,49.51089],[5.54238,49.51103],[5.61006,49.52822],[5.71045,49.53921],[5.78975,49.53828]],[[-54.61626,2.32676],[-54.59194,2.31377],[-54.55049,2.29307],[-54.51509,2.24546],[-54.4331,2.20752],[-54.29307,2.15425],[-54.22798,2.15332],[-54.16738,2.13706],[-54.13008,2.12105],[-54.08975,2.15049],[-53.94644,2.23257],[-53.87661,2.27827],[-53.82954,2.31294],[-53.79424,2.346],[-53.76777,2.35483],[-53.75015,2.33501],[-53.73472,2.30855],[-53.68369,2.29292],[-53.56397,2.26191],[-53.50898,2.25312],[-53.43184,2.27944],[-53.36602,2.32422],[-53.33442,2.33975],[-53.2855,2.29521],[-53.2522,2.23228],[-53.22978,2.20488],[-53.18008,2.21133],[-53.08228,2.20171],[-53.00972,2.18174],[-52.96484,2.18355],[-52.90347,2.21152],[-52.87041,2.26665],[-52.7834,2.31719],[-52.70063,2.36367],[-52.65317,2.42573],[-52.58301,2.52891],[-52.55947,2.57314],[-52.55469,2.64766],[-52.45586,2.86416],[-52.41841,2.90386],[-52.39639,2.97222],[-52.35664,3.05156],[-52.35664,3.11773],[-52.32788,3.18174],[-52.27124,3.23711],[-52.22944,3.27168],[-52.1626,3.3647],[-52.11611,3.45229],[-51.99951,3.64688],[-51.99063,3.702],[-51.94434,3.73511],[-51.92891,3.77695],[-51.87949,3.82856],[-51.82749,3.86958],[-51.80527,3.92993],[-51.76709,3.99268],[-51.68345,4.0397],[-51.65254,4.06128]],[[-63.12305,18.06894],[-63.01118,18.06894]],[[36.52432,14.25684],[36.54238,14.2582],[36.6791,14.30757],[36.81191,14.31504],[36.94072,14.28057],[37.02451,14.27197],[37.06348,14.28926],[37.09941,14.33398],[37.13262,14.40606],[37.18516,14.446],[37.25723,14.45376],[37.35371,14.37246],[37.50723,14.1564],[37.54678,14.14385],[37.57119,14.14907],[37.64844,14.32256],[37.7084,14.45723],[37.82031,14.7085],[37.88418,14.85229],[37.94346,14.81055],[38.00254,14.73711],[38.06992,14.70273],[38.14199,14.68149],[38.17705,14.67881],[38.22148,14.64966],[38.37695,14.47041],[38.43144,14.42861],[38.5044,14.42441],[38.81201,14.48232],[38.9957,14.58686],[39.02383,14.62822],[39.07422,14.62822],[39.13545,14.58188],[39.15859,14.5375],[39.19805,14.4794],[39.27012,14.47031],[39.44609,14.51187],[39.53184,14.53672],[39.60488,14.51606],[39.69795,14.49902],[39.75615,14.49902],[39.89512,14.44067],[40.06211,14.45913],[40.14062,14.45605],[40.22148,14.43115],[40.35312,14.33809],[40.52441,14.22519],[40.76953,14.14448],[40.82012,14.11167],[40.93857,13.98311],[41.12236,13.73613],[41.36289,13.49981],[41.625,13.31323],[41.76504,13.18394],[41.85957,13.02588],[41.95215,12.88232],[42.04658,12.82061],[42.13428,12.77144],[42.225,12.66196],[42.28994,12.57021],[42.37852,12.46641]],[[42.37852,12.46641],[42.28037,12.32427],[42.14912,12.13413],[41.9959,11.91235],[41.94961,11.85786],[41.81562,11.72378],[41.79268,11.68604],[41.7665,11.58911],[41.76465,11.41289],[41.78203,11.18779],[41.79824,10.98047],[41.87217,10.95581],[41.95742,10.94102],[42.05215,10.96836],[42.16621,10.9916],[42.3081,11.00522],[42.46514,11.04707],[42.55772,11.08076],[42.65498,11.07832],[42.74121,11.04238],[42.78301,11.00928],[42.84414,10.99795],[42.92275,10.99932]],[[42.37852,12.46641],[42.40859,12.49438],[42.45,12.52134],[42.47939,12.51362],[42.67012,12.37656],[42.70371,12.38032],[42.76748,12.42285],[42.82529,12.56934],[42.86592,12.6228],[42.8833,12.62129],[43.00566,12.6623],[43.1167,12.70859]],[[9.80078,2.30444],[9.82617,2.2978],[9.83037,2.27549],[9.83691,2.24238],[9.87012,2.21328],[9.97988,2.16777],[10.30703,2.16772],[10.50225,2.16763],[10.79092,2.16758],[11.09658,2.16748],[11.32871,2.16743]],[[-78.85967,1.45537],[-78.82886,1.43467],[-78.73711,1.35869],[-78.68164,1.28345],[-78.58765,1.23667],[-78.51152,1.19883],[-78.31211,1.04609],[-78.18066,0.96856],[-78.03701,0.89873],[-77.82954,0.82539],[-77.70288,0.83784],[-77.67319,0.78223],[-77.64863,0.72363],[-77.60132,0.6895],[-77.52612,0.66035],[-77.4814,0.65117],[-77.46768,0.63652],[-77.42275,0.42485],[-77.39634,0.3939],[-77.29268,0.3604],[-77.16572,0.34775],[-77.11411,0.35508],[-77.00244,0.29624],[-76.92012,0.26851],[-76.82935,0.24775],[-76.76772,0.24165],[-76.73931,0.25083],[-76.729,0.27212],[-76.67852,0.26816],[-76.60303,0.24097],[-76.49463,0.23545],[-76.4273,0.26123],[-76.41797,0.30391],[-76.41338,0.37886],[-76.38818,0.40498],[-76.31104,0.44849],[-76.27061,0.4394],[-76.06792,0.34556],[-76.02617,0.31309],[-75.97485,0.24775],[-75.87978,0.15098],[-75.77666,0.08926],[-75.61733,0.06289],[-75.46397,-0.03843],[-75.28447,-0.10654]],[[13.81475,48.76694],[13.84316,48.75986],[13.92432,48.72803],[13.98877,48.69243],[14.04912,48.60249],[14.18984,48.57856],[14.36758,48.57622],[14.43106,48.61626],[14.48867,48.62554],[14.55391,48.61333],[14.69131,48.59922],[14.70664,48.67192],[14.78594,48.74736],[14.82188,48.77402],[14.92256,48.77139],[14.94736,48.82773],[14.97217,48.98394],[14.99346,49.00112],[15.0668,48.99785],[15.13975,48.96934],[15.16172,48.94629],[15.19961,48.94814],[15.25273,48.96387],[15.31094,48.97402],[15.40293,48.95737],[15.59941,48.88638],[15.70078,48.86045],[15.76504,48.86543],[15.8252,48.86445],[16.05723,48.75478],[16.21934,48.7394],[16.36728,48.73897],[16.41484,48.77207],[16.47793,48.8001],[16.54356,48.79624],[16.60098,48.78189],[16.7127,48.73423],[16.76445,48.72202],[16.8332,48.71431],[16.88369,48.70371],[16.92832,48.6209],[16.95312,48.59883]],[[32.71269,35.17104],[32.72022,35.14536],[32.78408,35.11577],[32.86943,35.0894],[32.91953,35.08784],[32.98594,35.11641],[33.07754,35.14619],[33.19102,35.17314],[33.24834,35.15693],[33.32559,35.15361],[33.38379,35.16269],[33.42422,35.14092],[33.45596,35.10142],[33.46387,35.00493],[33.47578,35.00034],[33.52568,35.03867],[33.61445,35.02275],[33.67539,35.01787],[33.72578,35.03731],[33.75693,35.03975],[33.79228,35.04819],[33.83203,35.06719],[33.86641,35.0936],[33.90332,35.08545],[33.96572,35.05679],[34.00449,35.06523]],[[17.58516,42.93838],[17.64346,42.95977],[17.65781,42.98008],[17.65049,43.00659],[17.6248,43.04277],[17.40225,43.19893],[17.29307,43.30562],[17.27529,43.34385],[17.27383,43.44575],[17.24805,43.47022],[17.08457,43.51655],[16.90186,43.64902],[16.71348,43.77881],[16.6877,43.81504],[16.59053,43.91318],[16.47207,44.00259],[16.37754,44.05962],[16.3001,44.12451],[16.21426,44.21514],[16.16982,44.352],[16.13027,44.47373],[16.10342,44.521],[16.04902,44.5376],[15.88008,44.68193],[15.73662,44.76582],[15.73799,44.8564],[15.76152,45.00752],[15.78809,45.17896],[15.82285,45.20278],[15.88828,45.21572],[15.96318,45.21079],[16.02832,45.1896],[16.15732,45.07222],[16.23106,45.02661],[16.29336,45.00884],[16.36504,45.05835],[16.45352,45.16201],[16.53066,45.2167],[16.79082,45.19687],[16.91865,45.27656],[17.12539,45.17178],[17.21064,45.15606],[17.25869,45.17056],[17.32412,45.16396],[17.46914,45.1333],[17.50264,45.12036],[17.54629,45.12256],[17.65352,45.16348],[17.69014,45.1584],[17.81279,45.07812],[17.87441,45.07725],[17.94863,45.11187],[17.99629,45.1418],[18.13721,45.11939],[18.21797,45.13291],[18.28496,45.13428],[18.35762,45.12056],[18.42393,45.102],[18.48828,45.08584],[18.6626,45.07744],[18.74609,45.02651],[18.7794,44.97725],[18.78018,44.94722],[18.78838,44.91489],[18.83643,44.88325],[18.94131,44.86519],[19.00713,44.86919]],[[17.66758,42.89712],[17.74023,42.91548],[17.80195,42.90225],[17.84131,42.84507],[17.91885,42.80742],[18.04453,42.74126],[18.12393,42.69058],[18.304,42.59941],[18.34658,42.58667],[18.43633,42.55972]],[[-5.52353,10.42602],[-5.46128,10.35957],[-5.38227,10.31401],[-5.2623,10.31968],[-5.17529,10.29263],[-5.09985,10.2416],[-5.04932,10.12832],[-4.99404,10.04648],[-4.96992,9.93008],[-4.88272,9.86895],[-4.81445,9.84116],[-4.72178,9.75654],[-4.62583,9.71357],[-4.52661,9.72349],[-4.48027,9.67925],[-4.4062,9.648],[-4.33223,9.6457],[-4.26719,9.74326],[-4.18115,9.78174],[-3.96348,9.85962],[-3.87764,9.89492],[-3.79062,9.91719],[-3.58115,9.92432],[-3.38628,9.90029],[-3.2897,9.88223],[-3.22354,9.89546],[-3.16069,9.84917],[-3.0958,9.7521],[-3.04263,9.7209],[-2.98828,9.68735],[-2.94814,9.61074],[-2.90088,9.53462],[-2.87515,9.50093],[-2.81675,9.42583],[-2.7666,9.42471],[-2.71719,9.45713],[-2.69585,9.48135]],[[12.21367,-5.75869],[12.25527,-5.74648],[12.38603,-5.72773],[12.48457,-5.71875],[12.50371,-5.6958],[12.51895,-5.42461],[12.52236,-5.14893],[12.4874,-5.1127],[12.45322,-5.09063],[12.45147,-5.07148],[12.50273,-5.03691],[12.57353,-4.99658],[12.59619,-4.97842],[12.6748,-4.90537],[12.82969,-4.73662],[12.94746,-4.69531],[13.05732,-4.65107],[13.07275,-4.63477]],[[13.06816,-5.86484],[13.18437,-5.85625],[13.30264,-5.88184],[13.34648,-5.86338],[13.37148,-5.86182],[13.64902,-5.86172],[13.76455,-5.85518],[13.97852,-5.85723],[14.11377,-5.86514],[14.19082,-5.87598],[14.39863,-5.89268],[14.65791,-5.88887],[14.74941,-5.88008],[15.08935,-5.87451],[15.425,-5.86885],[15.72695,-5.86387],[16.06016,-5.86494],[16.31523,-5.86562],[16.43145,-5.9002],[16.53711,-5.96582],[16.58516,-6.02529],[16.60801,-6.05156],[16.63955,-6.11455],[16.69727,-6.16426],[16.71777,-6.24141],[16.70098,-6.346],[16.70938,-6.47168],[16.74297,-6.61846],[16.81309,-6.77256],[16.91943,-6.93398],[16.96582,-7.06211],[16.95205,-7.15703],[16.98477,-7.25742],[17.06377,-7.36309],[17.12158,-7.41904],[17.15508,-7.46133],[17.24502,-7.62334],[17.41133,-7.88193],[17.53603,-8.07588],[17.57959,-8.09902],[17.64336,-8.09072],[17.77881,-8.07139],[17.91309,-8.06768],[18.00879,-8.10762],[18.04717,-8.10078],[18.1915,-8.02383],[18.33486,-8.00029],[18.48467,-7.96856],[18.5627,-7.93594],[18.65342,-7.93604],[18.89834,-7.99815],[18.94443,-8.00146],[19.14268,-8.00146],[19.34082,-7.9666],[19.36992,-7.70654],[19.37168,-7.65508],[19.41934,-7.55732],[19.47988,-7.47217],[19.4874,-7.39072],[19.48379,-7.27949],[19.52764,-7.14443],[19.66035,-7.03711],[19.8752,-6.98633],[19.99746,-6.97647],[20.19004,-6.94629],[20.48223,-6.91582],[20.59004,-6.91992],[20.59873,-6.93516],[20.53691,-7.12178],[20.53584,-7.18281],[20.5584,-7.24443],[20.60781,-7.27773],[20.91094,-7.28144],[21.19033,-7.28496],[21.51084,-7.29668],[21.75107,-7.30547],[21.78164,-7.31465],[21.80606,-7.32861],[21.8416,-7.421],[21.83359,-7.60166],[21.78008,-7.86543],[21.80088,-8.11191],[21.8959,-8.34111],[21.90537,-8.69336],[21.87187,-8.90352],[21.82949,-9.16846],[21.81318,-9.46875],[21.85664,-9.59424],[21.94863,-9.72559],[22.08916,-9.86279],[22.19775,-10.04063],[22.27451,-10.25908],[22.30244,-10.39668],[22.28164,-10.45332],[22.2832,-10.55156],[22.30703,-10.69131],[22.28047,-10.78398],[22.20352,-10.82949],[22.17793,-10.89228],[22.2167,-11.0127],[22.22617,-11.12197],[22.25664,-11.16367],[22.27881,-11.19414],[22.31494,-11.19863],[22.39297,-11.15947],[22.48613,-11.08672],[22.56104,-11.05586],[22.6665,-11.05977],[22.81475,-11.08027],[23.07627,-11.08789],[23.15674,-11.0748],[23.4002,-10.97646],[23.46397,-10.96934],[23.55996,-10.97861],[23.69639,-11.00762],[23.83389,-11.01367],[23.90117,-10.9832],[23.90732,-10.94346],[23.92871,-10.8915],[23.9665,-10.87178]],[[13.07275,-4.63477],[13.0874,-4.60195],[13.13662,-4.6043],[13.15234,-4.62031],[13.17647,-4.65586],[13.21963,-4.70586],[13.29727,-4.76523],[13.37578,-4.82939],[13.41494,-4.8374],[13.47842,-4.80498],[13.55166,-4.75674],[13.65957,-4.72148],[13.68535,-4.68867],[13.69941,-4.61836],[13.70762,-4.54326],[13.71709,-4.45449],[13.73906,-4.44248],[13.77803,-4.43389],[13.84951,-4.45889],[13.88232,-4.48467],[13.94092,-4.48467],[13.97842,-4.46123],[14.04688,-4.41748],[14.13389,-4.4],[14.22705,-4.35811],[14.31621,-4.3041],[14.3583,-4.29941],[14.40293,-4.36973],[14.44277,-4.41904],[14.4498,-4.44951],[14.40996,-4.5081],[14.36543,-4.58555],[14.40293,-4.68164],[14.41191,-4.775],[14.41074,-4.83125],[14.44092,-4.8541],[14.46162,-4.86494],[14.49395,-4.85166],[14.55762,-4.85576],[14.63398,-4.88506],[14.70791,-4.88174],[14.7793,-4.8457],[14.91211,-4.70557],[15.10625,-4.46103],[15.26719,-4.30762],[15.39463,-4.24492],[15.48096,-4.17178],[15.52598,-4.08799],[15.6001,-4.03096],[15.75459,-3.98555],[15.87246,-3.93428],[15.99004,-3.76621],[16.14678,-3.46416],[16.19063,-3.19443],[16.21738,-3.03027],[16.20185,-2.46475],[16.1916,-2.2791],[16.21533,-2.17783],[16.27393,-2.1082],[16.43359,-1.96084],[16.54072,-1.84014],[16.62246,-1.69893],[16.78008,-1.37637],[16.84912,-1.27246],[16.87988,-1.22588],[16.97471,-1.13994],[17.10762,-1.06445],[17.27881,-0.99961],[17.54287,-0.775],[17.75283,-0.54902],[17.72412,-0.27754],[17.77314,-0.05239],[17.8877,0.23413],[17.92519,0.53731],[17.88574,0.85689],[17.90244,1.11807],[18.01172,1.42212],[18.05781,1.53486],[18.07285,1.71938],[18.07217,2.01328],[18.21162,2.41494],[18.34346,2.65542],[18.49092,2.92441],[18.54707,3.08701],[18.62217,3.30405],[18.61035,3.47842]],[[18.61035,3.47842],[18.59668,3.67871],[18.63369,3.9543],[18.61992,4.1166],[18.56748,4.25757],[18.59414,4.34624],[18.6999,4.38262],[18.83174,4.52344],[19.06855,4.89141],[19.32344,5.07075],[19.50098,5.12749],[19.68604,5.12139],[19.80654,5.08931],[19.8625,5.0313],[20.00234,4.94473],[20.22637,4.82964],[20.39355,4.68618],[20.48652,4.54155],[20.55811,4.4627],[20.64746,4.43565],[20.79297,4.44731],[20.95576,4.41313],[21.12559,4.33218],[21.22978,4.3022],[21.26836,4.3231],[21.35019,4.31138],[21.5376,4.24482],[21.68701,4.2814],[21.9082,4.25391],[22.42217,4.13496],[22.44971,4.15513],[22.46182,4.15977],[22.50566,4.20767],[22.61719,4.44556],[22.71172,4.59175],[22.75576,4.64668],[22.86455,4.72388],[22.99287,4.74385],[23.11592,4.73691],[23.21885,4.70298],[23.31289,4.66352],[23.41719,4.66313],[23.52363,4.70127],[23.68184,4.7708],[23.84844,4.81636],[23.9917,4.86626],[24.22773,4.95386],[24.31982,4.99414],[24.43711,5.00996],[24.76553,4.93008],[24.97842,4.98296],[25.06523,4.96743],[25.24932,5.02456],[25.2831,5.06269],[25.4002,5.25591],[25.5251,5.31211],[25.71387,5.28369],[25.81992,5.25371],[26.17354,5.17114],[26.63262,5.08521],[26.76758,5.07192],[26.82207,5.0624],[26.87012,5.07568],[27.0206,5.18438],[27.07187,5.19976],[27.11494,5.19785],[27.40332,5.10918]],[[29.01435,-2.72022],[29.01416,-2.7583],[29.0166,-2.79961],[29.06475,-2.85078],[29.15322,-2.95527],[29.22441,-3.05352],[29.22607,-3.13867],[29.21231,-3.28125],[29.21006,-3.36328],[29.21719,-3.47568],[29.2168,-3.68496],[29.21182,-3.83379],[29.22324,-3.91084],[29.33135,-4.09541],[29.3792,-4.29971],[29.40322,-4.44932]],[[13.29355,2.16157],[13.5335,2.15952],[13.77275,2.15742],[14.03438,2.15889],[14.28701,2.16035],[14.48408,2.15474],[14.57891,2.19912],[14.66914,2.13208],[14.71328,2.11714],[14.72832,2.12241],[14.76289,2.07519],[14.875,2.08047],[14.89277,2.06934],[14.90244,2.01231],[15.00644,2.01377],[15.05781,2.00088],[15.09961,2.00234],[15.16006,2.0356],[15.20352,2.02446],[15.28242,1.98174],[15.33877,1.94473],[15.41748,1.95674],[15.60029,1.95039],[15.7416,1.91499],[15.88164,1.8166],[15.97519,1.76001],[16.05937,1.67622],[16.09033,1.69126],[16.11953,1.71411],[16.13613,1.72422],[16.13496,1.79595],[16.08789,1.91807],[16.06963,2.02168],[16.08008,2.10679],[16.11572,2.16782],[16.17656,2.20479],[16.18262,2.26245],[16.1834,2.27007]],[[16.1834,2.27007],[16.25176,2.40679],[16.31963,2.54277],[16.40127,2.70103],[16.46855,2.83174],[16.45957,2.89653],[16.46621,2.99321],[16.48008,3.10098],[16.47676,3.16514],[16.49629,3.20884],[16.54307,3.36953],[16.57041,3.46309],[16.61074,3.50537],[16.67334,3.5352],[16.76435,3.53628],[17.00254,3.55669],[17.22471,3.59844],[17.29844,3.61719],[17.43799,3.68462],[17.4916,3.6873],[17.53769,3.66162],[17.80664,3.58418],[17.88037,3.55386],[17.90713,3.5584],[17.94795,3.55176],[18.01074,3.55083],[18.07227,3.5603],[18.11133,3.55107],[18.16094,3.4998],[18.19394,3.50542],[18.23711,3.54268],[18.31816,3.58081],[18.47441,3.623],[18.4998,3.6041],[18.55381,3.51021],[18.61035,3.47842]],[[12.01836,-5.0043],[12.07754,-4.95215],[12.16709,-4.8377],[12.2043,-4.77861],[12.30791,-4.76553],[12.34668,-4.72412],[12.37402,-4.65771],[12.38457,-4.61914],[12.50146,-4.5875],[12.6417,-4.53115],[12.71943,-4.46973],[12.79824,-4.43057],[12.84815,-4.42891],[12.88105,-4.44512],[12.97139,-4.55176],[13.04805,-4.61924],[13.07275,-4.63477]],[[-69.96592,-4.23594],[-69.94819,-4.20059],[-69.91103,-3.99658],[-69.84976,-3.65986],[-69.79414,-3.35459],[-69.73262,-3.0167],[-69.66904,-2.66768],[-69.60469,-2.31426],[-69.55186,-2.02422],[-69.50644,-1.7749],[-69.47861,-1.62197],[-69.43491,-1.42168],[-69.41787,-1.2457],[-69.40024,-1.19492],[-69.41143,-1.15225],[-69.44912,-1.0916],[-69.44873,-1.06494],[-69.44434,-1.02959],[-69.44873,-0.99873],[-69.48843,-0.96572],[-69.51929,-0.9458],[-69.54355,-0.91719],[-69.55459,-0.87744],[-69.57441,-0.83779],[-69.58325,-0.7959],[-69.61191,-0.76279],[-69.6207,-0.7209],[-69.60088,-0.68125],[-69.59204,-0.63936],[-69.60088,-0.59961],[-69.61191,-0.55332],[-69.63398,-0.50928],[-69.66748,-0.48242],[-69.74746,-0.45254],[-69.82793,-0.38135],[-69.92275,-0.31748],[-70.04404,-0.19619],[-70.07051,-0.13887],[-70.07095,0.01855],[-70.06572,0.18935],[-70.05791,0.44736],[-70.05391,0.57861],[-69.98545,0.58584],[-69.9251,0.5894],[-69.86206,0.59849],[-69.80713,0.60747],[-69.75674,0.62637],[-69.7189,0.6498],[-69.67383,0.66509],[-69.63872,0.65967],[-69.60361,0.68037],[-69.56484,0.7002],[-69.52705,0.71641],[-69.47212,0.72993],[-69.4208,0.69839],[-69.39199,0.6669],[-69.35864,0.65156],[-69.32715,0.65518],[-69.30552,0.65244],[-69.28301,0.62725],[-69.2542,0.62544],[-69.21279,0.62993],[-69.17407,0.63535],[-69.15605,0.64253],[-69.15332,0.65879],[-69.16323,0.68667],[-69.17676,0.71284],[-69.16597,0.75332],[-69.16504,0.80195],[-69.16323,0.86406],[-69.19385,0.89829],[-69.22446,0.96313],[-69.25869,1.01538],[-69.31182,1.05049],[-69.36138,1.06401],[-69.40278,1.04238],[-69.4415,1.03882],[-69.47031,1.05859],[-69.51714,1.05947],[-69.56758,1.06577],[-69.6209,1.07324],[-69.71699,1.05908],[-69.75132,1.07661],[-69.79815,1.07842],[-69.85215,1.05952],[-69.85078,1.30879],[-69.84946,1.5439],[-69.84858,1.70874],[-69.79995,1.70518],[-69.7396,1.73486],[-69.65005,1.73945],[-69.58125,1.77075],[-69.54292,1.77324],[-69.47017,1.75791],[-69.39434,1.72578],[-69.31973,1.72124],[-69.12427,1.72129],[-68.91318,1.72139],[-68.67847,1.72148],[-68.44346,1.72158],[-68.23955,1.72168],[-68.17656,1.71982],[-68.21328,1.77456],[-68.25596,1.84551],[-68.23945,1.90137],[-68.21836,1.95762],[-68.1938,1.98701],[-68.13027,1.95576],[-68.07705,1.86011],[-68.03286,1.78804],[-67.98975,1.75254],[-67.93623,1.74849],[-67.87554,1.7606],[-67.81509,1.79009],[-67.71187,1.92212],[-67.60923,2.03506],[-67.55606,2.073],[-67.49966,2.10791],[-67.45776,2.12114],[-67.40044,2.1167],[-67.35195,2.08584],[-67.32061,2.03208],[-67.20581,1.84482],[-67.11924,1.70361],[-67.09014,1.61558],[-67.08828,1.40059],[-67.09365,1.21001],[-67.08227,1.1854],[-67.06523,1.17837],[-66.87602,1.22305]],[[97.32246,28.21797],[97.35644,28.25449],[97.43144,28.35391],[97.47773,28.42563],[97.50215,28.45635],[97.53789,28.5102],[97.59922,28.51704],[97.65889,28.5],[97.69463,28.46934],[97.73008,28.40713],[97.76904,28.35615],[97.8165,28.35635],[97.86494,28.36357],[97.8876,28.35649],[97.93408,28.31382],[98.02227,28.21152],[98.06162,28.18589],[98.09893,28.14229],[98.11836,28.05523],[98.13047,27.96758],[98.24102,27.66318],[98.27422,27.59907],[98.29883,27.5501],[98.35049,27.53809],[98.39238,27.58706],[98.40889,27.63945],[98.45254,27.65723],[98.50449,27.64766],[98.59981,27.59883],[98.65117,27.57246],[98.67676,27.42192],[98.68242,27.24531],[98.67481,27.19063],[98.7165,27.04492],[98.72949,26.87739],[98.73848,26.78574],[98.73936,26.69815],[98.73184,26.5834],[98.70947,26.42969],[98.67188,26.29854],[98.68555,26.18935],[98.66318,26.13945],[98.57197,26.11406],[98.56406,26.07241],[98.59102,26.00371],[98.65469,25.91777],[98.65625,25.86357],[98.62539,25.82671],[98.5584,25.82324],[98.46553,25.78887],[98.40166,25.67798],[98.33379,25.58677],[98.29658,25.56885],[98.17256,25.59453],[98.14287,25.57109],[98.09961,25.41572],[98.06406,25.34897],[98.01074,25.29253],[97.96201,25.25933],[97.91797,25.23613],[97.81953,25.25185],[97.76738,25.15806],[97.71494,25.03433],[97.71074,24.97036],[97.73789,24.86987],[97.72383,24.84199],[97.6707,24.82012],[97.5833,24.77481],[97.52939,24.6312],[97.53145,24.4917],[97.56328,24.44385],[97.62363,24.42295],[97.6666,24.37998],[97.6707,24.31274],[97.7082,24.22876],[97.69062,24.13081],[97.56826,23.98848],[97.56455,23.91103],[97.62969,23.88716],[97.68604,23.8981],[97.75566,23.93189],[97.83769,23.98628],[98.0169,24.06543],[98.2125,24.11065],[98.36728,24.11904],[98.49941,24.11567],[98.56416,24.09883],[98.5834,24.06982],[98.76435,24.11606],[98.80234,24.1187],[98.83506,24.12119],[98.83398,24.09058],[98.70156,23.96406],[98.67676,23.90508],[98.68086,23.8418],[98.73506,23.7831],[98.78769,23.73784],[98.83223,23.62437],[98.79785,23.52041],[98.81973,23.48252],[98.85889,23.44009],[98.88262,23.38032],[98.88555,23.30747],[98.86377,23.19126],[99.05508,23.13057],[99.22031,23.10332],[99.34082,23.0959],[99.41807,23.06924],[99.46455,23.04624],[99.49727,23.00459],[99.50713,22.95913],[99.4668,22.9273],[99.38516,22.8251],[99.33828,22.68867],[99.34316,22.58652],[99.33769,22.49805],[99.24307,22.37036],[99.20537,22.28257],[99.17236,22.19248],[99.17344,22.15332],[99.19297,22.12598],[99.2334,22.11016],[99.30312,22.10064],[99.38867,22.11079],[99.59268,22.08916],[99.82539,22.04971],[99.91768,22.02803],[99.94785,21.98833],[99.94043,21.90161],[99.92559,21.8208],[99.94072,21.75874],[99.97822,21.70161],[100.04121,21.68276],[100.09551,21.66064],[100.10576,21.61704],[100.08926,21.55791],[100.1168,21.51118],[100.14766,21.48052],[100.21475,21.46299],[100.35059,21.50102],[100.4457,21.48408],[100.53135,21.4581],[100.60459,21.47178],[100.67715,21.50493],[100.83516,21.65518],[101.01934,21.73638],[101.07979,21.75586],[101.1207,21.74609],[101.13086,21.73555],[101.12812,21.70513],[101.14727,21.58164],[101.13887,21.56748]],[[88.89141,27.31606],[88.94756,27.46401],[89.02549,27.51787],[89.10234,27.59258],[89.16045,27.71128],[89.27266,27.83315],[89.3959,27.95815],[89.48066,28.05996],[89.53691,28.10742],[89.65273,28.1583],[89.7498,28.18818],[89.8169,28.2563],[89.89785,28.29414],[89.98105,28.31118],[90.10449,28.30205],[90.2208,28.27773],[90.34824,28.24395],[90.36299,28.2165],[90.35215,28.16816],[90.33379,28.11914],[90.33311,28.09399],[90.35273,28.08022],[90.47734,28.07085],[90.63008,28.07856],[90.71572,28.07173],[90.90664,28.02651],[90.9625,27.99458],[91.0208,27.97007],[91.07773,27.97446],[91.1499,28.02676],[91.22588,28.07124],[91.27305,28.07837],[91.30684,28.06401],[91.36758,28.02163],[91.49336,27.98179],[91.60557,27.95171],[91.6419,27.92324],[91.6294,27.80088],[91.63193,27.75996]],[[76.7669,35.66172],[76.87891,35.61328],[77.09004,35.55205],[77.29482,35.50815],[77.44648,35.47559],[77.52002,35.47344],[77.57256,35.47183],[77.72402,35.48057],[77.79941,35.4959]],[[74.54141,37.02217],[74.52647,37.03066],[74.49795,37.05723],[74.37617,37.13735],[74.37217,37.15772],[74.55898,37.23662],[74.66894,37.2667],[74.72666,37.29072],[74.73896,37.28565],[74.76738,37.24917],[74.84023,37.22505],[74.89131,37.23164]],[[114.01543,22.51191],[114.01826,22.51445],[114.05039,22.54297],[114.09785,22.55127],[114.12285,22.56499],[114.18818,22.56499],[114.22822,22.55395],[114.26602,22.54097]],[[113.47891,22.19556],[113.48105,22.21748],[113.49414,22.24155],[113.52705,22.24595]],[[-69.51094,-17.50605],[-69.49502,-17.61953],[-69.35801,-17.77168],[-69.31338,-17.94316],[-69.28232,-17.96484],[-69.09395,-18.05049],[-69.09043,-18.0707],[-69.11807,-18.10273],[-69.14546,-18.14404],[-69.12637,-18.20244],[-69.09229,-18.28242],[-69.08096,-18.35664],[-69.06016,-18.43301],[-69.0394,-18.5501],[-69.02681,-18.65625],[-68.97886,-18.81299],[-68.96909,-18.90967],[-68.96831,-18.96797],[-68.93101,-19.0252],[-68.85796,-19.09336],[-68.75908,-19.16221],[-68.68066,-19.24238],[-68.62056,-19.29668],[-68.54785,-19.34111],[-68.49199,-19.38193],[-68.47017,-19.40996],[-68.46289,-19.43281],[-68.48701,-19.4544],[-68.57529,-19.56016],[-68.69829,-19.72109],[-68.69619,-19.74072],[-68.57827,-19.85654],[-68.55938,-19.90234],[-68.56069,-19.96709],[-68.60019,-20.04492],[-68.72749,-20.06963],[-68.75581,-20.09082],[-68.75933,-20.11553],[-68.73003,-20.14844],[-68.73457,-20.22519],[-68.68857,-20.31006],[-68.71231,-20.33897],[-68.75923,-20.37803],[-68.76055,-20.41621],[-68.74517,-20.45859],[-68.6958,-20.49297],[-68.49985,-20.61201],[-68.48433,-20.62842],[-68.4874,-20.64072],[-68.56318,-20.72012],[-68.57104,-20.76914],[-68.56894,-20.8498],[-68.55825,-20.90195],[-68.53384,-20.92363],[-68.4355,-20.94824],[-68.31387,-21.12969],[-68.19702,-21.30029],[-68.19854,-21.44727],[-68.18643,-21.61856],[-68.11216,-21.75303],[-68.10181,-21.86065],[-68.07676,-21.98281],[-67.98838,-22.05713],[-67.95391,-22.204],[-67.94492,-22.28223],[-67.95039,-22.33369],[-67.88174,-22.49336],[-67.87373,-22.63057],[-67.88999,-22.7292],[-67.88916,-22.78418],[-67.87944,-22.82295],[-67.82051,-22.85771],[-67.79443,-22.87949],[-67.70732,-22.88916],[-67.57993,-22.8917],[-67.36226,-22.85518],[-67.19487,-22.82168]],[[-68.65322,-54.85361],[-68.64751,-54.62783],[-68.6398,-54.32402],[-68.63823,-54.05293],[-68.63667,-53.78887],[-68.63506,-53.51543],[-68.63345,-53.24189],[-68.63169,-52.94951],[-68.62993,-52.65264]],[[-68.44336,-52.35664],[-68.46099,-52.29043],[-68.58979,-52.27334],[-68.71519,-52.25547],[-68.92456,-52.20811],[-69.2062,-52.13613],[-69.48843,-52.13613],[-69.7126,-52.07539],[-69.96025,-52.0082],[-70.48286,-52.00225],[-70.94316,-51.99815],[-71.41475,-51.99394],[-71.7166,-51.99131],[-71.91865,-51.98955],[-71.97109,-51.96416],[-71.95347,-51.88037],[-72.02842,-51.81865],[-72.13696,-51.74404],[-72.26899,-51.69111],[-72.33452,-51.62031],[-72.40767,-51.54082],[-72.36641,-51.47031],[-72.30322,-51.29893],[-72.30186,-51.22334],[-72.35918,-51.17041],[-72.37681,-51.09541],[-72.35918,-51.06016],[-72.30737,-51.0334],[-72.27632,-50.91025],[-72.30063,-50.78955],[-72.34023,-50.68184],[-72.39258,-50.63428],[-72.46016,-50.61172],[-72.50981,-50.60752],[-72.62041,-50.64766],[-72.80361,-50.6377],[-72.86592,-50.65313],[-72.95557,-50.69648],[-73.08237,-50.76035],[-73.15293,-50.73828],[-73.17451,-50.67002],[-73.22163,-50.61074],[-73.25161,-50.5585],[-73.27417,-50.47256],[-73.31172,-50.36191],[-73.38662,-50.23115],[-73.50127,-50.12529],[-73.50772,-50.03027],[-73.52891,-49.91094],[-73.47041,-49.79453],[-73.50454,-49.69805],[-73.57627,-49.58291],[-73.5542,-49.46387],[-73.48364,-49.39766],[-73.46157,-49.31387],[-73.13525,-49.30068],[-73.14888,-49.18799],[-73.09458,-49.09687],[-73.03364,-49.01436],[-72.98174,-48.97676],[-72.86543,-48.94394],[-72.72847,-48.89629],[-72.65127,-48.8416],[-72.6144,-48.79287],[-72.59175,-48.72969],[-72.58594,-48.6625],[-72.6084,-48.51934],[-72.58286,-48.47539],[-72.49814,-48.41738],[-72.35474,-48.36582],[-72.29302,-48.2291],[-72.32832,-48.11006],[-72.40791,-48.01592],[-72.50908,-47.97334],[-72.51792,-47.87637],[-72.47222,-47.78418],[-72.4126,-47.68555],[-72.3415,-47.57207],[-72.34595,-47.49268],[-72.28291,-47.44629],[-72.10342,-47.34277],[-72.0417,-47.24141],[-71.97852,-47.21387],[-71.90498,-47.20166],[-71.90054,-47.14434],[-71.95425,-47.0875],[-71.96299,-47.01602],[-71.95664,-46.93682],[-71.94023,-46.83125],[-71.85644,-46.7916],[-71.73271,-46.70586],[-71.69966,-46.65137],[-71.69522,-46.57842],[-71.7313,-46.42783],[-71.76211,-46.31982],[-71.77764,-46.27998],[-71.83413,-46.20674],[-71.87568,-46.16055],[-71.80928,-46.10273],[-71.68447,-46.04189],[-71.63154,-45.95371],[-71.68008,-45.87871],[-71.75064,-45.83906],[-71.77266,-45.72441],[-71.74619,-45.57891],[-71.69331,-45.53477],[-71.50811,-45.5127],[-71.49043,-45.43769],[-71.34932,-45.33193],[-71.35376,-45.23047],[-71.44346,-45.16826],[-71.5313,-45.06787],[-71.59629,-44.9792],[-71.81235,-44.93066],[-72.0417,-44.9042],[-72.07251,-44.82041],[-72.06372,-44.77188],[-71.95703,-44.7915],[-71.78281,-44.77441],[-71.65166,-44.77041],[-71.5604,-44.76201],[-71.45518,-44.74981],[-71.35815,-44.78516],[-71.26113,-44.76309],[-71.22148,-44.63076],[-71.15972,-44.56025],[-71.15088,-44.49404],[-71.2126,-44.44121],[-71.32573,-44.4249],[-71.82002,-44.38311],[-71.83506,-44.33018],[-71.83076,-44.24141],[-71.81211,-44.15078],[-71.81235,-44.10605],[-71.76719,-44.0667],[-71.71616,-43.98447],[-71.68008,-43.92959],[-71.71597,-43.8584],[-71.79473,-43.75322],[-71.7374,-43.70469],[-71.73276,-43.64678],[-71.75064,-43.59014],[-71.83242,-43.52715],[-71.90498,-43.44014],[-71.90498,-43.34756],[-71.82022,-43.32295],[-71.76387,-43.29463],[-71.75064,-43.2373],[-71.78149,-43.1668],[-71.89858,-43.14531],[-72.05469,-43.10195],[-72.10239,-43.06562],[-72.14644,-42.99004],[-72.11362,-42.77676],[-72.13003,-42.64824],[-72.1437,-42.57715],[-72.10542,-42.52246],[-72.05347,-42.47324],[-72.07812,-42.3585],[-72.12461,-42.29834],[-72.1082,-42.25185],[-72.0644,-42.20537],[-72.02612,-42.14795],[-71.99331,-42.13428],[-71.94409,-42.16709],[-71.86079,-42.14785],[-71.76094,-42.10146],[-71.75,-42.04678],[-71.77002,-41.96856],[-71.84448,-41.77197],[-71.91128,-41.65039],[-71.89761,-41.60664],[-71.87114,-41.56055],[-71.89219,-41.39336],[-71.8856,-41.29238],[-71.88071,-40.99463],[-71.87305,-40.89297],[-71.94136,-40.78916],[-71.93213,-40.6917],[-71.88379,-40.6206],[-71.83853,-40.52441],[-71.80464,-40.43916],[-71.76914,-40.40088],[-71.70898,-40.38174],[-71.69531,-40.33525],[-71.72266,-40.29971],[-71.80059,-40.24434],[-71.81831,-40.17666],[-71.80195,-40.12471],[-71.76367,-40.09463],[-71.7044,-40.09492],[-71.65977,-40.0208],[-71.64712,-39.9292],[-71.63789,-39.88682],[-71.67207,-39.8333],[-71.69683,-39.70703],[-71.71992,-39.63525],[-71.69258,-39.60518],[-71.6543,-39.59424],[-71.58701,-39.61113],[-71.53945,-39.60244],[-71.53125,-39.56416],[-71.52578,-39.52314],[-71.50776,-39.49522],[-71.46538,-39.40234],[-71.42002,-39.28721],[-71.40937,-39.20596],[-71.42559,-38.98564],[-71.40156,-38.93506],[-71.35317,-38.88887],[-71.28574,-38.84541],[-71.19727,-38.80938],[-71.08711,-38.75752],[-70.95161,-38.73848],[-70.89692,-38.68106],[-70.85864,-38.60449],[-70.84766,-38.5416],[-70.89966,-38.49785],[-70.96797,-38.4459],[-71.00049,-38.31484],[-71.01816,-38.19394],[-71.02817,-38.04121],[-71.09619,-37.90996],[-71.16758,-37.7623],[-71.18672,-37.63106],[-71.16284,-37.55918],[-71.13481,-37.44512],[-71.16489,-37.39326],[-71.20039,-37.30029],[-71.16348,-37.22744],[-71.11841,-37.11436],[-71.12383,-37.05693],[-71.15937,-36.92021],[-71.19219,-36.84365],[-71.15937,-36.76162],[-71.10742,-36.68506],[-71.06641,-36.64404],[-71.07324,-36.57803],[-71.05552,-36.52373],[-70.97793,-36.4873],[-70.90513,-36.41992],[-70.85317,-36.41172],[-70.79028,-36.41172],[-70.74927,-36.39258],[-70.73286,-36.34063],[-70.72192,-36.2832],[-70.62188,-36.21191],[-70.56338,-36.14639],[-70.45674,-36.13271],[-70.40479,-36.06172],[-70.40366,-35.97051],[-70.41572,-35.87852],[-70.38018,-35.77188],[-70.41973,-35.60918],[-70.41572,-35.52305],[-70.45674,-35.45195],[-70.44854,-35.37539],[-70.47041,-35.32617],[-70.53232,-35.30791],[-70.55518,-35.24688],[-70.5251,-35.2168],[-70.4666,-35.19365],[-70.39316,-35.14688],[-70.33813,-34.92178],[-70.31211,-34.85498],[-70.28677,-34.77451],[-70.28994,-34.73281],[-70.25469,-34.67266],[-70.21069,-34.58125],[-70.14126,-34.49287],[-70.10147,-34.43203],[-70.06299,-34.35],[-70.05205,-34.30078],[-70.00283,-34.27627],[-69.94634,-34.26992],[-69.87978,-34.2544],[-69.85244,-34.22432],[-69.85737,-34.18047],[-69.86152,-34.08359],[-69.88149,-33.92979],[-69.89434,-33.73135],[-69.88257,-33.60098],[-69.83877,-33.46973],[-69.79775,-33.39863],[-69.80869,-33.34394],[-69.81963,-33.28379],[-69.89619,-33.25098],[-69.96904,-33.2794],[-70.01982,-33.27148],[-70.08486,-33.20176],[-70.104,-33.12793],[-70.09307,-33.02676],[-70.04214,-32.96367],[-70.02197,-32.88457],[-70.05205,-32.85996],[-70.11616,-32.80742],[-70.17695,-32.62607],[-70.16963,-32.47168],[-70.22979,-32.43066],[-70.25781,-32.30996],[-70.32002,-32.2667],[-70.34463,-32.17647],[-70.36377,-32.0835],[-70.35557,-32.04238],[-70.29092,-32.03106],[-70.2544,-31.95772],[-70.28174,-31.9166],[-70.33096,-31.88105],[-70.39385,-31.88379],[-70.45015,-31.8419],[-70.52563,-31.66641],[-70.58521,-31.56943],[-70.56641,-31.42793],[-70.55469,-31.31738],[-70.52905,-31.22285],[-70.51958,-31.14844],[-70.4731,-31.11279],[-70.42939,-31.1293],[-70.38838,-31.12109],[-70.35059,-31.06045],[-70.30908,-31.02266],[-70.31182,-30.99258],[-70.33643,-30.95977],[-70.34815,-30.90234],[-70.31924,-30.83398],[-70.26938,-30.67725],[-70.19394,-30.50469],[-70.16143,-30.44023],[-70.16963,-30.38555],[-70.15322,-30.36094],[-70.102,-30.38828],[-69.95635,-30.3582],[-69.90713,-30.28164],[-69.88804,-30.21328],[-69.84429,-30.175],[-69.86338,-30.12031],[-69.92354,-30.10391],[-69.95996,-30.07832],[-69.94546,-30.01641],[-69.92412,-29.87402],[-69.92764,-29.76914],[-69.98262,-29.54541],[-70.02681,-29.32402],[-69.9956,-29.25],[-69.90034,-29.14883],[-69.82788,-29.10322],[-69.81484,-29.04551],[-69.74316,-28.78389],[-69.73491,-28.64111],[-69.68789,-28.56201],[-69.65693,-28.41357],[-69.52715,-28.28564],[-69.48887,-28.20088],[-69.43691,-28.19268],[-69.40957,-28.16533],[-69.34072,-28.0708],[-69.25122,-27.97363],[-69.17441,-27.92471],[-69.15527,-27.84814],[-69.11851,-27.74356],[-69.04219,-27.57002],[-68.99941,-27.44902],[-68.94199,-27.40518],[-68.8751,-27.24668],[-68.84634,-27.15371],[-68.76977,-27.11543],[-68.70962,-27.10449],[-68.6522,-27.14834],[-68.59209,-27.14004],[-68.53735,-27.08535],[-68.40537,-27.04815],[-68.346,-27.02793],[-68.31865,-26.97324],[-68.31865,-26.87754],[-68.37334,-26.80645],[-68.48511,-26.67031],[-68.58115,-26.51836],[-68.5916,-26.47041],[-68.59219,-26.41807],[-68.57578,-26.35195],[-68.52983,-26.27695],[-68.4145,-26.15371],[-68.42676,-26.06543],[-68.51084,-25.74102],[-68.54189,-25.65156],[-68.60029,-25.48565],[-68.59209,-25.42002],[-68.54082,-25.23672],[-68.49634,-25.16299],[-68.43071,-25.14932],[-68.39521,-25.12471],[-68.38423,-25.0919],[-68.42803,-25.05098],[-68.44712,-24.99893],[-68.46631,-24.92519],[-68.52705,-24.89922],[-68.56201,-24.8377],[-68.56201,-24.74736],[-68.50728,-24.62978],[-68.44712,-24.59697],[-68.42256,-24.54512],[-68.3581,-24.49727],[-68.29951,-24.46035],[-68.25029,-24.39199],[-68.04736,-24.3083],[-67.88623,-24.24336],[-67.57178,-24.11895],[-67.3562,-24.03379],[-67.3356,-23.9748],[-67.31914,-23.93467],[-67.21914,-23.63398],[-67.08975,-23.24512],[-67.00879,-23.00137],[-67.19487,-22.82168]],[[15.48008,7.52378],[15.58926,7.51504],[15.70127,7.48843],[15.84502,7.47529],[15.95762,7.50757],[16.03066,7.57212],[16.19111,7.62344],[16.37891,7.68354],[16.4044,7.77236],[16.45938,7.81899],[16.52324,7.85996],[16.54531,7.86548],[16.55019,7.83589],[16.58897,7.74336],[16.66836,7.65176],[16.78477,7.55098],[16.81816,7.55732],[16.89033,7.63369],[17.07197,7.68081],[17.11797,7.7019],[17.24697,7.81299],[17.40215,7.88457],[17.43643,7.89092],[17.49268,7.90981],[17.64941,7.98359],[17.76084,7.97383],[17.94014,7.98545],[18.23887,8.02036],[18.45508,8.03203],[18.56416,8.0459],[18.5916,8.06079],[18.63359,8.16773],[18.66621,8.1977],[18.74746,8.2438],[18.90645,8.40508],[19.01084,8.54121],[19.03984,8.58691],[19.04238,8.59028],[19.06387,8.59883],[19.10869,8.65615],[19.06416,8.71543],[18.88603,8.83604],[18.88857,8.85249],[18.87832,8.87319],[18.88828,8.88975],[18.95625,8.93887],[19.04785,8.99502],[19.14551,9.01597],[19.40029,9.01162],[19.61748,9.02358],[19.66836,9.0209],[19.8377,9.04936],[19.95352,9.07515],[20.07266,9.1332],[20.34209,9.1271],[20.56689,9.27495],[20.63144,9.30137],[20.65967,9.32451],[20.66816,9.34712],[20.77324,9.40566],[20.89102,9.52715],[20.98418,9.63628],[21.00947,9.71323],[21.26387,9.97461],[21.35244,9.96914],[21.396,10.00137],[21.49687,10.17568],[21.52803,10.20781],[21.57578,10.21856],[21.63272,10.23828],[21.68272,10.28984],[21.72578,10.36655],[21.72617,10.46162],[21.70654,10.53789],[21.70654,10.5748],[21.73066,10.60869],[21.77148,10.64282],[21.96484,10.73667],[22.01377,10.78203],[22.04316,10.8227],[22.09717,10.83008],[22.15625,10.82607],[22.19365,10.85137],[22.23594,10.89414],[22.36982,10.95151],[22.49385,10.99624],[22.62402,10.97734],[22.73018,10.95405],[22.81738,10.9272],[22.86006,10.91968]],[[14.06396,13.07852],[14.24482,13.07734],[14.46172,13.02178],[14.51621,12.97974],[14.54473,12.82021],[14.62324,12.72993],[14.76123,12.65561],[14.84707,12.5021],[14.88066,12.26938],[14.95674,12.13037],[14.97383,12.10835],[15.05986,11.90713],[15.08125,11.84551],[15.0877,11.72437],[15.07803,11.64258],[15.12197,11.54126],[15.05547,11.36856],[15.03574,11.2625],[15.02988,11.11367],[15.06865,10.85107],[15.13223,10.64849],[15.20098,10.48452],[15.27607,10.35737],[15.3999,10.21689],[15.53193,10.08848],[15.65488,10.00781],[15.54092,9.9603],[15.32002,9.9543],[15.19316,9.98149],[15.13271,9.98286],[15.07158,9.96597],[14.83584,9.9417],[14.59795,9.95308],[14.37725,9.98506],[14.24326,9.97974],[14.13975,9.90181],[14.05596,9.78438],[13.97725,9.69155],[14.00498,9.58872],[14.06416,9.53174],[14.17793,9.40649],[14.28008,9.28506],[14.33232,9.20352],[14.53613,9.02524],[14.73281,8.86567],[14.77129,8.83916],[14.82627,8.8103],[14.86074,8.79863],[14.96797,8.70727],[15.11621,8.55732],[15.25234,8.32236],[15.34902,8.08384],[15.44297,7.85185],[15.48447,7.81274],[15.5498,7.78789],[15.55781,7.73804],[15.55264,7.6645],[15.53242,7.6044],[15.48008,7.52378]],[[15.48008,7.52378],[15.3791,7.35815],[15.2459,7.26357],[15.20674,7.20615],[15.18584,7.13491],[15.15713,7.06357],[15.08633,6.90991],[15.03457,6.78442],[14.98272,6.74531],[14.86191,6.55571],[14.78037,6.36572],[14.76406,6.31636],[14.73926,6.27979],[14.69951,6.25024],[14.55937,6.19121],[14.51211,6.16191],[14.475,6.12681],[14.44072,6.08672],[14.43115,6.03872],[14.46387,5.9707],[14.50313,5.9169],[14.54248,5.91357],[14.57725,5.91602],[14.59883,5.88398],[14.61689,5.86514],[14.61689,5.49551],[14.58359,5.43965],[14.58437,5.41475],[14.56807,5.35107],[14.56299,5.27993],[14.57353,5.25171],[14.60176,5.22881],[14.64062,5.17905],[14.66172,5.06553],[14.70898,4.66558],[14.73125,4.60239],[14.77041,4.55811],[14.89355,4.47187],[15.02275,4.35855],[15.06357,4.28486],[15.0875,4.16397],[15.13691,4.06914],[15.13584,4.03691],[15.11543,4.02446],[15.06738,4.02295],[15.03486,4.01636],[15.06211,3.94722],[15.12871,3.8269],[15.23984,3.70215],[15.36016,3.56714],[15.4584,3.45684],[15.58086,3.3293],[15.67656,3.22969],[15.775,3.1272],[15.84932,3.10308],[15.90488,3.09585],[15.92871,3.07578],[15.95801,3.02871],[16.0082,2.97666],[16.06348,2.90859],[16.08242,2.83911],[16.05928,2.773],[16.08213,2.67817],[16.0835,2.67002],[16.10186,2.63267],[16.09551,2.59922],[16.10674,2.47349],[16.13613,2.36377],[16.1834,2.27007]],[[92.32412,20.79185],[92.31191,20.86445],[92.28623,20.93159],[92.26846,21.00469],[92.26445,21.06148],[92.21475,21.11269],[92.19199,21.20225],[92.17959,21.29312],[92.2082,21.35786],[92.27969,21.42759],[92.33057,21.4398],[92.37266,21.40903],[92.47187,21.36299],[92.53916,21.31982],[92.56856,21.26333],[92.59981,21.27017],[92.63164,21.3062],[92.62529,21.35073],[92.59346,21.46733],[92.58428,21.60903],[92.58281,21.94033],[92.5749,21.97808]],[[0.90049,10.99326],[0.92461,10.99282],[0.95801,11.02778],[0.98506,11.079],[1.01387,11.06812],[1.06231,11.0582],[1.08457,11.07637],[1.08154,11.11602],[1.09756,11.15635],[1.13555,11.17436],[1.14551,11.2104],[1.1458,11.2519],[1.17871,11.26274],[1.23467,11.26103],[1.28047,11.27398],[1.31738,11.29526],[1.36484,11.37891],[1.3915,11.40801],[1.39971,11.42871],[1.42676,11.44712],[1.50137,11.45557],[1.56143,11.44912],[1.6,11.40063],[1.85762,11.44336],[1.98037,11.41841],[2.23086,11.62915],[2.28721,11.69126],[2.36328,11.84009],[2.38916,11.89707]],[[-57.60889,-30.18779],[-57.56387,-30.13994],[-57.40523,-30.03389],[-57.31748,-29.93945],[-57.30068,-29.85654],[-57.22466,-29.78213],[-57.08935,-29.71621],[-56.93862,-29.59482],[-56.77246,-29.41787],[-56.67153,-29.2873],[-56.63584,-29.20303],[-56.5707,-29.13809],[-56.47598,-29.09248],[-56.39326,-28.99727],[-56.32236,-28.85244],[-56.22554,-28.73721],[-56.10288,-28.65176],[-56.03423,-28.58086],[-56.01963,-28.52461],[-55.98491,-28.48857],[-55.93018,-28.47285],[-55.90366,-28.44326],[-55.90542,-28.39961],[-55.89053,-28.37002],[-55.85889,-28.3542],[-55.80606,-28.35977],[-55.73198,-28.38662],[-55.68726,-28.38164],[-55.67197,-28.34492],[-55.6915,-28.30283],[-55.746,-28.25547],[-55.72549,-28.2041],[-55.58237,-28.121],[-55.47666,-28.08936],[-55.40981,-28.03779],[-55.34648,-27.95596],[-55.24375,-27.89883],[-55.10151,-27.8668],[-55.06387,-27.83594],[-55.06899,-27.79629],[-55.03994,-27.76777],[-54.95591,-27.74717],[-54.9102,-27.70859],[-54.90278,-27.65195],[-54.87573,-27.59922],[-54.8291,-27.55059],[-54.7771,-27.53252],[-54.71973,-27.54492],[-54.66587,-27.52656],[-54.61543,-27.47715],[-54.55493,-27.4541],[-54.48433,-27.45732],[-54.44814,-27.44648],[-54.327,-27.42354],[-54.26016,-27.38203],[-54.20522,-27.28965],[-54.15644,-27.25381],[-54.11382,-27.27471],[-54.04014,-27.24375],[-53.93535,-27.16113],[-53.91562,-27.15957],[-53.83818,-27.12109],[-53.7585,-26.97832],[-53.71728,-26.88281],[-53.72715,-26.80469],[-53.75332,-26.74863],[-53.74458,-26.6665],[-53.71816,-26.44316],[-53.71094,-26.35186],[-53.66855,-26.28818],[-53.67129,-26.2251],[-53.74692,-26.08369],[-53.82324,-25.95957],[-53.86421,-25.74883],[-53.89116,-25.66885],[-53.95479,-25.64766],[-54.0123,-25.57793],[-54.08501,-25.57187],[-54.11924,-25.54521],[-54.15459,-25.52305],[-54.20615,-25.52959],[-54.2501,-25.57041],[-54.33188,-25.57187],[-54.38335,-25.58867],[-54.44394,-25.625],[-54.50151,-25.6083],[-54.53784,-25.57646],[-54.61587,-25.57607]],[[-69.57861,-10.95176],[-69.46255,-10.94815],[-69.22852,-10.95566],[-69.00166,-10.99434],[-68.84834,-11.01113],[-68.78408,-11.04463],[-68.76992,-11.09766],[-68.72749,-11.12246],[-68.67837,-11.11279],[-68.62266,-11.10918],[-68.49834,-11.05479],[-68.398,-11.01875],[-68.31113,-10.97519],[-68.2666,-10.9331],[-68.15864,-10.78506],[-68.07168,-10.70312],[-67.9917,-10.67441],[-67.83501,-10.66279],[-67.78569,-10.68604],[-67.72178,-10.6831],[-67.66665,-10.59893],[-67.58242,-10.50596],[-67.41694,-10.38984],[-67.33271,-10.35791],[-67.28047,-10.31729],[-67.19048,-10.31143],[-67.11152,-10.26895],[-66.72998,-9.97549],[-66.57534,-9.8999],[-66.47891,-9.88613],[-66.39922,-9.86816],[-66.26357,-9.82607],[-65.92471,-9.78545],[-65.70679,-9.76846],[-65.63711,-9.80908],[-65.55869,-9.79746],[-65.49199,-9.73174],[-65.43677,-9.71045],[-65.39614,-9.7124],[-65.33789,-9.79023],[-65.30933,-9.87266],[-65.32812,-9.93555],[-65.32456,-10.02695],[-65.29858,-10.14678],[-65.31309,-10.25303],[-65.39546,-10.39228],[-65.43691,-10.44902],[-65.44712,-10.50742],[-65.43999,-10.58623],[-65.40229,-10.71475],[-65.33403,-10.89277],[-65.32378,-11.02481],[-65.37158,-11.11035],[-65.3936,-11.18428],[-65.38989,-11.24629],[-65.37285,-11.28994],[-65.34238,-11.31504],[-65.32549,-11.36475],[-65.32202,-11.43916],[-65.28227,-11.51103],[-65.2062,-11.58057],[-65.17539,-11.64687],[-65.18975,-11.71006],[-65.18574,-11.74951],[-65.16338,-11.76514],[-65.14268,-11.75234],[-65.11514,-11.73506],[-65.09028,-11.74121],[-65.03711,-11.82939],[-65.03027,-11.84736],[-65.00122,-11.92002],[-64.99253,-11.97519],[-64.91436,-12.00596],[-64.82988,-12.03027],[-64.78345,-12.05937],[-64.69004,-12.14648],[-64.61167,-12.20391],[-64.51343,-12.25098],[-64.48076,-12.32617],[-64.42051,-12.43975],[-64.25503,-12.4833],[-64.06162,-12.50508],[-63.93857,-12.52969],[-63.78809,-12.46943],[-63.68857,-12.47803],[-63.58564,-12.51895],[-63.54189,-12.54668],[-63.46523,-12.60518],[-63.34668,-12.68008],[-63.24976,-12.70791],[-63.18066,-12.66621],[-63.1168,-12.65166],[-63.06748,-12.66914],[-63.04136,-12.75039],[-63.01519,-12.80557],[-62.95791,-12.84707],[-62.83516,-12.95371],[-62.76548,-12.99727],[-62.68706,-12.99434],[-62.52554,-13.06426],[-62.35283,-13.13242],[-62.26392,-13.14365],[-62.17607,-13.13369],[-62.11802,-13.15977],[-62.09477,-13.24199],[-61.94473,-13.40625],[-61.87412,-13.47041],[-61.78994,-13.52559],[-61.57568,-13.52481],[-61.51157,-13.54121],[-61.41606,-13.52656],[-61.12915,-13.49854],[-61.077,-13.48975],[-60.9145,-13.56143],[-60.72236,-13.66436],[-60.59531,-13.74531],[-60.50659,-13.78984],[-60.46016,-13.8624],[-60.42236,-13.93799],[-60.40498,-14.01924],[-60.42808,-14.1],[-60.46299,-14.13242],[-60.47466,-14.18477],[-60.46016,-14.26309],[-60.39624,-14.33281],[-60.37271,-14.41875],[-60.33804,-14.57051],[-60.29888,-14.61856],[-60.27334,-15.08877],[-60.402,-15.09277],[-60.5832,-15.09834],[-60.53047,-15.14316],[-60.38047,-15.31826],[-60.24233,-15.47959],[-60.22041,-15.73867],[-60.20664,-15.90195],[-60.18721,-16.13213],[-60.17559,-16.26934],[-59.83115,-16.28174],[-59.43428,-16.296],[-58.95728,-16.31318],[-58.53794,-16.32822],[-58.49658,-16.32666],[-58.42368,-16.30791],[-58.37539,-16.28359],[-58.3456,-16.28438],[-58.34058,-16.33994],[-58.35078,-16.41025],[-58.35039,-16.49082],[-58.4706,-16.6502],[-58.47812,-16.70068],[-58.45981,-16.91074],[-58.41738,-17.08057],[-58.396,-17.23428],[-58.34775,-17.28213],[-58.20557,-17.36309],[-57.99092,-17.51289],[-57.90503,-17.53232],[-57.83247,-17.51211],[-57.78887,-17.57305],[-57.78018,-17.67178],[-57.66167,-17.94736],[-57.58648,-18.12227],[-57.55205,-18.18311],[-57.49565,-18.21465],[-57.50615,-18.2373],[-57.55313,-18.24648],[-57.57402,-18.2793],[-57.63916,-18.475],[-57.725,-18.7332],[-57.7831,-18.91426],[-57.73086,-18.91719],[-57.72861,-18.96738],[-57.7168,-19.04404],[-57.78144,-19.05352],[-57.80039,-19.08096],[-57.87451,-19.22949],[-57.97168,-19.42422],[-58.07202,-19.62529],[-58.13149,-19.74453],[-58.02993,-19.83272],[-57.86074,-19.97959],[-57.8876,-20.02041],[-57.96016,-20.04072],[-58.02114,-20.05518],[-58.06763,-20.11035],[-58.09375,-20.15107],[-58.15977,-20.16465]],[[-67.19487,-22.82168],[-67.16191,-22.77383],[-67.05542,-22.65088],[-67.03355,-22.55225],[-66.99111,-22.50986],[-66.80029,-22.40967],[-66.76748,-22.34307],[-66.75064,-22.26934],[-66.71172,-22.21631],[-66.63901,-22.20537],[-66.50698,-22.1584],[-66.36519,-22.11377],[-66.32246,-22.05313],[-66.28213,-21.94746],[-66.24761,-21.83047],[-66.22017,-21.80254],[-66.17466,-21.80566],[-66.09858,-21.83506],[-66.05859,-21.87949],[-65.86016,-22.01973],[-65.77105,-22.09961],[-65.68618,-22.11025],[-65.5188,-22.09453],[-65.48486,-22.09814],[-65.05781,-22.10273],[-64.99263,-22.10967],[-64.84307,-22.14394],[-64.75864,-22.17129],[-64.7001,-22.18555],[-64.60552,-22.22881],[-64.52363,-22.37158],[-64.47773,-22.48535],[-64.44551,-22.58535],[-64.37398,-22.76103],[-64.32529,-22.82764],[-64.30791,-22.79531],[-64.26641,-22.60332],[-64.20908,-22.49131],[-64.13184,-22.36582],[-63.97612,-22.07256],[-63.92168,-22.02861],[-63.86104,-22.00723],[-63.81865,-22.00547],[-63.77559,-22.02725],[-63.71694,-22.02754],[-63.67534,-22.0043],[-63.26719,-22.00059],[-62.84336,-21.99727],[-62.83428,-21.99912],[-62.81509,-22.04961],[-62.74458,-22.15986],[-62.66528,-22.21797],[-62.65098,-22.23369]],[[44.76826,39.70352],[44.86719,39.71914],[45.03164,39.76514],[45.07646,39.74282],[45.12461,39.69634],[45.14863,39.65659],[45.15283,39.58267],[45.17256,39.57061],[45.25254,39.59546],[45.28828,39.56558],[45.3499,39.52988],[45.45684,39.49448],[45.61074,39.5498],[45.6874,39.56406],[45.75049,39.56294],[45.78447,39.54561],[45.79648,39.48813],[45.78418,39.41724],[45.76631,39.37847],[45.79863,39.35019],[45.925,39.28193],[45.97744,39.2439],[45.95186,39.17813],[46.0459,39.01753],[46.07744,38.95488],[46.11445,38.87778]],[[45.00137,41.29097],[45.02295,41.2457],[45.08477,41.19546],[45.15234,41.17515],[45.18857,41.14741],[45.19023,41.12637],[45.0707,41.10083],[45.0626,41.08814],[45.07051,41.07559],[45.10605,41.06934],[45.27344,41.00625],[45.36894,41.00488],[45.41914,40.98569],[45.44424,40.948],[45.52402,40.89673],[45.5875,40.84692],[45.59141,40.82974],[45.57939,40.80449],[45.40137,40.70713],[45.37891,40.67358],[45.37617,40.63809],[45.45439,40.53237],[45.56953,40.41685],[45.73574,40.3291],[45.96465,40.23379],[45.96758,40.1748],[45.93125,40.10469],[45.9001,40.05708],[45.88594,40.02485],[45.85811,40.01128],[45.63018,40.01421],[45.596,40.00283],[45.58096,39.98901],[45.57979,39.97754],[45.66182,39.9562],[45.78965,39.8811],[45.86318,39.80835],[45.93994,39.77656],[46.02588,39.71856],[46.09482,39.66445],[46.20205,39.59448],[46.32168,39.61743],[46.48145,39.55518],[46.48809,39.51284],[46.47812,39.4751],[46.37764,39.43389],[46.36514,39.4168],[46.36523,39.40249],[46.37842,39.38227],[46.43731,39.34853],[46.50664,39.29854],[46.58477,39.22368],[46.55,39.20142],[46.47715,39.19819],[46.42031,39.20737],[46.40029,39.19219],[46.40147,39.16768],[46.47539,39.11089],[46.48984,39.06943],[46.48672,38.99746],[46.49063,38.90669]],[[44.95889,41.05264],[44.96143,41.07925],[44.99434,41.0856],[45.02109,41.07798],[45.02871,41.05386],[45.02363,41.02725],[45.00205,41.01582],[44.96904,41.02725],[44.95889,41.05264]],[[45.47881,40.60698],[45.47881,40.64834],[45.50449,40.66484],[45.53418,40.66401],[45.56231,40.64917],[45.55234,40.61606],[45.51436,40.59956],[45.47881,40.60698]]]}}]}
