{"type":"FeatureCollection","features":[{"type":"Feature","id":"Q4918","properties":{"id":"Q4918","regionType":"sea"},"geometry":{"type":"Polygon","coordinates":[[[11.0592,37.04807],[10.95125,37.05918],[10.57132,36.87927],[10.41257,36.73161],[10.29351,36.78137],[10.33423,36.8655],[10.18871,37.03379],[10.19667,37.20576],[9.87545,37.2539],[9.89664,37.1814],[9.83049,37.13538],[9.78388,37.21158],[9.8384,37.30894],[9.68812,37.34015],[9.14201,37.19463],[8.82347,36.99779],[7.91066,36.85651],[7.43229,37.05918],[7.20419,37.09252],[7.23861,36.9687],[6.92746,36.91948],[6.57612,37.00309],[6.48666,37.08564],[6.06493,36.86444],[5.29552,36.64802],[4.75788,36.8962],[3.77892,36.8962],[3.52069,36.79512],[2.97298,36.78453],[2.59357,36.60092],[1.25742,36.51942],[0.9717,36.44377],[0.31234,36.16224],[-0.04803,35.83257],[-0.42638,35.86169],[-0.91743,35.66852],[-1.24976,35.45158],[-2.09113,36.79618],[-1.6408,37.38674],[-1.32754,37.56135],[-0.72166,37.63119],[-0.81478,37.76984],[-0.52056,38.31701],[0.20175,38.75939],[1.56278,38.66043],[1.40563,38.67103],[1.43627,38.76838],[1.59291,38.70172],[1.57968,38.65937],[4.28163,39.81615],[4.31496,39.9172],[4.12815,40.05745],[3.26329,41.9624],[5.4057,43.23],[5.80934,43.09804],[6.11573,43.0721],[6.57028,43.19909],[6.71683,43.37374],[7.26135,43.69599],[7.82178,43.8267],[9.38385,43.0213],[9.31347,42.71334],[9.13777,42.7329],[8.815,42.60802],[8.56576,42.35773],[8.67532,42.28416],[8.56628,42.21856],[8.58798,42.16089],[8.70121,42.09578],[8.62183,41.93067],[8.74038,41.9254],[8.71816,41.76135],[8.88698,41.7005],[8.80761,41.58832],[9.18702,41.3867],[9.20236,41.24859],[8.82135,40.95014],[8.57212,40.85014],[8.36309,40.84642],[8.22444,40.91311],[8.18103,40.77128],[8.19007,40.6517],[8.47104,40.29292],[8.40753,39.9172],[8.54778,39.83943],[8.54034,39.73148],[8.45145,39.7214],[8.39905,39.4817],[8.41812,39.20546],[8.59537,38.96419],[8.90233,38.92556],[12.47472,37.74444],[12.64034,37.59417],[13.17003,37.47934],[13.80079,37.1359],[14.1432,37.10363],[14.36753,36.97294],[14.50194,36.79884],[14.77608,36.71047],[15.1126,36.68771],[15.11156,36.63425],[22.4892,36.44692],[22.4892,36.5681],[22.60826,36.77977],[22.77973,36.78613],[23.08612,36.46757],[23.00938,36.31887],[23.09723,36.24639],[23.02684,36.15061],[23.22156,35.78919],[23.57771,35.54098],[23.59301,35.25736],[24.4635,35.16054],[24.70907,35.0891],[24.79955,34.93459],[26.16531,35.01872],[26.24417,35.04463],[26.3193,35.31294],[27.1067,35.44735],[27.07073,35.59762],[27.15801,35.78864],[27.22312,35.8204],[27.17021,35.61191],[28.08777,36.0654],[28.06767,36.12942],[28.23169,36.43369],[28.13594,36.41519],[28.08462,36.64272],[28.30368,36.81207],[28.81698,36.67554],[29.03816,36.69352],[29.22388,36.32471],[29.68902,36.15642],[30.23142,36.30724],[30.44629,36.26967],[30.64416,36.8655],[31.24055,36.82158],[32.02211,36.53531],[32.37774,36.1834],[32.79472,36.03578],[33.69482,36.18182],[33.95465,36.29505],[34.29964,36.6041],[34.70344,36.81682],[35.39291,36.575],[35.5374,36.59722],[35.66121,36.72422],[36.0491,36.91049],[36.17979,36.80729],[36.18826,36.65913],[35.81097,36.30988],[35.95701,35.99819],[35.83955,35.84898],[35.76441,35.57171],[35.90249,35.42089],[35.94326,35.22403],[35.88771,34.94888],[35.97763,34.54722],[35.64798,34.24825],[35.61202,34.03234],[35.10874,33.08356],[34.67853,31.89557],[34.48382,31.59236],[34.17634,31.30395],[33.66625,31.1304],[33.19423,31.08436],[33.12969,31.16797],[32.60316,31.06849],[32.21636,31.2939],[32.28194,31.20078],[32.10148,31.09283],[32.00836,31.22037],[31.77132,31.29233],[31.8925,31.48229],[32.1359,31.34101],[31.88878,31.54156],[31.5242,31.45849],[31.08284,31.60347],[31.00191,31.4627],[30.56323,31.4172],[30.92357,31.56696],[30.39492,31.45743],[30.22242,31.25845],[29.92978,31.22724],[29.42867,30.92772],[29.072,30.83037],[28.51483,31.05048],[27.96768,31.09758],[27.83006,31.19494],[27.54011,31.21241],[27.24798,31.37806],[26.76858,31.47012],[25.89334,31.62094],[25.38215,31.51299],[25.22552,31.53363],[24.95086,31.95379],[24.68364,32.0157],[24.12962,32.00934],[23.7978,32.15858],[23.2861,32.21359],[23.10622,32.33162],[23.09087,32.61894],[22.18757,32.91846],[21.63618,32.9375],[21.42451,32.79939],[21.06257,32.77557],[20.37042,32.43055],[19.98837,32.02735],[15.3592,32.14905],[15.17662,32.39141],[14.51362,32.51099],[14.23684,32.68139],[13.83521,32.79198],[13.2833,32.91474],[12.75357,32.80097],[12.28,32.85867],[11.81326,33.09359],[11.2026,33.24918],[11.25764,33.30897],[11.1502,33.36931],[11.08457,33.56296],[10.95812,33.62647],[10.89833,33.53387],[10.72263,33.51429],[10.74697,33.72332],[10.88298,33.68999],[11.0375,33.78522],[10.92639,33.89],[11.18777,34.77054],[11.00417,35.63359],[10.59086,35.88709],[10.4766,36.17495],[10.5258,36.32311],[10.79834,36.49297],[11.12695,36.87398],[11.07719,36.96658],[11.0592,37.04807]],[[32.31739,34.95309],[32.44916,34.72925],[32.86722,34.66098],[33.00799,34.56944],[33.06246,34.67476],[33.41489,34.75095],[33.69958,34.97004],[34.04989,34.98856],[33.90809,35.20235],[33.94194,35.29229],[34.55632,35.66219],[33.60749,35.3542],[32.94185,35.39019],[32.87989,35.18064],[32.65235,35.18276],[32.39097,35.04993],[32.30101,35.08274],[32.31739,34.95309]]]}},{"type":"Feature","id":"Q1247","properties":{"id":"Q1247","regionType":"sea"},"geometry":{"type":"Polygon","coordinates":[[[-65.6287,18.38118],[-63.52632,18.71508],[-61.65677,18.08009],[-59.7449,14.96699],[-59.20886,12.82281],[-60.24549,11.37714],[-60.84556,10.24842],[-61.0133,9.55626],[-61.30912,9.633],[-61.58905,9.89441],[-61.62556,9.81661],[-61.76579,9.81397],[-61.73615,9.6314],[-61.90864,9.87007],[-62.07693,9.97484],[-62.15525,9.97908],[-62.15313,9.82191],[-62.22139,9.88276],[-62.32035,9.78328],[-62.51509,10.17592],[-62.60028,10.21721],[-62.60028,10.11719],[-62.74051,10.05634],[-62.66167,10.19868],[-62.68601,10.28971],[-62.91354,10.53153],[-62.38014,10.54688],[-62.23304,10.63418],[-61.92136,10.68129],[-61.87955,10.74108],[-62.24204,10.69981],[-62.7024,10.74955],[-63.49669,10.64317],[-64.29837,10.63524],[-64.24757,10.54264],[-63.86287,10.55799],[-63.73163,10.50349],[-63.83377,10.44846],[-64.1883,10.45797],[-64.8503,10.09814],[-65.12917,10.07008],[-65.852,10.25795],[-66.09066,10.4728],[-66.10601,10.57439],[-66.24729,10.63207],[-66.98919,10.61036],[-67.87185,10.47226],[-68.14012,10.4929],[-68.29624,10.68922],[-68.32479,10.8088],[-68.27187,10.88024],[-68.39835,11.16123],[-68.82804,11.43163],[-69.23233,11.51842],[-69.63184,11.47979],[-69.76256,11.67611],[-69.85992,12.05394],[-70.00386,12.17776],[-70.20282,12.09838],[-70.28643,11.8862],[-70.19276,11.6248],[-69.81759,11.67187],[-69.80488,11.47398],[-69.88532,11.44434],[-70.09698,11.52002],[-70.23245,11.3729],[-71.46964,10.9644],[-71.46116,10.8358],[-71.59823,10.72467],[-71.73104,10.99455],[-71.64162,11.01359],[-71.8353,11.19035],[-71.957,11.56976],[-71.4146,11.75497],[-71.13733,12.04653],[-71.26221,12.33545],[-71.59717,12.43441],[-72.13585,12.18835],[-72.27504,11.88938],[-72.72165,11.7121],[-73.31325,11.29564],[-74.14299,11.32104],[-74.4007,10.76542],[-74.51604,10.86226],[-74.49224,10.93422],[-74.33031,10.99667],[-74.84468,11.10992],[-74.92139,11.05752],[-75.4458,10.6109],[-75.55375,10.32779],[-75.70827,10.14364],[-75.53841,10.20504],[-75.68021,9.72985],[-75.60349,9.53828],[-75.63949,9.45043],[-76.02734,9.36579],[-76.27658,8.98901],[-76.9206,8.57361],[-77.26138,8.49369],[-77.34393,8.63658],[-77.6974,8.88954],[-77.83075,9.06839],[-78.50438,9.40651],[-78.93143,9.42821],[-79.1124,9.5367],[-79.57754,9.59807],[-80.12733,9.20967],[-80.54696,9.08213],[-81.0629,8.8128],[-81.355,8.78052],[-81.54551,8.82708],[-81.89422,9.14035],[-81.78046,8.95726],[-82.07785,8.93504],[-82.24399,9.03134],[-82.18792,9.19169],[-82.33978,9.20913],[-82.37101,9.42875],[-82.77846,9.66951],[-83.34679,10.31562],[-83.61719,10.87761],[-83.83204,11.13054],[-83.86803,11.29988],[-83.65158,11.64223],[-83.7045,11.82481],[-83.82886,11.8608],[-83.76695,12.05924],[-83.68016,12.02431],[-83.65106,12.28731],[-83.75424,12.50213],[-83.59337,12.71328],[-83.62724,12.45929],[-83.59603,12.3963],[-83.51084,12.41165],[-83.56745,13.32025],[-83.49389,13.7388],[-83.4124,13.99651],[-83.1875,14.33995],[-83.29917,14.749],[-83.41346,14.82519],[-83.34413,14.90191],[-83.28011,14.81302],[-83.15735,14.99293],[-83.2907,15.07918],[-83.36901,15.24005],[-83.64628,15.36865],[-83.49813,15.22207],[-83.58967,15.26599],[-83.76059,15.22047],[-83.92727,15.39405],[-84.09502,15.40092],[-84.11142,15.49247],[-83.9728,15.51944],[-83.76535,15.40568],[-84.26118,15.82265],[-84.51941,15.87293],[-84.42575,15.82955],[-84.55964,15.80203],[-84.97398,15.98988],[-85.48356,15.89939],[-85.98573,16.02427],[-85.93653,15.95337],[-86.35669,15.78297],[-86.90702,15.76235],[-88.28866,17.31279],[-88.20347,17.51653],[-88.27174,17.60965],[-88.08547,18.22615],[-88.13045,18.35048],[-88.349,18.35896],[-88.1966,18.71984],[-88.07384,18.83469],[-88.01085,18.72674],[-88.05638,18.52458],[-87.88174,18.27377],[-87.76161,18.44627],[-87.50127,19.28766],[-87.55101,19.32099],[-87.65578,19.25802],[-87.65844,19.3522],[-87.48274,19.44375],[-87.42455,19.58346],[-87.64521,19.55382],[-87.68754,19.63689],[-87.44148,19.86127],[-87.42138,20.23114],[-86.92606,20.78625],[-86.77155,21.15031],[-86.82394,21.42177],[-87.01657,21.57313],[-84.88719,21.86786],[-84.83851,21.82818],[-84.56016,21.93295],[-84.50143,21.93032],[-84.50248,21.77632],[-84.03099,21.943],[-83.90082,22.17002],[-83.37958,22.22293],[-82.73825,22.68913],[-81.78999,22.65686],[-81.70266,22.59177],[-81.71061,22.49651],[-82.07785,22.3875],[-81.81645,22.20017],[-81.44125,22.18379],[-81.28462,22.10917],[-81.18566,22.26792],[-81.03593,22.07372],[-80.4988,22.06367],[-80.48557,22.12346],[-80.23158,21.8721],[-79.3574,21.5853],[-78.72769,21.59269],[-78.57636,21.41383],[-78.49063,21.05347],[-78.11649,20.76191],[-77.22962,20.64391],[-77.10792,20.49151],[-77.14919,20.34703],[-77.554,20.08193],[-77.71486,19.85545],[-76.15858,19.98984],[-75.29075,19.89302],[-75.15158,20.00837],[-75.11665,19.90147],[-74.63459,20.0581],[-74.25306,20.07981],[-74.14986,20.18246],[-73.36934,19.82476],[-73.43815,19.7221],[-73.39634,19.65859],[-73.0529,19.61097],[-72.70313,19.44111],[-72.76821,19.24056],[-72.74124,19.13155],[-72.81108,19.07176],[-72.34752,18.67488],[-72.37609,18.57432],[-72.61794,18.55052],[-72.78938,18.43464],[-74.22766,18.66271],[-74.38747,18.6246],[-74.45997,18.39283],[-74.08532,18.21504],[-73.88476,18.042],[-73.74717,18.19016],[-73.51486,18.24519],[-72.87668,18.15153],[-72.05965,18.22878],[-71.71252,18.00547],[-71.63156,17.7737],[-71.43894,17.63559],[-71.10609,18.07003],[-71.07013,18.25049],[-70.75896,18.34573],[-70.48011,18.21713],[-70.18323,18.25155],[-70.01812,18.37379],[-69.77049,18.44363],[-69.27465,18.43993],[-68.93493,18.40818],[-68.68727,18.21504],[-68.34967,18.57274],[-67.19556,18.43252],[-67.26382,18.36477],[-67.17228,18.22403],[-67.19662,17.99435],[-66.89976,17.94779],[-65.97054,17.97425],[-65.62077,18.24256],[-65.6287,18.38118]],[[-59.64276,13.15036],[-59.52212,13.06199],[-59.4274,13.15302],[-59.59145,13.31758],[-59.64646,13.3033],[-59.64276,13.15036]],[[-61.21969,14.80455],[-61.14135,14.65216],[-61.01118,14.60187],[-61.09056,14.52991],[-61.06358,14.46695],[-60.83657,14.43731],[-60.92705,14.75533],[-61.12761,14.87545],[-61.21334,14.84847],[-61.21969,14.80455]],[[-61.0604,13.78327],[-60.95139,13.71764],[-60.8953,13.8219],[-60.90801,14.09335],[-61.07311,13.8658],[-61.0604,13.78327]],[[-61.46469,10.76436],[-61.65096,10.7178],[-61.47844,10.60349],[-61.49908,10.26852],[-61.90601,10.06902],[-61.17417,10.07804],[-61.01224,10.13411],[-60.96834,10.32356],[-61.03394,10.66963],[-60.91752,10.84004],[-61.36997,10.79663],[-61.46469,10.76436]],[[-61.52872,16.43386],[-61.52236,16.228],[-61.17259,16.25606],[-61.35568,16.36295],[-61.40648,16.46825],[-61.51074,16.47778],[-61.52872,16.43386]],[[-61.4811,15.52528],[-61.37527,15.22734],[-61.2816,15.24904],[-61.27737,15.52686],[-61.46999,15.6036],[-61.4811,15.52528]],[[-61.64143,16.3259],[-61.74832,16.35554],[-61.79436,16.30102],[-61.75943,16.06184],[-61.67052,15.96184],[-61.56365,16.04755],[-61.55252,16.27087],[-61.59698,16.29203],[-61.64143,16.3259]],[[-63.89302,11.16704],[-64.02849,11.00196],[-64.2137,11.08609],[-64.40263,10.98184],[-63.9179,10.88766],[-63.81737,11.00036],[-63.84964,11.13108],[-63.89302,11.16704]],[[-69.15402,12.29842],[-68.99527,12.14179],[-68.7513,12.05975],[-69.15877,12.38043],[-69.15402,12.29842]],[[-73.07778,18.79077],[-72.82219,18.70715],[-72.80472,18.77754],[-73.17039,18.9675],[-73.27622,18.95427],[-73.28521,18.8966],[-73.07778,18.79077]],[[-77.97839,18.46797],[-78.21651,18.44787],[-78.33927,18.287],[-78.29431,18.21819],[-78.04453,18.17375],[-77.76832,17.87741],[-77.36137,17.83348],[-77.20474,17.71497],[-77.11955,17.88007],[-76.94439,17.84883],[-76.85339,17.97374],[-76.52478,17.8663],[-76.21098,17.9134],[-76.34962,18.15205],[-76.70097,18.25736],[-76.90843,18.39017],[-77.92707,18.50078],[-77.97839,18.46797]],[[-83.08273,21.79113],[-82.97371,21.59217],[-83.05469,21.54931],[-83.18381,21.59323],[-83.06738,21.46941],[-82.85308,21.44401],[-82.56203,21.57153],[-82.71443,21.89008],[-82.99118,21.943],[-83.07797,21.83347],[-83.08273,21.79113]],[[-87.0192,20.3825],[-86.99115,20.27189],[-86.7631,20.57882],[-86.97791,20.48991],[-87.0192,20.3825]]]}},{"type":"Feature","id":"Q23406","properties":{"id":"Q23406","regionType":"sea"},"geometry":{"type":"Polygon","coordinates":[[[43.25395,13.22874],[43.47541,12.83922],[43.48916,12.69953],[43.30028,12.46141],[42.99916,12.89955],[42.96955,12.80852],[42.79597,12.8641],[42.73458,13.01861],[42.52291,13.22129],[42.3991,13.21281],[42.2451,13.58747],[41.65826,13.98328],[41.17617,14.6204],[40.7994,14.74316],[40.5465,14.93366],[40.20409,15.0141],[40.08399,15.15169],[40.0411,15.33478],[39.86385,15.47025],[39.78551,15.12468],[39.29872,15.9211],[39.03465,17.08578],[38.57375,18.07321],[38.28322,18.287],[38.20173,18.24943],[37.9218,18.55582],[37.47149,18.8204],[37.2482,19.58185],[37.19316,20.12055],[37.22753,20.5566],[37.14128,20.98151],[37.15084,21.10375],[37.25719,21.03918],[37.25874,21.10851],[36.92698,21.58636],[36.87034,22.0155],[36.41476,22.3944],[36.22955,22.6288],[35.9136,22.73941],[35.6977,22.9463],[35.52257,23.44265],[35.50458,23.77922],[35.54055,23.9205],[35.784,23.93797],[35.47812,24.15493],[35.19396,24.47507],[34.56531,25.69109],[33.95889,26.64889],[33.8282,27.22198],[34.38858,27.99932],[34.50604,27.99615],[34.72194,28.13056],[35.18073,28.03477],[36.24965,26.59491],[36.51899,26.10489],[36.67511,26.03875],[36.76295,25.75143],[36.92062,25.64136],[37.14872,25.29104],[37.26618,24.96031],[37.18097,24.82009],[37.54291,24.29144],[37.91968,24.1856],[38.46419,23.71202],[39.06214,22.59229],[39.09604,22.39279],[38.98809,21.88161],[39.14736,21.51915],[39.09341,21.31012],[39.27593,20.97409],[39.72841,20.39044],[39.88395,20.29308],[40.08079,20.26608],[40.7592,19.75543],[41.11587,19.08232],[41.22961,18.67858],[41.43177,18.45262],[41.65775,18.00758],[42.29378,17.43503],[42.38323,17.12229],[42.69861,16.73707],[42.78962,16.45132],[42.8399,16.03223],[42.71711,15.65439],[42.79912,15.3263],[42.78853,15.26545],[42.69805,15.3263],[42.65784,15.23264],[42.85576,15.13316],[42.93617,14.93842],[43.08913,14.0108],[43.23414,13.85892],[43.28225,13.69276],[43.23202,13.26733],[43.25395,13.22874]],[[41.89742,16.68415],[42.07152,16.67144],[42.15777,16.5709],[42.17048,16.70849],[42.05989,16.80373],[42.06516,16.71007],[41.94667,16.74869],[41.91701,16.99372],[41.86042,17.00271],[41.8583,16.89318],[41.77624,16.84714],[41.80167,16.77887],[41.89742,16.68415]],[[40.01624,15.73323],[40.07076,15.67661],[39.94746,15.6962],[39.97496,15.61259],[40.39886,15.57977],[40.40837,15.62899],[40.25013,15.70359],[40.18238,15.64274],[40.0427,15.87557],[39.95697,15.88934],[40.00038,15.82849],[39.94007,15.74434],[40.01624,15.73323]]]}},{"type":"Feature","id":"Q166","properties":{"id":"Q166","regionType":"sea"},"geometry":{"type":"Polygon","coordinates":[[[36.57506,45.39356],[36.94124,45.28985],[36.61899,45.18559],[36.65077,45.12632],[37.20479,44.9718],[37.35243,44.78817],[37.49531,44.69505],[37.70486,44.6612],[37.85142,44.69877],[38.18111,44.4199],[38.71715,44.28812],[39.32941,43.89706],[39.87393,43.47267],[40.4618,43.14563],[40.83645,43.06363],[41.06135,42.93082],[41.12858,42.82816],[41.41962,42.73765],[41.48892,42.65936],[41.76301,41.96984],[41.75877,41.81693],[41.70167,41.70526],[41.4143,41.42375],[40.26548,40.96125],[39.80778,40.98243],[39.42625,41.10625],[38.38115,40.92474],[37.91017,41.00199],[37.76568,41.07873],[37.06614,41.18457],[36.99209,41.27557],[36.77773,41.36342],[36.64704,41.35231],[36.50948,41.26234],[36.4052,41.27454],[36.17927,41.42639],[36.05173,41.68252],[35.91996,41.71373],[35.55802,41.63382],[35.29767,41.72854],[35.12197,41.89098],[35.15478,42.02754],[35.00663,42.0635],[34.75052,41.95661],[33.38156,42.01746],[32.30628,41.7296],[32.0867,41.58937],[31.45806,41.32004],[31.34639,41.15811],[31.25482,41.10783],[30.80983,41.08509],[30.34521,41.19674],[29.91924,41.15069],[29.32232,41.22795],[29.0535,41.21526],[28.34652,41.46662],[28.19785,41.55444],[28.05021,41.72908],[27.98721,41.85502],[27.98246,42.04764],[27.70837,42.34979],[27.4845,42.4678],[27.75389,42.70644],[27.88882,42.74985],[27.92902,43.18641],[28.13382,43.39541],[28.31954,43.42665],[28.46558,43.38908],[28.56191,43.50125],[28.59048,43.79758],[28.65875,43.98385],[28.64552,44.29554],[28.8884,44.57493],[28.8069,44.56488],[28.92597,44.80987],[28.8916,44.91889],[28.93072,44.96599],[29.09531,44.97498],[29.04766,44.92578],[29.08105,44.79877],[29.04823,44.7575],[29.5573,44.84323],[29.63559,44.97973],[29.72716,45.34328],[29.67052,45.54066],[29.60117,45.59993],[29.6282,45.72269],[29.82131,45.73222],[30.21927,45.86663],[30.65687,46.26669],[30.79603,46.55191],[31.40302,46.62863],[31.56332,46.77733],[31.53211,46.66459],[31.87292,46.64979],[31.9126,46.92603],[31.75913,47.21283],[31.93958,46.98209],[31.94485,46.7842],[32.04438,46.6424],[32.35392,46.5646],[32.57773,46.6154],[32.36131,46.47517],[31.5549,46.55455],[31.71365,46.472],[32.00836,46.43019],[31.99146,46.36459],[31.7798,46.3249],[31.83111,46.28149],[32.0359,46.26087],[32.47671,46.0836],[33.20219,46.17566],[33.42972,46.05765],[33.59426,46.09628],[33.66464,45.94707],[33.27996,45.76501],[33.1424,45.74915],[32.50792,45.40361],[32.61163,45.32793],[32.91854,45.34806],[33.18684,45.19458],[33.39267,45.18771],[33.55514,45.09776],[33.6123,44.90778],[33.45086,44.55377],[33.65565,44.43313],[33.91021,44.3876],[34.07423,44.42359],[34.28166,44.53842],[34.47007,44.72151],[34.71667,44.80724],[35.08761,44.80248],[35.15478,44.89615],[35.35798,44.9787],[35.4728,45.09828],[35.67759,45.10198],[35.87024,45.00516],[36.39357,45.06547],[36.51424,45.30359],[36.57506,45.39356]]]}},{"type":"Feature","id":"Q1693","properties":{"id":"Q1693","regionType":"sea"},"geometry":{"type":"Polygon","coordinates":[[[-3.05157,58.63066],[-2.6912,58.94604],[-2.4515,59.25824],[-1.64979,59.49743],[-1.19948,60.00649],[-1.00474,60.54889],[-0.77563,60.59069],[5.24416,60.56953],[5.64847,60.68805],[5.13729,60.44569],[5.18333,60.30864],[5.28596,60.20599],[5.68868,60.12344],[5.49448,60.07052],[5.20555,60.08799],[5.17434,60.04566],[5.2193,59.97897],[5.10499,59.73186],[5.14576,59.63871],[5.49448,59.82552],[5.69875,60.01019],[5.87652,60.07],[5.90458,60.15044],[6.1533,60.34621],[6.34698,60.41923],[6.99573,60.51184],[6.72004,60.41817],[6.52687,60.15307],[6.57343,60.3605],[6.51788,60.4076],[6.14059,60.23351],[6.0702,60.08375],[5.73048,59.86309],[5.8342,59.79483],[6.21681,59.81811],[5.86701,59.73398],[5.77229,59.66096],[5.47225,59.71333],[5.30503,59.64241],[5.18494,59.4535],[5.13145,59.22651],[5.17326,59.16246],[5.34947,59.16616],[5.56222,58.97991],[5.51721,58.72644],[5.70666,58.52377],[6.38931,58.26817],[6.65968,58.26288],[6.69249,58.22425],[6.55493,58.12317],[6.59038,58.09725],[6.73166,58.06813],[6.80256,58.15441],[6.87718,58.15071],[6.91212,58.14276],[6.90312,58.07025],[7.00472,58.02424],[7.12538,58.03904],[8.27896,56.84103],[8.26836,56.75424],[8.34671,56.71191],[8.4684,56.66481],[8.77216,56.72514],[8.99282,57.01618],[9.25471,57.01192],[9.19652,56.70184],[9.06687,56.79392],[8.88802,56.73519],[8.73614,56.62724],[8.67159,56.49547],[8.55305,56.56055],[8.16413,56.60714],[8.12124,56.13988],[8.20222,55.98219],[8.13235,55.5996],[8.61604,55.41809],[8.66999,55.15563],[8.57315,55.13446],[8.66152,54.98574],[8.68219,54.79208],[8.95737,54.53807],[8.95204,54.46771],[8.64829,54.39787],[8.64514,54.29519],[8.78058,54.31317],[8.90657,54.2608],[8.90336,54.00045],[8.97799,53.92637],[9.31187,53.85917],[9.63148,53.6004],[9.78388,53.5549],[9.58544,53.6004],[9.20552,53.85599],[8.89752,53.83589],[8.61868,53.87503],[8.52819,53.78085],[8.49538,53.39403],[8.49274,53.51415],[8.33399,53.60621],[8.20062,53.43266],[8.10858,53.46759],[8.16728,53.54324],[8.00905,53.69088],[7.62913,53.69724],[7.20631,53.65437],[7.10683,53.55699],[7.0534,53.37604],[7.19732,53.28238],[6.96819,53.32734],[6.81636,53.44113],[6.08504,53.40777],[5.92629,53.45911],[5.67493,53.45327],[5.23253,53.37762],[4.9235,53.23474],[4.88593,53.07071],[4.76315,53.00775],[4.4827,52.30924],[4.08479,51.99386],[3.94666,51.81074],[4.18267,51.61021],[4.00485,51.59592],[4.27424,51.47156],[4.14138,51.45567],[3.74399,51.59592],[3.44871,51.54089],[3.58684,51.4541],[3.82176,51.40965],[4.00645,51.44298],[4.22608,51.38637],[3.88315,51.35462],[3.42597,51.39325],[2.44541,51.06675],[1.91252,50.99053],[1.71197,50.9064],[1.37597,51.16463],[1.41514,51.36307],[0.88912,51.35937],[0.68645,51.38637],[0.6002,51.46787],[0.42453,51.46575],[0.89073,51.57158],[0.92726,51.64672],[0.89812,51.68958],[0.75208,51.72979],[0.95527,51.80759],[1.18864,51.80335],[1.27437,51.84516],[1.23257,51.97109],[1.41354,51.99491],[1.59136,52.11979],[1.74639,52.46905],[1.71621,52.67702],[1.65698,52.75373],[1.38232,52.89344],[1.05583,52.95904],[0.55896,52.967],[0.33035,52.8114],[0.04564,52.90561],[0.35572,53.16011],[0.27107,53.3353],[0.12819,53.46811],[-0.29354,53.69248],[-0.65972,53.72422],[-0.27026,53.73693],[0.11548,53.60939],[-0.20572,54.02161],[-0.08454,54.11794],[-0.67138,54.5037],[-1.2323,54.70372],[-1.65563,55.57048],[-2.14723,55.90281],[-2.59914,56.02715],[-2.83672,56.02609],[-3.04893,55.95201],[-3.60771,56.01604],[-3.78922,56.09541],[-3.36219,56.02769],[-2.97961,56.19386],[-2.7674,56.20231],[-2.67428,56.25365],[-2.65257,56.31819],[-2.88488,56.39757],[-3.30979,56.36369],[-2.59278,56.56161],[-2.26045,56.86325],[-2.02021,57.25906],[-1.78051,57.47391],[-1.8673,57.61256],[-2.07418,57.7025],[-3.03622,57.67235],[-3.40294,57.70831],[-4.13478,57.57762],[-4.07817,57.6771],[-3.85697,57.81838],[-4.03582,57.85226],[-3.98978,57.95915],[-3.21243,58.32109],[-3.11296,58.40894],[-3.04629,58.61531],[-3.05157,58.63066]]]}},{"type":"Feature","id":"Q545","properties":{"id":"Q545","regionType":"sea"},"geometry":{"type":"Polygon","coordinates":[[[22.94003,59.80911],[23.48139,59.07092],[23.47715,59.02596],[22.91992,58.98095],[22.72521,59.01536],[22.70247,59.07464],[22.64955,59.08732],[22.58708,59.08099],[22.46274,58.9741],[22.05636,58.94338],[22.16162,58.89842],[22.41086,58.86349],[22.47861,58.75396],[22.47277,58.71215],[22.52145,58.6968],[22.46274,58.60263],[22.32833,58.58092],[22.26642,58.5079],[22.1685,58.51583],[22.08122,58.47824],[22.00184,58.51054],[21.86211,58.49731],[21.98437,58.38672],[21.92459,58.3158],[21.85472,58.30151],[21.88226,58.26236],[22.18069,58.15599],[21.98541,57.99514],[21.97802,57.96339],[22.02194,57.93269],[21.73989,57.57287],[21.45944,57.32255],[21.35098,57.01776],[21.07156,56.82356],[21.03136,56.63675],[21.01492,56.25894],[21.06205,55.81339],[21.15833,55.64087],[21.08794,55.58317],[21.01389,55.40168],[20.67892,55.10271],[20.52017,54.99476],[20.39687,54.95137],[20.10743,54.95665],[19.97457,54.9212],[19.94388,54.75028],[19.85872,54.63388],[19.56023,54.43489],[19.40732,54.38622],[18.97603,54.34916],[18.83635,54.36981],[18.66969,54.43066],[18.43632,54.74498],[18.79987,54.63333],[18.75909,54.68467],[18.32362,54.83813],[17.84313,54.81696],[17.26208,54.72963],[16.88531,54.59631],[16.5599,54.55396],[16.18628,54.29043],[15.2883,54.14016],[14.38396,53.92477],[14.24955,53.93219],[13.82782,54.12745],[13.80451,54.04332],[13.72405,54.15339],[13.44784,54.14068],[13.14729,54.2825],[13.02875,54.4111],[12.57523,54.46717],[12.4637,54.3991],[12.0564,54.84613],[12.08999,55.1879],[12.32233,55.23709],[12.40909,55.30166],[12.88586,55.41119],[13.32139,55.34665],[13.80611,55.42868],[14.17384,55.39639],[14.34164,55.52762],[14.20299,55.72923],[14.21513,55.83241],[14.40194,55.97689],[14.55857,56.04885],[14.65542,56.01973],[14.75489,56.03296],[14.71417,56.13404],[14.78187,56.1621],[15.32638,56.15099],[15.62642,56.18538],[15.82646,56.12505],[15.99683,56.22243],[16.15083,56.50076],[16.34875,56.70925],[16.52812,57.06804],[16.47629,57.26488],[16.6308,57.42998],[16.6525,57.50088],[16.60434,57.56809],[16.58636,57.76071],[16.55566,57.81203],[16.5969,57.91311],[16.69483,57.91734],[16.7001,58.16074],[16.76996,58.2142],[16.65194,58.43434],[16.92396,58.49255],[16.78846,58.58516],[16.21434,58.63647],[16.31593,58.66345],[16.97791,58.65394],[17.34781,58.78042],[17.45679,58.85819],[18.28548,59.10954],[18.37333,59.17993],[18.4141,59.29054],[18.61781,59.32702],[18.50882,59.408],[18.13257,59.31646],[17.97966,59.32917],[17.96855,59.3609],[18.16378,59.43022],[18.27649,59.43764],[18.97076,59.75726],[20.20531,59.82234],[20.78739,59.66359],[22.37489,59.82234],[22.93052,59.82234],[22.94003,59.80911]],[[18.9565,57.89988],[18.8411,57.90042],[18.80514,57.83321],[18.72204,57.86391],[18.5374,57.83055],[18.13629,57.55646],[18.15215,57.33895],[18.10502,57.27175],[18.20982,57.13313],[18.28548,57.08339],[18.14631,56.9204],[18.34,56.97807],[18.38707,57.0876],[18.47756,57.16328],[18.69982,57.24266],[18.78504,57.3612],[18.90782,57.39823],[18.79082,57.4829],[18.81413,57.70619],[18.94539,57.74167],[18.9935,57.81203],[19.07659,57.83585],[18.9565,57.89988]],[[17.08907,57.33208],[17.02556,57.34531],[16.99589,57.31779],[16.72764,56.90188],[16.63028,56.87699],[16.41226,56.56903],[16.40115,56.31077],[16.43184,56.2436],[16.47732,56.24042],[16.52864,56.29067],[16.77792,56.80503],[16.83823,56.84048],[16.88376,56.98495],[17.05362,57.20824],[17.05041,57.28023],[17.11764,57.31991],[17.08907,57.33208]],[[14.68399,55.10217],[15.05069,55.00481],[15.13694,55.08736],[15.1327,55.14449],[14.76549,55.29691],[14.7136,55.23818],[14.68399,55.10217]],[[13.18114,54.50897],[13.16212,54.36451],[13.36423,54.24599],[13.41451,54.24969],[13.48226,54.33751],[13.59496,54.33805],[13.70715,54.2809],[13.73413,54.31531],[13.70927,54.38252],[13.60184,54.42536],[13.58065,54.46401],[13.67062,54.53543],[13.65739,54.55977],[13.49125,54.61532],[13.42299,54.69948],[13.33674,54.69736],[13.2399,54.63863],[13.23142,54.58253],[13.1769,54.54442],[13.18114,54.50897]],[[12.31013,55.04077],[12.27417,55.06408],[12.25882,55.02122],[12.16198,54.97463],[12.11914,54.91432],[12.18471,54.89262],[12.35778,54.96194],[12.54934,54.96566],[12.41705,55.03127],[12.31013,55.04077]]]}},{"type":"Feature","id":"Q58705","properties":{"id":"Q58705","regionType":"sea"},"geometry":{"type":"Polygon","coordinates":[[[73.12301,-0.68048],[51.38806,10.40877],[51.36899,10.47543],[51.19277,10.55481],[51.18802,10.47967],[51.0319,10.44474],[51.14094,10.65695],[51.0843,11.33587],[51.26739,11.83062],[51.26104,15.20936],[52.21777,15.65545],[52.17385,15.95706],[52.23736,16.17139],[52.58132,16.47036],[53.29781,16.7233],[53.60999,16.75983],[54.06826,17.00534],[54.56673,17.03129],[54.77209,16.9646],[55.06416,17.0387],[55.27531,17.32073],[55.25521,17.58585],[55.47902,17.84302],[56.38336,17.98802],[56.55058,18.16582],[56.65482,18.58755],[56.82576,18.75371],[57.17659,18.90241],[57.81159,19.01724],[58.64823,20.20786],[58.77205,20.26662],[58.83499,20.42377],[58.9509,20.51637],[58.88424,20.68042],[58.64131,20.33752],[58.48101,20.41741],[58.89587,21.11274],[59.3716,21.49902],[59.80021,22.21975],[59.8309,22.4616],[61.40569,25.10371],[61.53323,25.19526],[61.90788,25.13123],[62.19841,25.2249],[62.31535,25.13495],[62.66458,25.26458],[63.49114,25.21061],[63.55677,25.35295],[63.93566,25.34238],[64.05948,25.40269],[64.65903,25.18415],[64.77649,25.30745],[66.46771,25.44504],[66.3566,25.50746],[66.13114,25.49317],[66.21899,25.59002],[66.42853,25.57521],[66.69844,25.2265],[66.70319,24.86083],[67.17149,24.75606],[67.30962,24.17504],[67.56309,23.88188],[67.64562,23.91996],[67.66841,23.81098],[67.8192,23.8279],[67.85992,23.90252],[67.95097,23.82842],[68.03722,23.848],[68.11551,23.75328],[68.16528,23.85754],[68.23514,23.59719],[68.77697,23.85224],[68.41766,23.57125],[68.64044,23.18972],[68.8024,23.06536],[69.01354,22.40814],[68.97014,22.29014],[69.00874,22.19702],[70.03431,21.17889],[70.48513,20.84023],[70.85819,20.71799],[72.66903,19.83587],[72.7267,19.57816],[72.79921,19.51995],[72.78809,19.3628],[72.98705,19.27758],[72.81135,19.29877],[72.80287,19.07915],[72.83465,18.97543],[72.97222,19.15325],[73.00555,19.02096],[72.87538,18.64258],[73.15582,17.62182],[73.33736,16.45977],[73.47601,16.05445],[73.67972,15.70889],[73.83263,15.65915],[73.77181,15.5729],[73.93211,15.39723],[73.8009,15.39723],[73.94906,15.07495],[74.34593,14.55637],[72.46951,13.56419],[71.65778,13.00009],[71.37573,12.40002],[71.83451,9.40175],[72.32823,4.63925],[72.53989,0.97002],[73.12301,-0.68048]],[[53.59836,12.34235],[54.12965,12.36085],[54.51117,12.55296],[54.18732,12.66406],[53.82486,12.62491],[53.53485,12.71592],[53.3158,12.53337],[53.4994,12.42542],[53.59836,12.34235]]]}},{"type":"Feature","id":"Q37660","properties":{"id":"Q37660","regionType":"sea"},"geometry":{"type":"Polygon","coordinates":[[[120.82211,21.93083],[121.38456,21.23129],[121.79523,20.86614],[121.79043,20.70106],[121.86246,20.75556],[122.05351,20.44069],[122.26621,19.65066],[122.26621,19.05747],[122.17945,18.49285],[121.94768,18.28488],[121.59313,18.37642],[121.10148,18.61507],[120.81364,18.60344],[120.5998,18.50766],[120.35858,17.63823],[120.42472,17.43821],[120.41997,17.09002],[120.30514,16.5291],[120.38876,16.1608],[120.33687,16.06662],[120.15962,16.04755],[119.83101,16.32642],[119.77277,16.255],[119.76905,16.0084],[119.89184,15.83748],[120.08237,14.85111],[120.25062,14.79344],[120.43899,14.45317],[120.58874,14.48335],[120.58347,14.88129],[120.94118,14.64526],[120.92211,14.49286],[120.64275,14.24417],[120.61727,13.99545],[120.63691,13.80443],[120.72899,13.90073],[120.84061,13.88486],[120.97399,13.75996],[120.93379,13.49698],[120.46813,13.52238],[120.35268,13.47316],[120.33847,13.41231],[120.45542,13.39326],[120.50834,13.25991],[120.68031,13.1308],[120.7708,12.82759],[120.19347,12.16719],[119.88543,12.3],[119.89928,12.17352],[119.30551,10.9739],[119.26107,10.84533],[119.31296,10.6871],[119.22397,10.47755],[119.02403,10.35374],[118.11489,9.34672],[117.88472,9.24088],[117.34972,8.71383],[117.04384,8.06191],[117.07981,7.88358],[117.02855,7.80738],[116.97191,7.94019],[116.82427,7.68989],[116.77027,6.98717],[116.53798,6.58288],[116.13847,6.12939],[116.05961,5.88228],[115.87699,5.61346],[115.74108,5.53302],[115.60398,5.60341],[115.41877,5.4129],[115.46689,5.25415],[115.58176,5.19436],[115.5198,5.04884],[115.3749,4.93295],[115.13993,4.8996],[115.02671,4.8996],[115.04784,5.01654],[114.99544,5.02238],[114.42447,4.66041],[114.0123,4.57522],[113.92388,4.24344],[112.98781,3.16182],[111.72784,2.85386],[111.5125,2.74324],[111.44315,2.63423],[111.44372,2.3813],[111.35163,2.36438],[111.24208,2.4358],[111.20875,2.37973],[111.20875,2.19767],[111.26802,2.14],[111.15423,1.73889],[111.02881,1.55792],[111.22301,1.39599],[111.09868,1.40077],[110.89497,1.53252],[110.67534,1.54786],[110.34937,1.71984],[110.11388,1.69868],[109.86464,1.76429],[109.71969,1.85795],[109.62864,2.02729],[109.37837,1.92252],[109.0757,1.49601],[109.01002,1.23987],[109.13177,1.25367],[108.95875,1.13461],[108.90584,0.7938],[108.94444,0.35564],[109.2577,0.03127],[109.19476,-0.00946],[109.12169,-0.26505],[109.13017,-0.4455],[109.37248,-0.6381],[109.27093,-0.73179],[109.28892,-0.84558],[109.68155,-0.94449],[109.98319,-1.2747],[110.03611,-1.52554],[109.95994,-1.86262],[110.09646,-2.00127],[110.23191,-2.90985],[108.27611,-2.87492],[108.13643,-2.61932],[107.83789,-2.53044],[106.82354,-2.57648],[106.36584,-2.46481],[106.20864,-2.1886],[106.16156,-1.86686],[106.02715,-1.59329],[105.91021,-1.50492],[105.72025,-1.53401],[105.75461,-1.65887],[105.70066,-1.73085],[105.58532,-1.52657],[105.45933,-1.57474],[105.37308,-1.65732],[105.37468,-1.81338],[105.19108,-1.91714],[105.13341,-2.04251],[105.34296,-2.12509],[105.55302,-2.07905],[105.78582,-2.18116],[105.9393,-2.49339],[105.90809,-2.64315],[105.99857,-2.82463],[106.39757,-2.96643],[106.55632,-3.05749],[106.53146,-3.10193],[106.05836,-3.21727],[105.8991,-2.88763],[105.58211,-2.49179],[105.39691,-2.38016],[104.97094,-2.3706],[104.6508,-2.59498],[104.64708,-2.42988],[104.82593,-2.23407],[104.845,-2.09279],[104.56874,-1.9219],[104.51582,-1.81922],[104.36079,-1.03818],[104.19832,-1.05404],[103.72104,-0.88682],[103.53268,-0.75453],[103.43847,-0.57568],[103.50937,-0.4656],[103.40514,-0.36241],[103.42839,-0.19151],[103.78667,0.04713],[103.67288,0.28897],[103.47868,0.48002],[103.33899,0.51387],[102.89608,0.27838],[102.55,0.21647],[103.0077,0.41543],[103.06645,0.49217],[102.90719,0.68585],[102.94212,0.743],[103.00878,0.70807],[103.00666,0.84036],[103.13735,0.84145],[103.37972,1.13352],[103.42364,1.04831],[103.94805,1.09223],[104.02479,1.1806],[104.13962,1.16582],[104.13166,1.10655],[104.24752,1.09068],[104.25181,1.01498],[104.43913,1.05043],[104.42854,0.95627],[104.5751,0.83189],[104.66289,1.04939],[104.58517,1.2161],[104.43014,1.19543],[104.48936,1.26266],[104.42167,1.40764],[104.27666,1.4124],[104.21848,1.72302],[103.81204,2.58026],[103.53743,2.775],[103.43951,2.93323],[103.45377,3.52059],[103.36173,3.76931],[103.46865,4.3932],[103.41573,4.8504],[103.09715,5.40866],[102.53414,5.86269],[102.34893,6.15797],[104.74868,8.608],[105.11434,8.62916],[105.32228,8.80114],[105.50114,9.09324],[106.16844,9.397],[106.206,9.50229],[106.15836,9.59438],[105.83083,10.00079],[106.37798,9.55626],[106.48382,9.55944],[106.57218,9.64094],[106.56428,9.71556],[106.13614,10.22196],[106.59549,9.86002],[106.78545,10.11667],[106.46423,10.29816],[106.75739,10.29552],[106.74101,10.44422],[106.60603,10.46484],[106.72721,10.53576],[106.81294,10.43311],[106.94735,10.4003],[107.00663,10.66064],[107.0876,10.4982],[107.2617,10.39818],[107.84539,10.70033],[108.00145,10.72043],[108.09514,10.89719],[108.27187,10.93422],[108.82062,11.31523],[108.98676,11.33639],[109.03968,11.5925],[109.13228,11.60097],[109.19843,11.72479],[109.15771,11.83698],[109.19895,11.99891],[109.24711,11.90842],[109.2593,11.95446],[109.20691,12.41537],[109.30478,12.39103],[109.2191,12.64608],[109.33548,12.75191],[109.44503,12.59952],[109.42384,12.95616],[109.27202,13.2795],[109.24711,13.85468],[109.28788,13.76526],[109.30323,13.85629],[109.08469,14.71618],[108.82114,15.37816],[108.57774,15.58453],[108.26763,16.0899],[108.20888,16.09096],[108.02951,16.3312],[107.83371,16.32272],[107.54954,16.64234],[107.18021,16.89794],[107.1199,17.05563],[106.35576,17.76525],[106.47906,17.71972],[106.48433,17.9187],[108.69944,18.53835],[109.51914,18.21819],[109.70274,18.25894],[109.81545,18.39653],[110.06732,18.44732],[110.0483,18.50502],[110.45153,18.7479],[110.64093,19.29135],[110.82247,19.55806],[111.01346,19.65542],[110.93832,19.94752],[110.67111,20.13696],[110.56951,20.40842],[110.21656,20.19675],[109.93399,20.28142],[110.34461,20.29465],[110.51768,20.45976],[110.31288,20.67143],[110.36523,20.83757],[110.18059,20.85875],[110.15413,20.94446],[110.37479,21.17253],[110.41076,21.33818],[110.45784,21.23075],[110.56687,21.21382],[110.77115,21.38632],[110.99656,21.43024],[111.01667,21.51174],[111.31933,21.48634],[111.60294,21.55936],[111.776,21.71917],[111.87336,21.71705],[111.94374,21.84988],[112.30517,21.74193],[112.38986,21.8012],[112.35968,21.97793],[112.58618,21.77684],[112.80844,21.9446],[112.95396,21.90755],[113.08889,22.20813],[113.1492,22.07478],[113.54819,22.22242],[113.55289,22.59389],[113.33125,22.91191],[113.44184,22.94049],[113.44551,23.05531],[113.51961,23.10187],[113.62069,23.12727],[113.61961,22.86163],[113.82812,22.60712],[114.01545,22.51186],[113.90274,22.39597],[114.26784,22.29544],[114.33507,22.39597],[114.26629,22.54098],[114.34091,22.59335],[114.55407,22.52881],[114.54462,22.62087],[114.65148,22.75528],[114.75044,22.62616],[114.85364,22.61663],[115.196,22.81719],[115.49815,22.71877],[115.64052,22.8537],[115.85219,22.80132],[116.15749,22.88757],[116.25164,22.98123],[116.4708,22.94578],[116.53798,23.17967],[116.69885,23.27757],[116.62955,23.35377],[116.86075,23.45325],[116.91052,23.64693],[117.0825,23.57866],[117.29101,23.71413],[117.3677,23.58872],[117.46087,23.7554],[117.51906,23.75963],[120.09399,23.07753],[120.31625,22.54785],[120.58135,22.35628],[120.74274,21.95623],[120.82211,21.93083]],[[109.47624,-0.98526],[109.42808,-1.24137],[109.51066,-1.28266],[109.75085,-1.14505],[109.74346,-1.03921],[109.61437,-0.97891],[109.47624,-0.98526]],[[108.10041,3.70473],[108.17978,3.65288],[108.3158,3.68941],[108.39352,3.83599],[108.39305,3.98627],[108.24805,4.21698],[108.00357,4.04236],[108.04434,3.88891],[108.2433,3.81057],[108.18614,3.76825],[108.10041,3.70473]],[[104.4735,-0.21213],[104.70212,-0.20898],[104.9143,-0.32329],[105.0053,-0.28303],[104.54285,0.01752],[104.44704,-0.18939],[104.4735,-0.21213]],[[104.47407,-0.33492],[104.30209,-0.38571],[104.25708,-0.46349],[104.36291,-0.65877],[104.41371,-0.58363],[104.50631,-0.59686],[104.56771,-0.43176],[104.47407,-0.33492]],[[103.72367,-0.27673],[103.54906,-0.22748],[103.46121,-0.35765],[103.60621,-0.38308],[103.76445,-0.31796],[103.72367,-0.27673]]]}},{"type":"Feature","id":"Q27092","properties":{"id":"Q27092","regionType":"sea"},"geometry":{"type":"Polygon","coordinates":[[[130.89445,34.27537],[130.61716,35.01736],[130.20603,35.57995],[129.60017,36.05599],[129.45812,36.00667],[129.40361,36.05217],[129.47347,36.74168],[129.33534,37.27455],[128.61885,38.17625],[128.31303,38.6943],[128.31303,40.04104],[128.61094,40.19765],[128.70143,40.3178],[129.10993,40.49084],[129.34118,40.7263],[129.70896,40.85753],[129.76612,41.30363],[129.68617,41.59519],[129.75656,41.71213],[130.23544,42.18311],[130.4577,42.30163],[130.63655,42.27463],[130.72973,42.32597],[130.83396,42.52283],[130.70957,42.65618],[131.15833,42.626],[131.79493,43.25519],[132.01296,43.28005],[131.86635,43.09538],[131.94733,43.09538],[132.30979,43.3134],[132.304,42.88317],[132.70873,42.87578],[132.86324,42.79377],[132.99667,42.80806],[133.16017,42.69693],[134.01056,42.94722],[135.1308,43.52559],[135.48323,43.83515],[135.53295,43.97168],[135.87479,44.37331],[136.14257,44.48922],[136.25104,44.66699],[136.80346,45.1713],[137.68558,45.81847],[138.10623,46.25079],[138.20999,46.463],[138.33701,46.54344],[138.58677,47.05726],[139.00111,47.38323],[139.37261,47.88752],[140.11344,48.4225],[140.22403,48.77281],[140.37854,48.96438],[140.30919,49.0538],[140.51719,49.5962],[140.46267,49.91158],[140.62457,50.0825],[140.53569,50.13063],[140.47642,50.54606],[140.68757,51.23238],[140.93257,51.61974],[141.25849,51.8605],[141.68291,51.91024],[141.80833,51.78906],[141.72208,51.73615],[142.00573,51.52078],[142.2068,51.22233],[142.20784,50.99849],[142.06604,50.63019],[142.15337,50.21691],[142.14226,49.56922],[142.01999,49.07868],[141.86657,48.75005],[142.13539,48.29021],[142.18195,48.01345],[141.96392,47.58748],[142.03854,47.14033],[141.83055,46.45083],[141.9618,46.01321],[142.07027,45.92167],[141.94641,45.50415],[141.66813,45.40149],[141.59402,45.25597],[141.58291,45.15595],[141.78239,44.71621],[141.7612,44.48232],[141.66064,44.26378],[141.64482,44.0193],[141.39771,43.64256],[141.37388,43.27953],[141.29611,43.19964],[141.13839,43.18005],[140.81934,43.20545],[140.48701,43.33828],[140.39229,43.30335],[140.39756,43.16734],[140.48649,43.04988],[140.43249,42.9541],[139.85997,42.58156],[139.83563,42.27835],[140.0568,42.06723],[140.10812,41.91269],[140.00916,41.52111],[140.14409,41.42427],[140.34361,41.00571],[140.25261,40.80885],[140.02926,40.73317],[139.92291,40.59825],[140.01123,40.2601],[139.90808,40.02198],[139.74142,39.92092],[139.9949,39.85529],[140.05463,39.74946],[140.04833,39.46372],[139.80173,38.88163],[139.52077,38.50274],[139.40114,38.14238],[138.8852,37.84394],[138.63281,37.47192],[138.32006,37.21845],[137.51417,36.95175],[137.2977,36.75386],[137.01673,36.83744],[136.99451,37.02691],[136.89979,37.11792],[137.33739,37.43753],[137.32261,37.52221],[136.84372,37.38198],[136.71934,37.19835],[136.74951,36.95123],[136.6982,36.7422],[136.06739,36.11674],[136.00605,35.99077],[136.09539,35.76748],[135.79484,35.54946],[135.68059,35.5029],[135.32712,35.52566],[135.23188,35.59181],[135.26568,35.72198],[135.17416,35.74684],[133.98141,35.50713],[133.37659,35.45897],[133.26704,35.55636],[132.92308,35.51137],[132.69767,35.41823],[132.2595,35.02241],[131.35465,34.41335],[131.00433,34.39271],[130.90434,34.29959],[130.89445,34.27537]],[[138.22534,37.82911],[138.4968,37.90373],[138.57514,38.06566],[138.45344,38.07571],[138.50367,38.31596],[138.2502,38.07835],[138.24601,37.99473],[138.32161,37.99104],[138.2825,37.85399],[138.22534,37.82911]]]}},{"type":"Feature","id":"Q44725","properties":{"id":"Q44725","regionType":"sea"},"geometry":{"type":"MultiPolygon","coordinates":[[[[179.9999,50.98684],[178.21448,51.06464],[175.78031,51.43505],[173.18739,51.9113],[170.32989,52.8638],[167.04906,54.1338],[164.77364,55.19214],[163.30624,56.18856],[163.33539,56.23248],[163.2433,56.56479],[163.25653,56.68809],[162.85014,56.75687],[162.8025,56.81137],[162.80834,57.10295],[162.76178,57.24372],[162.77919,57.35748],[163.10889,57.56491],[163.21684,57.71415],[166.26058,59.81917],[166.25789,59.85516],[166.96384,60.30707],[167.22688,60.40655],[168.13757,60.57377],[169.2266,60.59599],[169.6181,60.43776],[169.88697,60.21816],[169.98278,60.06683],[170.15419,59.98585],[170.35108,59.96575],[170.60822,60.43512],[170.94955,60.52297],[172.39261,61.06165],[172.36243,61.11668],[172.39623,61.16748],[172.58469,61.19022],[172.73068,61.3146],[172.90793,61.3114],[172.8069,61.4363],[172.85666,61.46912],[173.13184,61.40667],[173.62344,61.71623],[173.82239,61.67918],[174.13886,61.79507],[174.51455,61.82364],[174.71505,61.948],[175.19239,62.03425],[175.26809,62.10251],[176.32854,62.34594],[176.70263,62.50575],[177.15929,62.56078],[177.18947,62.59148],[176.96458,62.65866],[177.02334,62.7772],[177.25882,62.75023],[177.33923,62.78144],[177.35985,62.737],[177.29267,62.59889],[178.01919,62.54704],[179.12036,62.32054],[179.17705,62.46924],[179.52788,62.65339],[179.9999,62.65339],[179.9999,50.98684]],[[178.9257,51.53505],[179.27808,51.37208],[179.45166,51.3726],[178.90823,51.61551],[178.64789,51.64408],[178.74679,51.58693],[178.9257,51.53505]],[[177.26032,51.88378],[177.32864,51.84092],[177.59431,51.94781],[177.66939,52.10287],[177.56356,52.11026],[177.5202,52.01819],[177.25035,51.90283],[177.26032,51.88378]],[[172.77563,52.79714],[172.935,52.75213],[173.08053,52.81458],[173.43606,52.85215],[173.10218,52.99558],[172.67776,53.00775],[172.49472,52.93788],[172.72169,52.88551],[172.77563,52.79714]],[[167.67713,54.6979],[168.08145,54.51269],[167.8825,54.69049],[167.4417,54.85611],[167.48826,54.79474],[167.67713,54.6979]],[[166.52149,54.76774],[166.64526,54.69418],[166.65007,54.83919],[166.24792,55.16568],[166.22988,55.24242],[166.27593,55.31171],[165.93145,55.3514],[165.75095,55.29479],[165.99176,55.19056],[166.22988,54.93654],[166.46382,54.82699],[166.52149,54.76774]]],[[[-162.96098,54.30048],[-165.05119,53.61575],[-168.07219,52.70505],[-170.62966,52.03088],[-173.80466,51.50543],[-176.84261,51.20698],[-180.0,51.0821],[-180.0,61.65384],[-173.6951,64.36047],[-173.60356,64.36522],[-173.32735,64.53932],[-173.30936,64.4425],[-173.37551,64.41023],[-173.37551,64.35465],[-173.27549,64.28956],[-172.96011,64.32765],[-172.91564,64.36948],[-172.949,64.50759],[-172.90295,64.52609],[-172.79131,64.49911],[-172.73891,64.41235],[-172.40131,64.41392],[-172.39389,64.47477],[-172.48755,64.5441],[-172.90084,64.62877],[-172.92412,64.70497],[-172.80082,64.79067],[-173.08604,64.81713],[-172.99925,64.8764],[-172.59287,64.90816],[-172.21344,65.04786],[-172.28594,65.20556],[-172.66165,65.24842],[-172.30922,65.2754],[-172.21134,65.42515],[-172.23302,65.45585],[-172.41771,65.44949],[-172.3542,65.49608],[-172.78335,65.68129],[-172.4357,65.66963],[-172.28224,65.5823],[-171.95733,65.5421],[-171.90707,65.49608],[-171.46627,65.53311],[-171.16993,65.50189],[-171.05405,65.55006],[-171.45093,65.79397],[-170.66617,65.62147],[-170.56085,65.65641],[-170.54075,65.86544],[-170.15922,66.0083],[-169.83167,65.99879],[-169.73325,66.05592],[-168.08384,65.66168],[-167.987,65.56804],[-167.40386,65.42198],[-166.19734,65.30558],[-166.12169,65.26059],[-166.45188,65.24736],[-166.53125,65.15476],[-166.92867,65.15688],[-166.55084,64.95314],[-166.41537,64.92668],[-166.40849,64.82721],[-166.47833,64.79757],[-166.48151,64.72825],[-166.32488,64.62559],[-164.96334,64.45467],[-164.43575,63.20002],[-164.5252,63.12752],[-164.3749,63.05396],[-164.67759,63.02062],[-164.76384,62.97089],[-164.84533,62.80103],[-164.79293,62.62323],[-164.58922,62.70948],[-164.68816,62.6084],[-164.84427,62.58088],[-164.75803,62.49675],[-164.99985,62.53381],[-165.19459,62.47345],[-165.70735,62.1004],[-165.72533,61.95911],[-165.61263,61.86917],[-166.07882,61.80302],[-165.80894,61.69613],[-166.16825,61.6506],[-166.1529,61.54583],[-166.09417,61.50668],[-165.84545,61.5363],[-165.79729,61.49134],[-165.9063,61.404],[-165.86398,61.33574],[-165.69146,61.29977],[-165.56606,61.1024],[-165.38086,61.10609],[-165.39197,61.21247],[-165.27342,61.27492],[-165.24378,61.26856],[-165.34486,61.19766],[-165.20358,61.15265],[-165.1279,61.19234],[-165.13795,61.12991],[-165.0771,61.09446],[-164.86916,61.11193],[-165.17552,60.96587],[-165.06547,60.92088],[-164.80616,60.9299],[-164.8051,60.89179],[-164.89983,60.87326],[-165.01625,60.73991],[-165.35386,60.54096],[-165.0263,60.50073],[-165.06124,60.41236],[-164.79983,60.30707],[-164.66224,60.30387],[-164.47068,60.14938],[-164.13147,59.99432],[-164.14261,59.89696],[-163.90712,59.807],[-163.68062,59.8017],[-163.2192,59.84562],[-162.73236,59.99381],[-162.57098,59.98957],[-162.50059,60.12661],[-162.52705,60.19912],[-162.68474,60.26896],[-162.46884,60.39489],[-162.13811,60.68542],[-161.94657,60.68487],[-162.13865,60.61452],[-162.42122,60.28379],[-162.24237,60.17847],[-161.82854,59.58846],[-161.87247,59.4281],[-162.02328,59.28419],[-161.98096,59.14608],[-161.89099,59.07621],[-161.64439,59.10954],[-161.78885,59.01642],[-161.72431,58.79416],[-162.14501,58.64443],[-161.43802,55.96842],[-162.15718,55.71918],[-162.90646,55.19531],[-163.11443,55.19371],[-163.279,55.12175],[-163.29646,54.94926],[-163.37901,54.81536],[-163.55311,55.03762],[-163.86795,55.0392],[-164.27384,54.90003],[-164.47861,54.90691],[-164.70617,54.69206],[-164.88766,54.60793],[-164.90406,54.54497],[-164.82363,54.419],[-164.5908,54.4042],[-164.40347,54.44761],[-164.23467,54.57142],[-164.07329,54.62116],[-163.58327,54.6254],[-163.35785,54.73547],[-163.09221,54.66403],[-162.96098,54.30048]],[[-166.24708,60.3912],[-166.73075,60.31606],[-166.83658,60.2171],[-167.43667,60.20651],[-167.13873,60.00861],[-166.14866,59.76413],[-166.10686,59.77524],[-166.09999,59.84986],[-165.59198,59.91337],[-165.63061,60.02817],[-165.7121,60.06946],[-165.68936,60.22397],[-165.72957,60.31394],[-166.04389,60.33404],[-166.18517,60.39701],[-166.24708,60.3912]],[[-165.89307,54.20682],[-166.04126,54.19147],[-166.10262,54.1137],[-166.03647,54.04701],[-165.69306,54.09993],[-165.7645,54.1523],[-165.89307,54.20682]],[[-167.07153,53.78349],[-166.74134,53.7131],[-166.8186,53.64115],[-166.89428,53.69724],[-167.01598,53.6983],[-167.1361,53.52632],[-167.80867,53.32364],[-167.62876,53.25962],[-166.77043,53.47604],[-166.30953,53.69724],[-166.54926,53.70093],[-166.48893,53.78561],[-166.2307,53.93273],[-166.3725,53.99887],[-166.572,53.85335],[-166.62758,53.99567],[-166.73393,54.00203],[-167.0382,53.94224],[-167.11811,53.8724],[-167.1054,53.81312],[-167.07153,53.78349]],[[-167.82825,53.50779],[-168.07325,53.55699],[-168.28755,53.50038],[-168.39656,53.40883],[-168.38016,53.28344],[-168.68972,53.22735],[-168.77757,53.149],[-168.7961,53.04477],[-169.08872,52.83205],[-168.50557,53.04317],[-168.27063,53.23791],[-167.86528,53.38713],[-167.80443,53.48506],[-167.82825,53.50779]],[[-171.6319,63.35135],[-171.40119,63.33918],[-171.06146,63.44608],[-170.8482,63.4445],[-170.42435,63.34923],[-170.18937,63.1963],[-169.81844,63.12222],[-169.6761,62.95608],[-169.36495,63.1709],[-168.85219,63.17144],[-168.76117,63.21377],[-168.71618,63.31061],[-169.55437,63.37357],[-169.62424,63.43073],[-170.01739,63.49158],[-170.12165,63.61754],[-170.43016,63.69901],[-171.03501,63.58524],[-171.44775,63.61594],[-171.6467,63.72707],[-171.7462,63.70324],[-171.81816,63.52969],[-171.79116,63.42491],[-171.73773,63.39422],[-171.6319,63.35135]],[[-172.95851,60.46261],[-172.63574,60.32875],[-172.23196,60.29911],[-172.38753,60.39859],[-172.52618,60.39171],[-172.86009,60.50551],[-172.92412,60.6071],[-173.04742,60.56845],[-173.07387,60.49334],[-172.95851,60.46261]],[[-173.65702,52.14359],[-173.79406,52.10444],[-173.9925,52.12349],[-173.83587,52.04835],[-173.02308,52.07904],[-173.5533,52.1362],[-173.65702,52.14359]],[[-174.66773,52.13514],[-175.29531,52.02189],[-175.21382,51.99386],[-174.34333,52.07798],[-174.12055,52.13514],[-174.17931,52.20023],[-174.05495,52.24627],[-174.01844,52.332],[-174.16872,52.42037],[-174.30682,52.37802],[-174.43542,52.31717],[-174.25869,52.26901],[-174.30631,52.21609],[-174.47405,52.18382],[-174.66773,52.13514]],[[-176.59707,51.98168],[-176.69812,51.98592],[-176.73623,51.83986],[-176.87434,51.79066],[-176.96167,51.60385],[-176.83731,51.67581],[-176.77117,51.6298],[-176.45261,51.73563],[-176.43726,51.82027],[-176.58808,51.83299],[-176.54997,51.94412],[-176.59707,51.98168]],[[-177.67021,51.70121],[-177.17703,51.70387],[-177.06327,51.90177],[-177.13153,51.9298],[-177.25747,51.80495],[-177.66757,51.72134],[-177.67021,51.70121]],[[-177.87924,51.6499],[-177.77075,51.77795],[-177.64429,51.82609],[-177.79987,51.83986],[-177.95386,51.91817],[-178.19462,51.88221],[-177.98613,51.7642],[-178.05915,51.67266],[-177.90146,51.61657],[-177.87924,51.6499]]]]}},{"type":"Feature","id":"Q82931","properties":{"id":"Q82931","regionType":"sea"},"geometry":{"type":"Polygon","coordinates":[[[169.45625,-19.61141],[169.769,-20.15112],[169.73722,-20.20192],[169.83618,-20.26703],[167.53642,-22.60064],[167.4433,-22.54141],[167.47239,-22.66575],[159.04118,-29.01575],[159.04118,-29.87616],[153.27538,-29.87564],[153.34788,-29.29036],[153.60451,-28.85436],[153.6167,-28.67282],[153.57541,-28.2405],[153.11663,-27.19436],[153.16216,-26.98269],[153.08433,-26.30377],[153.16474,-25.96405],[152.92031,-25.68887],[152.91339,-25.43225],[152.65407,-25.20203],[152.45625,-24.80252],[152.12971,-24.59772],[151.8318,-24.12308],[151.50055,-24.01249],[151.15391,-23.78387],[150.84333,-23.4579],[150.76396,-22.5763],[150.62267,-22.36732],[150.56867,-22.38422],[150.54118,-22.55883],[150.02043,-22.16831],[149.94163,-22.30804],[149.97444,-22.55092],[149.82257,-22.39005],[149.70397,-22.44034],[149.52414,-22.02388],[149.45427,-21.57884],[149.32937,-21.47616],[149.20503,-21.12481],[148.68382,-20.58029],[148.72982,-20.46759],[148.8849,-20.48082],[148.75943,-20.28925],[148.60068,-20.14533],[148.36684,-20.08766],[147.74244,-19.77016],[147.41858,-19.37804],[147.13865,-19.39339],[147.00263,-19.25577],[146.69201,-19.18751],[146.38345,-18.97693],[146.29674,-18.84092],[146.33322,-18.5536],[146.2232,-18.50967],[146.03215,-18.27258],[146.12579,-17.63546],[145.90193,-17.07033],[145.912,-16.91266],[145.75486,-16.87933],[145.42624,-16.40623],[145.45803,-16.05644],[145.27173,-15.47647],[145.2876,-14.94307],[144.64784,-14.49276],[144.47318,-14.2319],[144.20968,-14.30171],[143.96204,-14.46315],[143.75622,-14.34884],[143.54822,-13.74081],[143.58682,-13.44342],[143.40161,-12.64016],[143.25403,-12.3978],[143.11011,-12.30359],[143.17889,-11.95436],[142.98836,-11.91891],[142.87245,-11.82155],[142.77984,-11.11508],[143.07833,-9.09262],[143.37361,-8.94286],[146.62638,-8.94286],[146.85608,-9.08787],[146.96403,-9.05981],[146.92538,-9.24714],[147.01747,-9.3879],[147.4085,-9.67471],[147.55299,-9.91231],[147.76889,-10.06998],[149.7543,-10.35312],[150.01677,-10.57692],[150.32,-10.6547],[150.68034,-10.56582],[151.27989,-10.98915],[153.18489,-11.23575],[153.28437,-11.34954],[153.20339,-11.32412],[153.32246,-11.47175],[153.28701,-11.51671],[153.35687,-11.49506],[153.37909,-11.5596],[153.55366,-11.6305],[159.98257,-11.51883],[160.00375,-11.57971],[160.27045,-11.66384],[160.50646,-11.83209],[160.57628,-11.79773],[160.52336,-11.74905],[162.1183,-10.82192],[162.37332,-10.82353],[162.28759,-10.73568],[167.15489,-9.89536],[167.50412,-13.73286],[167.39198,-13.78846],[167.45121,-13.90964],[167.50784,-13.8821],[167.50784,-14.14296],[167.411,-14.19748],[167.40356,-14.28161],[167.55916,-14.2922],[168.07194,-14.86953],[168.15866,-15.4696],[168.12274,-15.68075],[168.21219,-15.97019],[168.19416,-16.11519],[168.16403,-16.08186],[167.92906,-16.22898],[168.02166,-16.31575],[168.2063,-16.34484],[168.30635,-16.69464],[168.19896,-16.59408],[168.12434,-16.68989],[168.1815,-16.80414],[168.31906,-16.78828],[168.35451,-17.55082],[168.27302,-17.55242],[168.15819,-17.71065],[168.45507,-17.80269],[169.02444,-18.5737],[168.98682,-18.8711],[169.20118,-18.96318],[169.21761,-19.47643],[169.43827,-19.64898],[169.45625,-19.61141]],[[167.96663,-21.64183],[168.12062,-21.61589],[168.13912,-21.44546],[168.01107,-21.43016],[167.98833,-21.33808],[167.81532,-21.39254],[167.87557,-21.58199],[167.94125,-21.60581],[167.96663,-21.64183]],[[167.72003,-15.47756],[167.84441,-15.48179],[168.00259,-15.28336],[167.82643,-15.31193],[167.67398,-15.45162],[167.72003,-15.47756]],[[167.15174,-16.08026],[167.21789,-16.1554],[167.34909,-16.15436],[167.44909,-16.55491],[167.75971,-16.5163],[167.83645,-16.44964],[167.68142,-16.26071],[167.41255,-16.09612],[167.33586,-15.91675],[167.2538,-15.87655],[167.18295,-15.92838],[167.15174,-16.08026]],[[167.20409,-20.67341],[167.05593,-20.71998],[167.18931,-20.80359],[167.03268,-20.92265],[167.13371,-21.06078],[167.40098,-21.16078],[167.43059,-21.05551],[167.29349,-20.89144],[167.26869,-20.70044],[167.20409,-20.67341]],[[166.75853,-15.63098],[167.09402,-15.58075],[167.20088,-15.44314],[167.07552,-14.93568],[166.98715,-14.93991],[166.92307,-15.13939],[166.81042,-15.15742],[166.74582,-14.82669],[166.56754,-14.642],[166.52728,-14.84995],[166.64795,-15.21137],[166.631,-15.40609],[166.75905,-15.56696],[166.75853,-15.63098]],[[164.05979,-20.14161],[164.03705,-20.2337],[164.15818,-20.34801],[164.16986,-20.4803],[164.92764,-21.28992],[165.32875,-21.57987],[166.09604,-21.95664],[166.17645,-22.08894],[166.46801,-22.25616],[166.77388,-22.37631],[166.9702,-22.32282],[167.0041,-22.26148],[166.94219,-22.09002],[165.66263,-21.26718],[165.19171,-20.76871],[164.9758,-20.68086],[164.43599,-20.28238],[164.31538,-20.30884],[164.2021,-20.24584],[164.05979,-20.14161]],[[165.96799,-10.7796],[166.13309,-10.7579],[166.16219,-10.69284],[165.86004,-10.70286],[165.79126,-10.78487],[165.90396,-10.85159],[165.96799,-10.7796]],[[152.97818,-25.5432],[153.05209,-25.77832],[153.34995,-25.06286],[153.28225,-24.73849],[153.14355,-24.81471],[153.24205,-24.92266],[153.22773,-25.00571],[153.03834,-25.19304],[152.99917,-25.44863],[152.97818,-25.5432]],[[151.18414,-23.74046],[151.23809,-23.77591],[151.29576,-23.72036],[151.24021,-23.52988],[151.05975,-23.46053],[151.03329,-23.5304],[151.18414,-23.74046]]]}},{"type":"Feature","id":"Q33254","properties":{"id":"Q33254","regionType":"sea"},"geometry":{"type":"Polygon","coordinates":[[[167.52691,-47.24182],[166.38388,-48.15623],[166.09708,-50.59412],[166.07382,-50.67877],[165.89864,-50.79199],[146.36024,-43.51807],[146.54861,-43.50908],[146.69945,-43.60225],[146.87406,-43.61227],[147.07726,-43.2757],[146.98729,-43.2186],[146.99679,-43.15613],[147.17301,-43.25617],[147.245,-43.21592],[147.34768,-42.92648],[147.29791,-42.79103],[147.45243,-43.03339],[147.53656,-42.99634],[147.57361,-42.8455],[147.80011,-42.92808],[147.77416,-43.00321],[147.64818,-43.02068],[147.78574,-43.22015],[147.98108,-43.15721],[147.9123,-42.65874],[148.02288,-42.25918],[148.21388,-41.96974],[148.24142,-42.02162],[148.18323,-42.06498],[148.27739,-42.13645],[148.2901,-42.25494],[148.3425,-42.21525],[148.29269,-40.94685],[148.05409,-40.78919],[148.18215,-40.45577],[148.31914,-40.43464],[148.35253,-40.49706],[148.47428,-40.43252],[148.32607,-40.3071],[148.17156,-40.3579],[148.15941,-40.24731],[148.32343,-40.14463],[148.25093,-40.09967],[148.29749,-39.98588],[147.95141,-39.73452],[149.43938,-37.77821],[149.93264,-37.52846],[149.98602,-37.25855],[149.96013,-36.8453],[150.1951,-35.83352],[150.56764,-35.21439],[150.69042,-35.1779],[150.69729,-35.04189],[150.80468,-35.0128],[150.87139,-34.49898],[150.96027,-34.29682],[151.23173,-34.0296],[151.12486,-34.00526],[151.28041,-33.9264],[151.29209,-33.58084],[151.43229,-33.52162],[151.4836,-33.34752],[151.81278,-32.90089],[152.16413,-32.75748],[152.13664,-32.67811],[152.21601,-32.67811],[152.47052,-32.4389],[152.5594,-32.04574],[152.7859,-31.78648],[152.94413,-31.43457],[153.04785,-30.907],[153.03038,-30.56356],[153.27538,-29.87564],[159.04118,-29.87616],[159.04118,-31.5912],[171.98778,-34.06081],[172.44656,-34.23703],[172.72861,-34.4487],[173.19054,-35.01595],[173.11649,-35.2054],[173.37632,-35.50016],[173.4959,-35.36254],[173.62607,-35.31919],[173.41229,-35.54248],[174.05468,-36.35954],[174.09752,-36.39127],[174.16635,-36.32776],[173.91712,-36.01821],[173.91448,-35.90866],[174.03618,-36.12245],[174.25368,-36.2489],[174.26795,-36.16322],[174.39285,-36.23991],[174.35414,-36.37592],[174.45424,-36.51085],[174.40184,-36.6019],[174.18909,-36.49235],[174.47538,-36.94214],[174.60126,-36.98555],[174.78177,-36.94374],[174.92889,-37.08502],[174.80347,-37.10988],[174.73417,-37.2152],[174.65955,-37.08869],[174.58596,-37.09768],[174.70709,-37.32527],[174.7675,-37.33901],[174.72937,-37.44857],[174.9278,-37.80467],[174.80187,-37.89567],[174.84,-38.02269],[174.71562,-38.22537],[174.56638,-38.8413],[174.39864,-38.96248],[173.8441,-39.13921],[173.76364,-39.31863],[173.93453,-39.50911],[175.0093,-39.95203],[175.2543,-40.28963],[175.16226,-40.62145],[175.05219,-40.79234],[173.99964,-40.99341],[174.02398,-41.07227],[173.89701,-41.2395],[173.79805,-41.2718],[173.915,-41.07015],[173.89014,-41.00721],[174.00233,-40.91776],[173.73775,-40.98918],[173.2308,-41.28394],[173.11541,-41.27918],[172.98844,-40.84846],[172.76664,-40.77327],[172.70422,-40.66801],[172.73285,-40.54362],[172.94343,-40.51877],[172.64076,-40.51825],[172.27246,-40.75849],[172.1396,-40.94737],[171.94809,-41.5385],[171.73167,-41.71947],[171.4861,-41.79461],[171.25221,-42.40206],[171.31361,-42.4603],[171.18979,-42.50051],[171.02789,-42.69631],[171.01145,-42.88519],[170.97016,-42.71853],[170.7416,-42.92756],[170.73524,-43.02967],[170.66538,-42.96141],[170.52358,-43.009],[170.61194,-43.09158],[170.45846,-43.03758],[170.30292,-43.10745],[170.39604,-43.18207],[170.24044,-43.16408],[169.85891,-43.42603],[169.90816,-43.44665],[169.83514,-43.45879],[169.83406,-43.53714],[169.16945,-43.77686],[169.17896,-43.91339],[169.0662,-43.86363],[168.80642,-43.9922],[168.45766,-44.03034],[167.85656,-44.50075],[167.90896,-44.66477],[167.78726,-44.59495],[167.48511,-44.77168],[167.46604,-44.9585],[167.411,-44.82775],[167.19458,-44.96325],[167.25969,-45.08231],[167.12792,-45.05053],[167.02575,-45.1236],[167.03268,-45.22251],[167.23003,-45.29026],[167.11784,-45.3178],[167.15593,-45.41092],[166.86912,-45.31145],[166.91992,-45.40772],[166.77812,-45.40984],[166.74313,-45.46859],[166.73368,-45.54373],[166.99087,-45.53159],[166.79771,-45.64584],[166.8099,-45.69933],[167.00302,-45.71199],[166.51297,-45.81152],[166.47752,-45.90304],[166.49292,-45.96391],[166.71781,-45.88929],[166.65007,-46.04169],[166.73053,-46.0528],[166.91677,-45.95704],[166.71197,-46.13377],[166.73156,-46.1978],[167.36868,-46.24173],[167.53957,-46.14855],[167.68194,-46.19305],[167.84178,-46.36606],[167.96084,-46.36234],[167.97138,-46.48936],[167.85552,-46.69787],[167.78405,-46.69994],[167.77827,-46.83704],[167.53854,-47.19898],[167.52691,-47.24182]]]}},{"type":"Feature","id":"Q47545","properties":{"id":"Q47545","regionType":"sea"},"geometry":{"type":"Polygon","coordinates":[[[-1.56354,60.50496],[-6.64463,61.69293],[-7.29813,62.05595],[-7.11661,62.04696],[-7.09706,62.1004],[-7.23516,62.15119],[-7.40078,62.10781],[-13.85344,64.8616],[-13.85398,64.99283],[-13.65182,65.01665],[-13.55604,65.0976],[-13.75502,65.19233],[-13.64125,65.27488],[-13.80476,65.35477],[-13.66771,65.3987],[-13.61586,65.48706],[-13.66931,65.549],[-9.09887,70.85495],[-8.95335,70.83906],[-8.00191,71.04119],[-7.994,71.21741],[16.37893,76.6345],[16.70061,76.57946],[17.03191,76.64615],[27.59938,71.09148],[27.23527,70.94701],[27.54646,70.80413],[27.18395,70.7438],[26.98924,70.51151],[26.58492,70.40991],[26.64476,70.63639],[26.55795,70.6692],[26.73416,70.85335],[26.66114,70.9396],[26.50715,70.91262],[25.47052,70.34059],[25.41863,70.23527],[25.04403,70.1088],[24.98264,70.14373],[24.99427,70.21835],[25.14666,70.32418],[25.20909,70.48929],[25.76792,70.85335],[25.4361,70.91208],[25.26469,70.8433],[24.65827,71.00099],[24.26351,70.82637],[24.42014,70.70199],[24.03862,70.48557],[23.66127,70.39984],[23.37928,70.24744],[23.2861,70.10456],[23.40041,70.01991],[23.35385,69.9834],[23.04643,70.10192],[22.94111,70.30512],[22.68444,70.37498],[22.42145,70.33741],[22.32198,70.26439],[22.21929,70.30938],[21.7801,70.23],[21.35573,70.23318],[21.80289,70.06596],[21.97487,69.8347],[21.43299,70.01304],[21.25357,70.00296],[21.16308,69.88974],[20.62229,69.91408],[20.54612,69.85111],[20.53289,69.69236],[20.73923,69.52038],[20.48684,69.54209],[20.05452,69.33254],[20.33812,69.61668],[20.38737,69.86752],[20.32437,69.94529],[19.96083,69.82465],[19.64173,69.42408],[19.7227,69.78179],[19.19726,69.74791],[19.03851,69.66061],[18.99086,69.56113],[18.61466,69.49075],[18.62417,69.43411],[18.91572,69.33569],[18.6453,69.32194],[18.25959,69.47064],[18.07857,69.32512],[18.10136,69.1563],[17.70448,69.10023],[17.39065,68.79911],[17.13139,68.69327],[16.63132,68.61604],[16.52548,68.65147],[16.47944,68.80283],[16.32865,68.87637],[16.15083,68.84252],[16.05931,68.68059],[15.77251,68.55411],[15.92805,68.73296],[15.90583,68.90866],[15.81162,69.024],[15.99259,69.11237],[16.12969,69.27378],[15.8926,69.27802],[15.48301,69.04359],[15.44384,68.91926],[15.56399,68.87373],[15.41263,68.61604],[15.09513,68.4414],[14.58555,68.40011],[14.25746,68.25671],[14.28391,68.18687],[13.88125,68.16359],[14.11886,68.24669],[13.53781,68.24881],[13.19969,68.0874],[13.2293,67.99533],[13.35209,68.00962],[12.83139,67.82387],[13.23457,66.65495],[13.06792,66.43057],[13.11871,66.23053],[14.03416,66.29776],[13.67434,66.17973],[12.78375,66.10036],[13.03298,65.95644],[12.68902,65.90192],[12.27308,65.56804],[12.12229,65.36219],[12.13392,65.27912],[12.41757,65.18385],[12.91552,65.33942],[12.73822,65.21455],[12.50857,65.0992],[12.30646,65.08598],[12.15986,65.1791],[11.48941,64.97588],[11.34973,64.90604],[11.29681,64.7547],[11.63281,64.81398],[10.56549,64.41814],[9.65055,63.82179],[8.81024,63.762],[8.76472,63.80484],[8.28686,63.68738],[8.76368,63.70061],[8.78058,63.63761],[8.36097,63.49899],[8.38639,63.44502],[8.59382,63.42595],[8.63563,63.34236],[8.27157,63.28681],[8.15778,63.16137],[8.62292,62.84598],[8.10062,63.09101],[7.57197,63.09948],[6.94018,62.93068],[6.73487,62.72059],[8.04559,62.77139],[8.09535,62.7317],[7.53812,62.67189],[7.52753,62.61052],[7.69052,62.58566],[7.56985,62.54807],[6.96131,62.62693],[6.35277,62.61106],[6.11837,62.44699],[6.13583,62.4073],[6.69249,62.46818],[6.20885,62.35281],[5.9083,62.41578],[5.71834,62.37875],[5.53313,62.311],[5.35795,62.15174],[5.14313,62.15967],[5.09657,62.02686],[5.26694,61.93583],[6.13108,61.85222],[6.73063,61.86969],[6.01569,61.78765],[5.46538,61.8972],[4.92986,61.87814],[4.92774,61.71094],[5.33888,61.48552],[5.00288,61.43367],[5.03249,61.2421],[4.95895,61.08438],[4.87007,61.0717],[5.02458,60.93623],[5.04892,60.70764],[5.20343,60.59069],[-0.77563,60.59069],[-1.00474,60.54889],[-1.06083,60.40337],[-1.05238,60.44463],[-1.28733,60.46688],[-1.30162,60.60762],[-1.55243,60.51765],[-1.56354,60.50496]],[[25.48214,71.01949],[25.75996,70.95389],[26.13409,70.99569],[26.14681,71.03962],[25.58643,71.14227],[25.31492,71.03432],[25.48214,71.01949]],[[23.66339,70.67502],[23.67032,70.59724],[23.82695,70.52738],[24.01743,70.56758],[24.0783,70.65068],[23.77822,70.74752],[23.68933,70.72266],[23.66339,70.67502]],[[23.57875,70.59352],[23.0226,70.48717],[22.91781,70.38449],[23.09087,70.37764],[23.10038,70.29615],[23.27076,70.29667],[23.64117,70.46386],[23.61528,70.54908],[23.57875,70.59352]],[[23.39566,70.84276],[22.96333,70.71101],[21.9944,70.65703],[22.35851,70.51466],[22.82892,70.54166],[23.06808,70.59404],[23.44062,70.81578],[23.39566,70.84276]],[[20.6551,70.23106],[20.49263,70.20355],[20.40535,70.11887],[20.72548,70.06647],[20.77943,70.08975],[20.78579,70.21941],[20.6551,70.23106]],[[19.59889,70.26597],[19.78094,70.07758],[20.08837,70.10192],[19.68353,70.27339],[19.59889,70.26597]],[[19.25493,70.06647],[19.2126,70.24744],[19.13271,70.24429],[19.05122,70.0379],[18.68659,69.8908],[18.67388,69.78179],[18.34951,69.76804],[18.22729,69.63575],[18.06167,69.60185],[18.27437,69.5357],[18.78452,69.57911],[19.00781,69.75957],[19.33482,69.82042],[19.60788,70.0194],[19.34381,70.01195],[19.25493,70.06647]],[[18.91733,74.41042],[19.0983,74.35221],[19.27451,74.45695],[19.18294,74.51783],[18.79718,74.48553],[18.91733,74.41042]],[[17.86271,69.54315],[17.50284,69.59606],[17.45364,69.53043],[17.25205,69.50397],[17.39437,69.41664],[17.00173,69.36215],[16.97155,69.1378],[16.81068,69.07059],[17.08271,69.01344],[17.48806,69.19707],[17.95051,69.19813],[17.94209,69.32882],[18.07702,69.39602],[18.004,69.50503],[17.92726,69.50661],[17.86271,69.54315]],[[15.03798,69.00075],[15.03746,68.89437],[14.87235,68.91393],[14.80197,68.7912],[14.55382,68.81869],[14.37337,68.71128],[14.52101,68.63297],[14.74327,68.67741],[14.89034,68.61075],[15.3486,68.67266],[15.39677,68.78376],[15.102,69.00814],[15.03798,69.00075]],[[10.73958,64.87005],[11.17878,64.83832],[11.24601,64.90816],[11.13274,64.97642],[10.81363,64.92296],[10.73958,64.87005]],[[7.88844,63.35241],[8.10274,63.33761],[8.13607,63.43127],[8.07365,63.47096],[7.81542,63.38523],[7.88844,63.35241]],[[-6.80389,62.26604],[-6.95841,62.3163],[-7.17219,62.2856],[-7.01344,62.09407],[-6.72504,61.95172],[-6.8404,62.11946],[-6.65574,62.09352],[-6.63086,62.22793],[-6.80389,62.26604]]]}},{"type":"Feature","id":"Q45823","properties":{"id":"Q45823","regionType":"sea"},"geometry":{"type":"Polygon","coordinates":[[[63.67635,81.61714],[64.91989,81.28005],[65.1358,81.1504],[64.31032,81.17528],[64.09545,80.99854],[63.11597,80.96679],[62.52014,80.82179],[63.18739,80.69745],[64.54844,80.75564],[65.43743,80.9308],[65.36281,81.01441],[65.44906,80.96255],[68.91986,76.76679],[68.48593,76.93347],[67.53503,77.00755],[66.34549,76.82131],[65.75545,76.57946],[64.46375,76.37839],[62.97149,76.23656],[61.20146,76.28206],[61.03424,76.23287],[61.05382,76.11962],[60.94215,76.07146],[60.27909,76.09634],[60.11822,76.0667],[60.03621,75.98363],[58.88104,75.85503],[58.05819,75.66293],[58.09364,75.59257],[57.78353,75.50684],[57.6068,75.34122],[56.84426,75.35127],[56.87604,75.24437],[56.57017,75.09779],[56.16219,75.18668],[55.92091,75.16818],[55.82138,75.09038],[55.99816,75.00359],[56.34,75.01366],[56.49875,74.95703],[55.91347,74.79618],[55.58222,74.6279],[55.66159,74.55594],[56.13733,74.49613],[55.34094,74.41939],[54.64295,73.95957],[53.76295,73.76588],[54.20479,73.54205],[54.13125,73.4812],[54.21486,73.41663],[54.14608,73.27853],[53.75344,73.29333],[53.25125,73.18274],[53.18877,73.10391],[53.24753,72.9732],[53.3698,72.91658],[52.91308,72.90015],[52.55062,72.7684],[52.68291,72.68215],[52.9168,72.66892],[52.62204,72.30114],[52.25219,72.12971],[51.88544,72.15299],[51.65316,72.09953],[51.44361,71.93442],[51.43885,71.77676],[51.51136,71.64816],[51.69176,71.5254],[51.93784,71.4746],[53.36396,71.54181],[53.41155,71.53016],[53.31895,71.39892],[53.41,71.34019],[53.62219,71.33278],[53.59097,71.29678],[54.15559,71.12532],[53.67035,71.08672],[53.58777,71.05233],[53.61371,70.91474],[53.38354,70.87345],[54.60114,70.68031],[54.64507,70.74168],[55.05145,70.66657],[55.68754,70.69196],[55.79704,70.61577],[56.1426,70.65809],[56.43473,70.56285],[56.56118,70.59352],[56.26006,70.7147],[56.50986,70.72899],[56.64903,70.64644],[57.1459,70.58931],[57.61951,70.72687],[58.47677,70.27075],[58.67996,70.05112],[58.95251,69.89289],[59.50281,69.86643],[59.57794,69.73838],[59.72455,69.70611],[60.26483,69.69978],[60.17062,69.59074],[60.66434,69.11028],[60.85854,69.14573],[60.93368,68.98698],[60.48916,68.72872],[59.89596,68.7065],[59.86532,68.60493],[59.92299,68.47158],[59.72559,68.35146],[59.09906,68.44458],[59.11229,68.61656],[59.37052,68.73829],[59.11017,68.89649],[59.05725,69.00602],[58.35399,68.91605],[58.23705,68.83404],[58.17302,68.88959],[57.12688,68.55411],[56.04364,68.64883],[55.4182,68.56788],[54.92288,68.37366],[54.86149,68.20168],[54.71809,68.18424],[54.47624,68.29428],[53.96775,68.2271],[53.26076,68.26731],[53.34277,68.34299],[53.93069,68.43559],[53.91746,68.53719],[53.75871,68.63403],[53.97038,68.84412],[53.79789,68.9076],[54.49107,68.99228],[53.80212,68.99597],[52.34423,68.60809],[52.55011,68.59222],[52.7226,68.48427],[52.39663,68.35198],[52.18336,68.3742],[52.28552,68.45941],[51.99448,68.53879],[50.69957,68.31759],[49.15548,67.87043],[48.75437,67.89583],[48.69566,67.87415],[48.87767,67.73127],[48.83323,67.68153],[47.87489,67.58417],[47.90822,67.45451],[47.76802,67.27563],[47.65583,66.97615],[46.49218,66.79993],[45.88524,66.89096],[45.56247,67.18569],[44.93961,67.3508],[44.90205,67.41325],[45.52857,67.75772],[46.69062,67.84875],[46.68375,67.97045],[45.89211,68.47949],[45.51958,68.54672],[44.04799,68.54884],[43.41351,68.68165],[38.97698,68.27526],[38.43035,68.35567],[37.7308,68.69224],[36.61847,69.00338],[35.28971,69.27536],[35.00978,69.22141],[33.68423,69.31029],[33.43551,69.13038],[33.14132,69.06847],[33.32761,69.15206],[33.45458,69.4283],[32.97884,69.36745],[33.00003,69.4701],[32.37774,69.47912],[32.33062,69.55426],[32.09146,69.63255],[32.17667,69.67383],[32.91482,69.60185],[32.99476,69.62622],[33.00799,69.722],[31.98454,69.95377],[31.99777,69.80985],[31.78879,69.81564],[31.54694,69.69712],[30.71454,69.79556],[30.48437,69.79502],[30.4283,69.72252],[30.34893,69.8347],[30.23777,69.86222],[30.08801,69.71776],[29.69486,69.74474],[29.6361,69.78021],[29.60117,69.9765],[28.80427,70.09241],[28.78096,70.14533],[30.2632,70.12469],[30.94424,70.27445],[30.96062,70.34377],[30.59605,70.52368],[30.21292,70.54324],[30.23777,70.6221],[30.06528,70.70307],[29.73718,70.64695],[29.10218,70.86074],[28.83176,70.86394],[28.60955,70.75969],[28.19309,70.2485],[28.2026,70.57714],[28.27195,70.66814],[27.89833,70.67765],[28.32698,70.82532],[28.39204,70.97505],[27.59938,71.09148],[17.04457,76.61597],[20.98531,77.45098],[22.68552,77.55366],[22.7326,77.53935],[22.44264,77.4293],[22.48657,77.35998],[22.42678,77.31606],[22.80195,77.27585],[23.10146,77.38484],[23.73589,77.46209],[24.12962,77.65841],[24.90166,77.75686],[24.23809,77.89866],[23.68406,77.8754],[23.11676,77.99126],[23.15169,78.08813],[23.45173,78.14949],[22.98871,78.25215],[22.29976,78.22835],[22.04313,78.57707],[21.45469,78.59768],[20.24236,78.48183],[20.18469,78.63634],[21.38906,78.74057],[20.50059,78.98133],[20.76729,79.05913],[20.61118,79.10677],[20.16299,79.14592],[20.11374,79.07659],[19.89365,79.05598],[19.75076,79.14698],[19.0893,79.15703],[18.6776,79.2618],[18.80726,79.30307],[18.81521,79.42691],[18.58127,79.57137],[18.39715,79.60522],[17.66846,79.38616],[17.73409,79.4814],[17.68753,79.53329],[17.95635,79.70421],[17.6219,79.88412],[17.96431,80.13175],[18.85593,80.03651],[18.25535,79.9291],[18.32465,79.85978],[18.72525,79.76082],[20.78424,79.74862],[20.49372,79.63276],[19.67454,79.59096],[20.12805,79.48988],[20.86093,79.39781],[22.86541,79.4121],[22.69554,79.32901],[22.90354,79.23059],[23.94756,79.19408],[24.7503,79.36446],[25.14506,79.33906],[25.6409,79.40309],[26.00604,79.61687],[27.19879,79.90634],[27.1485,80.05927],[27.0358,80.11589],[44.97031,80.64505],[44.9052,80.61118],[45.64076,80.5371],[45.96885,80.56937],[46.14135,80.44661],[46.51389,80.47571],[46.67739,80.56144],[47.30391,80.60642],[47.70503,80.76517],[48.40777,80.64399],[48.4025,80.56883],[47.65583,80.50059],[46.64457,80.30058],[46.99122,80.18255],[47.6426,80.24554],[47.97757,80.21273],[47.63252,80.11219],[47.73732,80.08147],[48.16701,80.13281],[48.38607,80.09578],[48.58187,80.19526],[48.97771,80.16245],[49.01048,80.20743],[48.95968,80.26564],[48.67711,80.30003],[48.89622,80.36936],[49.58569,80.37677],[49.7942,80.42543],[49.74976,80.47201],[49.84603,80.49741],[50.961,80.54028],[51.70344,80.68789],[50.80122,80.91439],[49.82645,80.89535],[50.38316,81.42769],[55.81823,81.86213],[57.98781,81.86213],[58.00052,81.80023],[57.90947,81.72189],[57.96507,81.69543],[59.35625,81.75894],[59.4086,81.8256],[59.36364,81.86213],[62.37989,81.80922],[63.04931,81.71026],[62.10632,81.67956],[63.65093,81.60921],[63.67635,81.61714]],[[61.31309,80.86253],[60.48125,80.80432],[59.71608,80.83662],[59.38638,80.71277],[59.28799,80.57255],[59.34618,80.5048],[59.64993,80.43127],[60.27857,80.49423],[61.05114,80.41858],[61.68138,80.5863],[62.07562,80.61702],[62.2275,80.79427],[62.10311,80.86677],[61.59725,80.89271],[61.31309,80.86253]],[[60.3209,80.95568],[61.14059,80.95038],[61.56764,81.0504],[61.45757,81.10384],[60.58657,81.08743],[60.05792,80.98477],[60.3209,80.95568]],[[59.54461,80.11904],[58.94615,80.04232],[58.91912,79.98465],[59.33083,79.92326],[59.91079,79.99419],[59.80181,80.08255],[59.54461,80.11904]],[[58.71914,81.31338],[59.37475,81.32501],[59.07472,81.39754],[58.6101,81.33721],[58.71914,81.31338]],[[58.97152,80.41592],[57.01097,80.46832],[57.1861,80.39633],[57.33219,80.15821],[57.79997,80.10423],[58.25554,80.20162],[58.28412,80.29792],[58.39791,80.31856],[59.25569,80.34342],[59.11601,80.3884],[58.97152,80.41592]],[[58.04972,81.11867],[57.21101,81.01704],[57.40521,80.91491],[57.74968,80.88899],[57.93805,80.79321],[58.64188,80.76781],[58.9308,80.83184],[58.62229,81.04141],[58.10212,81.11443],[58.04972,81.11867]],[[57.45652,81.54306],[57.09138,81.54146],[56.15691,81.30333],[55.46579,81.31127],[55.71663,81.18851],[56.19179,81.22396],[56.5125,81.17528],[56.82204,81.23773],[57.45125,81.13559],[58.0153,81.25465],[57.85867,81.3679],[58.56405,81.41816],[57.71687,81.56474],[57.45652,81.54306]],[[57.58034,80.75564],[57.69413,80.79215],[56.4723,80.998],[55.47055,81.01971],[54.71917,81.11601],[54.41697,80.98637],[54.36726,80.9038],[54.04552,80.87207],[54.0667,80.81385],[55.11708,80.75195],[55.71239,80.63709],[56.81465,80.66355],[57.58034,80.75564]],[[56.70722,80.363],[56.02462,80.3413],[56.01243,80.20373],[55.72402,80.10478],[57.08027,80.0947],[57.12264,80.31696],[56.94482,80.36618],[56.70722,80.363]],[[54.41542,80.47307],[54.40694,80.54028],[53.87726,80.60536],[53.9,80.5154],[53.81215,80.47622],[54.27569,80.42122],[54.41542,80.47307]],[[52.63584,80.17885],[53.52162,80.18518],[53.85184,80.26828],[53.18562,80.41274],[52.21354,80.26353],[52.60726,80.19102],[52.63584,80.17885]],[[53.14118,71.24175],[52.77655,71.39998],[52.24,71.32485],[52.73847,71.1809],[53.02264,70.96869],[53.12108,70.98192],[53.04806,71.03114],[53.20521,71.15974],[53.1925,71.21529],[53.14118,71.24175]],[[51.25416,80.04868],[50.93615,80.09418],[50.0916,79.98042],[51.43141,79.9206],[51.23778,80.01057],[51.25416,80.04868]],[[50.87848,81.15091],[50.36833,81.12236],[50.61601,81.04141],[50.94617,81.10807],[50.87848,81.15091]],[[50.05191,80.07408],[50.31913,80.1725],[49.8836,80.23019],[49.55608,80.15873],[49.97093,80.06085],[50.05191,80.07408]],[[48.84485,69.49498],[48.31992,69.26903],[48.27864,69.04044],[48.43899,68.80495],[48.66709,68.73296],[49.18034,68.77849],[49.62646,68.85998],[50.09372,69.1256],[50.16462,69.03778],[50.28316,69.08912],[50.16725,69.25686],[49.22535,69.51136],[48.95332,69.50925],[48.84485,69.49498]],[[31.57764,80.08147],[33.62919,80.21748],[31.48183,80.10793],[31.57764,80.08147]],[[27.88934,78.85224],[29.3107,78.85224],[29.69698,78.90462],[29.04715,78.91203],[28.84499,78.97076],[28.12111,78.90834],[27.88934,78.85224]],[[26.45955,78.72047],[26.72941,78.64639],[27.00774,78.69773],[26.58601,78.81147],[26.40767,78.78449],[26.45955,78.72047]]]}},{"type":"Feature","id":"Q132868","properties":{"id":"Q132868","regionType":"sea"},"geometry":{"type":"Polygon","coordinates":[[[-25.8904,83.27872],[17.96431,80.13175],[17.61927,79.87407],[16.96628,79.95871],[16.78691,79.90685],[16.38684,80.05237],[16.09367,80.00742],[16.10003,79.88463],[15.9556,79.8349],[15.81586,79.68196],[15.87514,79.51951],[16.34399,78.97606],[15.76403,79.1745],[15.05229,79.67508],[14.83163,79.76663],[14.59351,79.7989],[14.04,79.58566],[14.05587,79.38298],[13.95742,79.3396],[13.38381,79.48089],[13.33353,79.57455],[12.55513,79.56925],[13.03934,79.68514],[13.92094,79.76185],[13.91407,79.81688],[13.69284,79.86084],[12.75357,79.77562],[12.21913,79.79787],[12.28791,79.71317],[11.70211,79.82061],[11.25077,79.78464],[11.1502,79.71689],[10.86604,79.79681],[10.68243,79.75818],[10.81048,79.64069],[10.73746,79.52006],[11.20787,79.12951],[11.52114,79.15122],[11.61643,79.20519],[11.57989,79.28351],[11.97837,79.2925],[12.0842,79.26764],[11.89264,79.15228],[11.98204,79.02525],[12.40325,78.95329],[12.27468,78.90462],[11.54759,78.98293],[11.36559,78.95014],[11.86086,78.83214],[11.75502,78.81147],[11.77358,78.71623],[12.25773,78.59453],[12.66469,78.38498],[13.15044,78.23734],[14.11039,78.27067],[14.63847,78.41459],[14.43155,78.49239],[14.51517,78.58079],[14.467,78.67548],[14.68926,78.72098],[15.01632,78.62998],[15.38405,78.77126],[15.25445,78.58923],[15.41738,78.47335],[15.94392,78.49294],[16.53024,78.65644],[16.78268,78.66383],[16.44874,78.5035],[16.72656,78.4072],[17.17211,78.41725],[16.77684,78.35057],[15.78413,78.32731],[15.65711,78.29925],[15.69788,78.22781],[14.24795,78.07118],[14.30722,78.00503],[13.9368,78.08547],[13.6807,78.02831],[13.79128,77.8537],[14.08971,77.77115],[16.91388,77.89814],[17.03346,77.7976],[14.92052,77.68859],[14.6951,77.52509],[14.3776,77.57958],[14.07121,77.56423],[13.99556,77.50816],[14.05059,77.40339],[14.36598,77.23456],[15.12428,77.08535],[16.37309,76.61491],[-8.34375,71.14015],[-9.09887,70.85495],[-13.66931,65.549],[-14.1667,65.64212],[-14.47363,65.57546],[-14.31806,65.68444],[-14.3916,65.78764],[-14.8271,65.76436],[-14.68848,65.89717],[-14.69799,66.01995],[-15.11763,66.12578],[-14.91231,66.28453],[-14.59587,66.38138],[-14.85622,66.38138],[-15.54308,66.22844],[-15.98545,66.51473],[-16.24952,66.52266],[-16.54056,66.44698],[-16.42783,66.27818],[-16.48501,66.19617],[-16.83793,66.12524],[-17.1528,66.20304],[-17.55022,65.96437],[-17.90686,66.14325],[-18.29741,66.15754],[-18.31539,66.09297],[-18.09897,65.8305],[-18.14181,65.73421],[-18.27676,65.88448],[-18.84613,66.184],[-19.38271,66.0755],[-19.48961,65.76805],[-19.64781,65.80087],[-20.1029,66.08026],[-20.29235,66.08449],[-20.37384,65.94745],[-20.35637,65.71886],[-20.45479,65.57119],[-20.67917,65.66328],[-20.80459,65.6363],[-20.93952,65.56538],[-21.12948,65.2664],[-21.23002,65.4204],[-21.43218,65.47383],[-21.36497,65.57809],[-21.65865,65.72361],[-21.37502,65.74214],[-21.30888,65.89559],[-21.51685,65.96755],[-21.40678,66.02576],[-22.42594,66.43005],[-22.88896,66.44062],[-23.11703,66.33848],[-22.68628,66.33745],[-22.48469,66.26652],[-22.94771,66.21255],[-22.44552,66.07021],[-22.42754,65.92735],[-22.61593,65.86756],[-22.62174,65.99985],[-22.72334,66.03899],[-23.01913,65.98238],[-23.06254,66.0861],[-23.37632,66.18188],[-23.52768,66.16438],[-28.47167,68.36043],[-28.48332,68.42554],[-26.48306,68.67581],[-25.69778,68.89014],[-25.54378,69.04571],[-25.09242,69.16529],[-25.18871,69.26055],[-24.29549,69.43943],[-24.22087,69.47912],[-24.29655,69.58547],[-23.73935,69.58862],[-23.70917,69.62727],[-23.8658,69.7368],[-23.04931,69.7929],[-23.08848,69.88287],[-23.03345,69.90085],[-22.28729,70.03314],[-22.20634,70.10776],[-22.26931,70.12202],[-21.52266,70.52632],[-21.67454,70.85653],[-21.67136,71.20578],[-21.75234,71.4783],[-21.96134,71.50794],[-22.29894,71.43225],[-22.41749,71.24865],[-22.47994,71.38358],[-22.5032,71.50052],[-21.95974,71.74446],[-22.37039,71.76986],[-22.49686,71.9138],[-24.57224,72.4202],[-25.11782,72.34719],[-25.20355,72.39269],[-24.70084,72.50648],[-24.65004,72.58265],[-24.81354,72.90175],[-26.39205,72.67262],[-26.6577,72.71603],[-24.62991,73.03776],[-24.35848,72.68745],[-24.06902,72.49852],[-22.29313,72.11963],[-22.23915,72.22019],[-22.28042,72.34453],[-22.07459,72.39904],[-22.00684,72.63557],[-22.03648,72.9187],[-22.85245,73.08378],[-22.99588,73.17163],[-23.89916,73.3981],[-24.1325,73.40922],[-25.05697,73.39653],[-25.39881,73.27589],[-26.75348,73.12135],[-27.19004,73.13246],[-27.34825,73.06789],[-27.56152,73.13827],[-26.7286,73.17163],[-26.54181,73.24889],[-27.27048,73.43622],[-26.06238,73.2531],[-25.66551,73.29279],[-24.77809,73.53993],[-25.52105,73.85162],[-24.67702,73.60238],[-24.45109,73.6283],[-24.15793,73.76431],[-23.76051,73.54311],[-23.23346,73.39759],[-22.34711,73.26899],[-21.54806,73.43146],[-20.50983,73.49283],[-20.36748,73.84841],[-22.1349,73.99026],[-22.33545,74.06328],[-22.19575,74.2056],[-22.33442,74.28658],[-21.97245,74.38978],[-21.92005,74.439],[-21.9825,74.56757],[-21.76184,74.4829],[-21.95499,74.24425],[-21.12948,74.1109],[-20.23044,74.20457],[-20.25635,74.28288],[-19.36897,74.28394],[-19.27158,74.34267],[-19.22502,74.47974],[-19.53774,74.62472],[-19.9849,74.97501],[-20.21403,75.01948],[-20.41722,74.97501],[-20.61091,74.72844],[-20.86172,74.63583],[-21.03848,74.65436],[-20.79506,74.80624],[-20.78552,74.89194],[-20.98556,75.07451],[-21.69516,74.96444],[-22.2328,75.1195],[-21.64914,75.02372],[-20.90567,75.15707],[-20.48497,75.31422],[-20.19868,75.30786],[-19.79863,75.15758],[-19.52612,75.18035],[-19.4261,75.23009],[-19.36631,75.3862],[-19.50916,75.75765],[-19.95792,75.99686],[-19.86266,76.12068],[-20.10344,76.21909],[-20.88766,76.30377],[-21.48827,76.27201],[-21.75812,76.40061],[-21.87719,76.57362],[-22.37886,76.61227],[-22.60957,76.70434],[-22.18518,76.7943],[-21.61472,76.68796],[-20.94215,76.88691],[-20.06427,76.92766],[-18.60589,76.76307],[-18.33709,76.9213],[-18.29263,77.13297],[-18.44238,77.25944],[-18.90329,77.28061],[-19.30016,77.22239],[-20.23202,77.36846],[-20.46378,77.44729],[-20.68077,77.61872],[-20.16218,77.68965],[-19.524,77.57219],[-19.29592,77.58542],[-19.49066,77.71877],[-20.86278,77.91188],[-21.13214,77.84734],[-21.3798,77.69758],[-21.57876,77.65157],[-21.72957,77.70869],[-21.74756,77.7907],[-20.95593,78.55484],[-21.13372,78.65856],[-20.61566,78.80408],[-20.05053,78.84165],[-19.72295,79.06494],[-18.99219,79.17819],[-19.01124,79.25123],[-19.15198,79.32529],[-19.41393,79.34859],[-19.28375,79.68302],[-19.35308,79.73436],[-20.06903,79.77405],[-20.18122,79.85818],[-20.15001,80.01111],[-19.42927,80.25771],[-18.07091,80.17195],[-16.4887,80.25187],[-15.93729,80.42755],[-16.76068,80.57361],[-14.50379,80.76305],[-14.22864,80.87046],[-14.49004,80.97315],[-14.45247,80.99325],[-13.12638,81.08797],[-11.42563,81.48061],[-12.43422,81.68274],[-14.24186,81.81397],[-15.45047,81.83674],[-16.12092,81.7764],[-17.45601,81.39754],[-19.15304,81.51234],[-19.22448,81.63988],[-19.62983,81.63988],[-20.88978,81.27636],[-22.82548,80.91279],[-23.11758,80.7784],[-23.20382,80.78951],[-23.19641,80.84718],[-23.07259,80.92656],[-21.50413,81.43774],[-21.14643,81.69491],[-21.13057,81.93409],[-21.33797,82.06851],[-22.9403,82.03042],[-23.18,81.98967],[-23.49592,81.77323],[-24.29285,81.70075],[-24.58917,81.88275],[-25.14903,82.0013],[-27.83933,82.04892],[-29.54377,81.93993],[-29.81099,81.95526],[-29.88719,82.05473],[-29.57922,82.16111],[-23.11809,82.32464],[-21.99416,82.46272],[-21.52054,82.59555],[-21.69198,82.68234],[-22.5249,82.78924],[-24.4701,82.8776],[-25.12311,83.15965],[-27.0022,83.06705],[-29.96338,83.11043],[-32.03298,82.98344],[-31.99274,83.08558],[-25.79514,83.26073],[-25.8904,83.27872]],[[11.1994,78.44105],[11.58625,78.38814],[11.96514,78.22463],[12.11645,78.23259],[11.82541,78.4363],[11.26188,78.54161],[11.2502,78.61091],[11.07822,78.68608],[11.15284,78.7247],[10.96076,78.8464],[10.55809,78.90304],[10.62843,78.7538],[11.12111,78.4633],[11.1994,78.44105]],[[-18.00052,75.40736],[-18.45031,75.32799],[-18.63552,75.38989],[-18.85618,75.31897],[-18.89111,75.0724],[-18.67097,75.00147],[-17.39198,75.03695],[-17.49781,75.15177],[-17.7624,75.14278],[-17.8857,75.20469],[-17.92115,75.30153],[-18.00052,75.40736]],[[-19.0324,79.77299],[-18.03597,79.71105],[-17.40097,79.94073],[-17.47136,80.02855],[-17.98306,80.05501],[-18.99695,79.94073],[-19.13823,79.85236],[-19.0324,79.77299]],[[-18.22015,77.66849],[-17.95396,77.64255],[-17.64122,77.78226],[-17.68145,77.85845],[-17.81374,77.87486],[-18.17408,77.71453],[-18.22015,77.66849]],[[-19.05886,76.6948],[-19.08532,76.43022],[-18.69743,76.0159],[-18.58261,76.04236],[-18.73237,76.64189],[-18.88264,76.70382],[-19.05886,76.6948]],[[-19.61079,82.07804],[-19.59438,81.99125],[-19.03134,81.8272],[-18.66462,81.84627],[-19.06681,82.04892],[-19.4949,82.11664],[-19.61079,82.07804]],[[-18.93556,78.42361],[-19.31445,78.34424],[-19.29698,78.18549],[-19.12924,77.93834],[-18.99695,77.97382],[-18.88264,78.1151],[-18.95302,78.21195],[-18.95302,78.35323],[-18.93556,78.42361]]]}},{"type":"Feature","id":"Q184189","properties":{"id":"Q184189","regionType":"sea"},"geometry":{"type":"Polygon","coordinates":[[[-43.94398,59.81865],[-52.74295,47.7674],[-52.78264,47.76951],[-52.94511,47.55255],[-53.12239,47.45519],[-53.17001,47.51235],[-53.1536,47.73458],[-52.87209,48.09389],[-52.8832,48.13094],[-53.28271,47.99759],[-53.50391,47.74411],[-53.67217,47.64833],[-53.76532,47.64993],[-53.86373,47.78698],[-53.63832,48.01451],[-53.86955,48.01981],[-53.56952,48.08807],[-53.56001,48.1738],[-53.60974,48.20765],[-53.33457,48.35583],[-53.13561,48.40188],[-53.03717,48.51564],[-53.04247,48.65641],[-53.2753,48.56326],[-53.41131,48.5622],[-53.55205,48.48177],[-53.64465,48.51141],[-54.11457,48.3934],[-53.79441,48.52621],[-53.70656,48.65535],[-53.96587,48.70667],[-53.85263,48.81144],[-54.16113,48.78764],[-53.90342,48.88921],[-53.57324,49.14111],[-53.56952,49.26441],[-53.61925,49.32156],[-53.95791,49.44168],[-54.35639,49.41523],[-54.44845,49.3295],[-54.4691,49.53005],[-54.50243,49.52742],[-54.9824,49.2681],[-55.02633,49.30516],[-55.17606,49.24428],[-55.24432,49.19984],[-55.25228,49.12101],[-55.35333,49.0792],[-55.20042,49.40835],[-55.22952,49.50835],[-55.28295,49.51364],[-55.28032,49.41257],[-55.34383,49.37288],[-55.3761,49.48985],[-55.67825,49.43481],[-55.8153,49.51525],[-56.08729,49.45174],[-55.89203,49.58033],[-55.86981,49.67028],[-56.14021,49.61896],[-56.04019,49.70467],[-55.58353,49.89251],[-55.50309,49.98302],[-55.7645,49.96026],[-55.92697,50.01796],[-56.16137,49.94016],[-56.12223,50.06291],[-56.17938,50.11477],[-56.82231,49.61366],[-56.84877,49.76554],[-56.75405,49.883],[-56.73235,50.00788],[-56.48417,50.27088],[-56.45453,50.3799],[-56.19576,50.58469],[-56.10634,50.7593],[-55.87139,50.90746],[-55.79995,51.03342],[-55.79574,51.16623],[-55.84124,51.20486],[-55.99999,51.19905],[-56.0312,51.32816],[-55.58353,51.38849],[-55.45865,51.53665],[-55.49198,51.58693],[-55.38878,51.96634],[-55.69411,52.14043],[-55.69094,52.24151],[-56.01161,52.39442],[-55.77721,52.36427],[-55.70577,52.4283],[-55.84018,52.50767],[-56.3249,52.54473],[-55.80261,52.64314],[-55.87245,52.73575],[-55.83013,52.87861],[-55.89255,53.00033],[-55.79783,53.212],[-55.96611,53.47128],[-56.11006,53.58771],[-56.354,53.62474],[-56.46513,53.76496],[-56.84084,53.73956],[-57.3319,53.46917],[-57.42026,53.58345],[-57.52716,53.59988],[-57.15674,53.75703],[-57.14881,53.84752],[-57.40597,54.15178],[-57.57266,54.4365],[-57.4044,54.59098],[-57.82667,54.71852],[-57.92933,54.77304],[-57.96266,54.8757],[-58.19549,54.86564],[-58.223,54.81273],[-58.39816,54.77407],[-58.78023,54.83813],[-58.99719,55.14927],[-59.25966,55.20007],[-59.83802,54.81376],[-59.74172,54.94236],[-59.43797,55.17573],[-59.68932,55.19637],[-59.69568,55.26939],[-59.75865,55.30962],[-60.21268,55.23658],[-60.61697,55.06036],[-60.45028,55.20007],[-60.36083,55.36623],[-60.19257,55.48106],[-60.40848,55.64932],[-60.34127,55.78481],[-60.47568,55.80491],[-60.56193,55.72712],[-60.59263,55.81497],[-60.73655,55.88692],[-60.74344,55.94144],[-60.83181,55.95785],[-60.99583,55.86259],[-61.0895,55.86631],[-61.18794,55.95519],[-61.44934,55.99594],[-61.30116,56.04728],[-61.36467,56.21605],[-61.71287,56.23088],[-61.70705,56.28858],[-61.42552,56.36054],[-61.9404,56.42351],[-62.00972,56.45366],[-61.73772,56.52616],[-62.39549,56.7299],[-62.49708,56.80186],[-62.29601,56.83255],[-62.38174,56.78757],[-62.06264,56.6992],[-61.5319,56.65473],[-61.37155,56.68068],[-61.39061,56.85317],[-61.33398,57.01035],[-61.62874,57.18338],[-61.97745,57.24793],[-61.84991,57.37019],[-61.92136,57.42099],[-62.49551,57.48926],[-62.33833,57.48448],[-61.96792,57.61201],[-61.93141,57.66862],[-61.99492,57.7697],[-61.89914,57.86125],[-62.11768,57.9639],[-62.30552,57.97238],[-62.48652,58.15389],[-62.81776,58.12901],[-63.26174,58.0147],[-62.81195,58.20043],[-62.67436,58.31897],[-62.6077,58.49625],[-63.13208,58.41106],[-63.1194,58.44176],[-63.20988,58.46713],[-63.53689,58.33008],[-63.38979,58.45232],[-62.87386,58.67247],[-62.92626,58.76507],[-63.05007,58.87832],[-63.28238,58.86721],[-63.21624,58.92803],[-63.3099,59.02647],[-63.24851,59.06828],[-63.94118,59.02753],[-63.97136,59.05399],[-63.50622,59.11536],[-63.41519,59.19422],[-63.54007,59.33286],[-63.63745,59.34134],[-63.77608,59.27731],[-63.78086,59.34927],[-63.94542,59.37994],[-63.97082,59.40906],[-63.75016,59.51278],[-63.92901,59.64507],[-64.05601,59.82234],[-64.22641,59.74139],[-64.16874,59.84668],[-64.18303,59.97313],[-64.28356,60.06416],[-64.76826,60.01231],[-64.41955,60.17157],[-64.45978,60.30177],[-64.42803,60.32453],[-45.41136,60.1663],[-45.37909,60.20281],[-44.61337,60.01654],[-44.53294,60.02977],[-44.22443,60.27371],[-44.17629,60.24462],[-44.23133,60.18005],[-44.45356,60.01443],[-44.38372,59.89908],[-44.06568,59.925],[-44.11702,59.83188],[-43.94398,59.81865]],[[-61.89332,57.57339],[-62.01133,57.5485],[-61.79542,57.42257],[-61.63773,57.41621],[-61.65941,57.52471],[-61.84834,57.5792],[-61.89332,57.57339]]]}},{"type":"Feature","id":"Q13924","properties":{"id":"Q13924","regionType":"sea"},"geometry":{"type":"Polygon","coordinates":[[[19.9984,39.75688],[19.93122,39.76109],[19.83861,39.82036],[19.70736,39.79814],[19.62695,39.7431],[18.36909,39.80132],[18.34372,39.82142],[18.48604,40.10505],[18.46066,40.22096],[18.32837,40.37071],[18.03624,40.56491],[17.95475,40.6554],[17.47426,40.84061],[17.10333,41.06233],[16.55194,41.23219],[16.0127,41.43538],[15.90056,41.51212],[15.91379,41.62113],[16.15134,41.75869],[16.18891,41.81427],[16.16457,41.89631],[15.96402,41.93969],[15.40524,41.91323],[15.16872,41.93388],[14.866,42.05239],[14.54059,42.24448],[14.18289,42.50642],[14.01034,42.68951],[13.80451,43.18057],[13.56427,43.57109],[13.29545,43.68594],[12.90705,43.9214],[12.69114,43.99496],[12.39638,44.2241],[12.30486,44.42941],[12.24822,44.72257],[12.27892,44.83212],[12.38475,44.79825],[12.46361,44.84535],[12.5234,44.96811],[12.39271,45.04007],[12.28631,45.20781],[12.22549,45.24168],[12.27417,45.44593],[12.49167,45.5465],[12.53611,45.54489],[12.4324,45.46818],[12.49746,45.46182],[13.03035,45.6375],[13.20656,45.77139],[13.46531,45.71],[13.55791,45.77085],[13.62829,45.77085],[13.78332,45.62745],[13.51719,45.48193],[13.62938,45.10833],[13.86058,44.83739],[13.9659,44.83582],[14.23632,45.15967],[14.31249,45.33798],[14.55062,45.29778],[14.85437,45.08082],[14.90677,44.97126],[14.89514,44.70668],[14.98139,44.60296],[15.2698,44.38339],[15.47087,44.27172],[15.28406,44.28867],[15.12319,44.25688],[15.18562,44.17224],[15.49945,43.90872],[15.94128,43.65682],[15.94288,43.56897],[15.98572,43.51977],[16.13124,43.50654],[16.39371,43.5436],[16.90329,43.39223],[17.12927,43.21126],[17.32983,43.11497],[17.7235,42.8509],[17.21975,43.02606],[17.04566,43.01495],[17.25836,42.96838],[17.5849,42.83715],[17.82406,42.79747],[18.51725,42.43286],[18.64587,42.44291],[18.63316,42.37783],[18.89402,42.24926],[19.12212,42.06033],[19.18666,41.94868],[19.34226,41.8693],[19.4682,41.85608],[19.5777,41.7873],[19.57558,41.64017],[19.49729,41.56292],[19.44065,41.42481],[19.47982,41.23642],[19.46132,40.93321],[19.33746,40.66387],[19.45921,40.40562],[19.44065,40.37547],[19.32211,40.40722],[19.48458,40.20985],[19.85184,40.04368],[19.99576,39.80078],[19.9984,39.75688]],[[16.65617,43.2139],[16.37624,43.2139],[16.67948,43.1229],[17.19381,43.12556],[16.69746,43.17475],[16.65617,43.2139]],[[16.6017,43.38167],[16.44874,43.38696],[16.42337,43.3171],[16.62759,43.2679],[16.78531,43.27054],[16.89115,43.31446],[16.83451,43.35097],[16.6017,43.38167]],[[14.80357,44.64849],[14.74166,44.69717],[14.91261,44.48604],[15.03854,44.3929],[15.16288,44.30929],[15.24014,44.35003],[14.85545,44.61834],[14.80357,44.64849]],[[14.62844,44.99402],[14.68714,44.9554],[14.81044,44.9771],[14.57129,45.22473],[14.52473,45.14696],[14.43791,45.0988],[14.5115,45.03531],[14.61309,45.02526],[14.62844,44.99402]],[[14.48235,44.69345],[14.45274,44.86915],[14.46757,44.97023],[14.39399,45.03108],[14.35802,45.16761],[14.33104,45.16494],[14.28603,45.14484],[14.34004,45.01997],[14.31249,44.90036],[14.41941,44.67019],[14.48023,44.62151],[14.48819,44.66014],[14.48235,44.69345]]]}},{"type":"Feature","id":"Q34575","properties":{"id":"Q34575","regionType":"sea"},"geometry":{"type":"Polygon","coordinates":[[[26.21771,40.08019],[26.14996,39.87276],[26.15471,39.65686],[26.10128,39.56901],[26.11291,39.46741],[26.82677,39.56265],[26.89927,39.54942],[26.9109,39.51715],[26.68176,39.29225],[26.85374,39.11552],[26.81514,38.96101],[27.01358,38.88693],[26.90934,38.7758],[26.76382,38.70965],[26.90666,38.48158],[26.97017,38.4477],[27.14427,38.45194],[27.09874,38.41598],[26.8617,38.37311],[26.72729,38.41861],[26.67437,38.33554],[26.595,38.41861],[26.58652,38.55723],[26.5135,38.62922],[26.44152,38.64139],[26.37806,38.62392],[26.37222,38.56201],[26.42937,38.44083],[26.41666,38.36781],[26.34364,38.36993],[26.29073,38.27733],[26.58228,38.14927],[26.68285,38.19847],[26.80718,38.13816],[26.87865,38.05507],[26.94371,38.063],[27.23212,37.97887],[27.25485,37.88255],[27.22416,37.7254],[27.07812,37.68783],[27.06809,37.65765],[27.14799,37.6037],[27.2194,37.38937],[27.37604,37.34069],[27.52001,37.24915],[27.5353,37.16396],[27.30038,37.12691],[27.24958,37.07929],[27.26281,36.97663],[27.34906,37.0195],[28.24229,37.02901],[28.00525,36.83217],[27.46652,36.74484],[27.3041,36.85067],[27.15114,36.77765],[26.91834,36.72579],[26.94635,36.76233],[26.45423,36.59193],[26.33145,36.51149],[26.27011,36.54694],[26.27011,36.59035],[25.40013,36.70569],[25.36417,36.65859],[25.27523,36.73902],[24.74028,36.93431],[24.70271,36.91682],[24.67362,36.97715],[24.50691,37.11846],[24.4249,37.1322],[24.44391,37.1883],[24.39844,37.32483],[24.37885,37.31423],[24.33069,37.54706],[24.28889,37.52802],[24.28093,37.5767],[24.05603,37.71217],[24.0243,38.13974],[23.96715,38.27521],[23.68406,38.35247],[23.56976,38.48951],[23.3692,38.5255],[23.25277,38.66097],[23.13795,38.66785],[23.02049,38.74193],[22.56909,38.86734],[22.80246,38.90173],[23.06653,39.03775],[22.96545,39.03085],[22.88608,39.17004],[22.83895,39.25838],[22.92153,39.30654],[22.99294,39.33088],[23.16177,39.25786],[23.16864,39.21024],[23.11945,39.13299],[23.1549,39.10123],[23.21841,39.10441],[23.32791,39.17479],[23.23319,39.3584],[23.10353,39.49229],[22.97868,39.56374],[22.8358,39.80078],[22.5924,40.03681],[22.56909,40.11936],[22.64263,40.36648],[22.6294,40.49559],[22.81146,40.57866],[22.92204,40.59083],[22.85114,40.49084],[22.89667,40.39981],[23.31205,40.2162],[23.32843,40.08972],[23.39566,39.9897],[23.62743,39.9241],[23.67399,39.95901],[23.43323,40.11564],[23.38667,40.22201],[23.42635,40.2638],[23.66448,40.22359],[23.83537,40.02252],[23.94704,39.96536],[24.00048,40.02464],[23.96766,40.11458],[23.72055,40.28604],[23.72799,40.32994],[23.82323,40.36805],[23.9132,40.35854],[24.15871,40.28023],[24.3434,40.14794],[24.21271,40.32785],[24.03066,40.40932],[23.86664,40.41833],[23.83222,40.4813],[23.87878,40.54427],[23.74334,40.6771],[23.76292,40.748],[24.08249,40.72418],[24.23437,40.78609],[24.38361,40.91257],[24.4773,40.9475],[24.7932,40.85753],[25.10434,40.9946],[25.24986,40.93267],[25.32551,40.94326],[25.49698,40.88771],[25.85577,40.8443],[26.0108,40.76917],[26.10552,40.61147],[26.79183,40.62682],[26.72042,40.54427],[26.44736,40.44479],[26.25367,40.31462],[26.26003,40.20243],[26.20288,40.07543],[26.21771,40.08019]],[[26.72042,37.7053],[26.84475,37.64496],[27.05538,37.70953],[27.03952,37.76984],[26.82465,37.81165],[26.6384,37.78098],[26.58125,37.7238],[26.61298,37.71057],[26.72042,37.7053]],[[26.08857,39.30442],[25.90972,39.2875],[25.84409,39.20019],[25.90605,39.1388],[26.07219,39.09542],[26.1759,39.19438],[26.27326,39.19756],[26.10764,39.08113],[26.16055,39.02609],[26.3902,38.97369],[26.54735,38.99434],[26.48865,39.07477],[26.58389,39.03139],[26.57805,39.10971],[26.39284,39.27003],[26.41031,39.3293],[26.34788,39.38328],[26.16531,39.37375],[26.16479,39.33194],[26.08857,39.30442]],[[25.89173,38.24345],[25.99865,38.16144],[26.09389,38.21805],[26.11079,38.27942],[26.15683,38.30273],[26.16055,38.54085],[26.0124,38.6017],[25.84621,38.57418],[25.85153,38.50858],[25.99121,38.35352],[25.87427,38.2694],[25.89173,38.24345]],[[25.52555,37.19623],[25.36205,37.0703],[25.45677,36.92953],[25.54566,36.96764],[25.58431,37.03908],[25.56416,37.18512],[25.52555,37.19623]],[[25.37368,40.01565],[25.28583,39.95637],[25.234,40.00557],[25.0583,39.99976],[25.06202,39.85212],[25.18532,39.8299],[25.24934,39.89392],[25.26361,39.82302],[25.3573,39.80819],[25.44933,40.03469],[25.37368,40.01565]],[[24.76353,37.98735],[24.70007,37.9614],[24.71434,37.89898],[24.96197,37.69258],[24.99163,37.75979],[24.95618,37.90479],[24.8551,37.91378],[24.79056,37.98998],[24.76353,37.98735]],[[24.64607,40.5792],[24.77413,40.61517],[24.78632,40.70408],[24.71909,40.78609],[24.58577,40.76865],[24.51538,40.64693],[24.64607,40.5792]],[[23.41524,38.95889],[23.31256,39.03509],[23.2581,39.03139],[22.87021,38.87052],[22.93579,38.83983],[23.02896,38.87316],[23.25226,38.8012],[23.6174,38.55248],[23.65073,38.44295],[23.75868,38.40114],[24.04017,38.39003],[24.18889,38.20431],[24.21214,38.11752],[24.35927,38.01856],[24.50215,37.96988],[24.57832,38.02016],[24.5884,38.12387],[24.56355,38.14767],[24.35978,38.1625],[24.27566,38.22017],[24.18729,38.4636],[24.19948,38.54085],[24.09892,38.67103],[23.87826,38.68637],[23.47188,38.84988],[23.41524,38.95889]]]}},{"type":"Feature","id":"Q38882","properties":{"id":"Q38882","regionType":"sea"},"geometry":{"type":"Polygon","coordinates":[[[12.47472,37.74444],[12.45302,37.72964],[8.90233,38.92556],[9.02243,39.04302],[9.05627,39.23934],[9.14945,39.19701],[9.26427,39.2166],[9.48653,39.13932],[9.5627,39.16577],[9.61722,39.35419],[9.70662,40.01722],[9.64316,40.26858],[9.78285,40.44161],[9.79447,40.55644],[9.68177,40.81784],[9.55371,40.93215],[9.61562,41.01734],[9.53888,41.05385],[9.45527,41.15015],[9.20236,41.24859],[9.18702,41.3867],[9.37434,41.6788],[9.4008,41.92646],[9.55056,42.12965],[9.52622,42.55244],[9.45424,42.65882],[9.48018,42.8054],[9.46323,42.9811],[9.38385,43.0213],[9.76486,44.09286],[10.04743,44.01985],[10.1882,43.94734],[10.24587,43.8521],[10.32049,43.5129],[10.44746,43.37107],[10.52104,43.20387],[10.51469,42.96733],[10.70837,42.93609],[10.80309,42.80434],[10.93802,42.73873],[11.16767,42.535],[11.18462,42.45669],[11.10313,42.41645],[11.14121,42.39],[11.29624,42.42335],[11.63756,42.28734],[11.80691,42.08203],[12.07521,41.94075],[12.63084,41.46979],[12.84938,41.40892],[13.08854,41.24384],[13.24677,41.2888],[13.55476,41.23219],[13.66958,41.25441],[13.73361,41.23536],[13.85955,41.13005],[14.04739,40.87024],[14.04424,40.81203],[14.30882,40.81255],[14.4607,40.72896],[14.34004,40.59879],[14.766,40.66863],[14.83954,40.63],[14.94749,40.46913],[14.98615,40.37759],[14.92899,40.30932],[14.95069,40.23894],[15.29465,40.07014],[15.58518,40.05267],[15.69256,39.99025],[15.85452,39.6267],[16.02386,39.35365],[16.10742,39.02398],[16.2101,38.94088],[16.19687,38.75939],[15.97249,38.71283],[15.92702,38.67154],[15.87885,38.61387],[15.9048,38.4837],[15.82222,38.30273],[15.69044,38.24769],[15.49888,38.29107],[15.11895,38.15297],[14.78983,38.16726],[14.50566,38.04556],[14.28763,38.01698],[14.05003,38.04078],[13.78865,37.98099],[13.68173,38.00057],[13.29121,38.1916],[13.16,38.19054],[13.05681,38.13075],[13.04885,38.08419],[12.90281,38.03497],[12.73455,38.18312],[12.66417,38.10798],[12.54774,38.05295],[12.43555,37.8196],[12.45462,37.77356],[12.47472,37.74444]]]}},{"type":"Feature","id":"Q47632","properties":{"id":"Q47632","regionType":"sea"},"geometry":{"type":"Polygon","coordinates":[[[95.2353,5.56901],[95.00302,5.76797],[94.07698,6.26168],[93.53034,6.84377],[93.0451,7.6862],[92.42808,9.17634],[92.20004,10.35425],[92.27781,11.65919],[92.55986,13.24668],[92.93028,14.39339],[93.74201,15.82213],[94.23097,16.24389],[94.2241,16.01634],[94.29918,16.00734],[94.44155,16.09413],[94.66542,16.33595],[94.7035,16.51217],[94.66164,15.90415],[94.79822,15.97083],[94.89295,16.18302],[94.94271,15.81844],[95.17712,15.82583],[95.34698,16.09783],[95.36496,15.98564],[95.30145,15.75599],[95.34858,15.72953],[95.50831,15.80521],[97.8092,14.94477],[97.86899,14.73892],[97.93674,14.7638],[98.01875,14.65267],[97.9293,14.69554],[97.90971,14.65267],[97.99865,14.33517],[98.10025,14.16162],[98.0727,13.98646],[98.11084,13.71288],[98.14944,13.6478],[98.20024,13.9801],[98.2452,13.7335],[98.57593,13.16201],[98.66326,12.66248],[98.62466,12.44077],[98.67861,12.34868],[98.60032,12.24551],[98.69607,12.22538],[98.63629,11.73856],[98.69344,11.71846],[98.80454,11.77931],[98.87601,11.71952],[98.7416,11.59144],[98.74475,11.24061],[98.68285,11.1332],[98.67545,10.98713],[98.46482,10.67599],[98.52301,10.35319],[98.49712,10.18227],[98.5627,10.03518],[98.70243,10.19021],[98.37118,9.29062],[98.32617,8.96891],[98.24205,8.76781],[98.23832,8.42334],[98.32302,8.16457],[98.26215,7.9259],[98.30132,7.77562],[95.45069,5.62669],[95.2798,5.59281],[95.2353,5.56901]],[[98.37646,11.79148],[98.43464,11.5671],[98.52833,11.53852],[98.52358,11.80471],[98.37646,11.79148]],[[98.3315,12.51167],[98.31403,12.33599],[98.38069,12.35346],[98.45955,12.47358],[98.46803,12.57146],[98.31243,12.67835],[98.30235,12.61168],[98.3315,12.51167]],[[93.70914,7.00092],[93.82877,6.7485],[93.92934,6.9734],[93.85895,7.20677],[93.82247,7.23641],[93.68434,7.18349],[93.65788,7.01626],[93.70914,7.00092]],[[92.8308,13.00275],[92.7398,12.77943],[92.72073,12.5413],[92.71913,12.35715],[92.78848,12.22592],[92.67629,12.19259],[92.60751,11.94968],[92.53392,11.87349],[92.70063,11.51261],[92.79747,11.87455],[92.7477,11.99255],[92.87948,12.22804],[92.86361,12.43599],[92.93291,12.45294],[92.99007,12.53867],[92.96521,12.85033],[92.88635,12.94241],[93.06629,13.2218],[93.01601,13.33611],[93.07683,13.40068],[93.06205,13.54566],[92.92444,13.48587],[92.85726,13.35833],[92.80909,13.03977],[92.8308,13.00275]],[[92.55402,10.79981],[92.5101,10.89771],[92.37093,10.79348],[92.36938,10.54739],[92.47253,10.52093],[92.57412,10.70402],[92.55402,10.79981]]]}},{"type":"Feature","id":"Q45341","properties":{"id":"Q45341","regionType":"sea"},"geometry":{"type":"Polygon","coordinates":[[[127.65632,26.09484],[127.00861,25.27675],[125.31528,24.11258],[123.97489,23.6538],[123.09278,23.93585],[122.17573,24.74759],[121.85295,25.10426],[121.59364,25.27518],[121.44972,25.24923],[121.36559,25.15929],[121.08509,25.05927],[119.26366,25.27094],[119.14625,25.41434],[119.26319,25.46777],[119.6225,25.39106],[119.5394,25.59107],[119.64844,25.91862],[119.61878,26.00384],[119.33197,25.9488],[119.13937,26.12184],[119.46323,26.05464],[119.88124,26.33403],[119.78497,26.54675],[119.63831,26.62137],[119.58808,26.78488],[119.71035,26.72878],[119.82409,26.84627],[119.88233,26.61026],[119.96806,26.58644],[120.04314,26.63406],[120.27868,27.09708],[120.38452,27.15529],[120.60781,27.41246],[120.58771,27.58075],[120.83271,27.89137],[120.74749,28.00989],[120.95864,28.03689],[121.14597,28.32688],[121.21687,28.34592],[121.27242,28.2221],[121.51003,28.32421],[121.61002,28.29194],[121.4751,28.6412],[121.63018,28.76768],[121.66242,28.85129],[121.54021,28.93172],[121.64072,28.91583],[121.67937,28.95288],[121.66506,29.01056],[121.4476,29.13119],[121.53385,29.23651],[121.71746,29.25661],[121.85347,29.1291],[121.9175,29.13491],[121.9683,29.4905],[121.94132,29.60587],[121.88784,29.62757],[121.69048,29.51114],[121.50631,29.48469],[122.08312,29.87045],[122.00271,29.88898],[122.01486,30.02285],[122.29582,29.9636],[122.32228,30.03132],[122.28414,30.06783],[121.99899,30.14245],[121.86298,30.9108],[121.9494,31.45644],[121.80531,31.97919],[126.1868,33.27352],[126.28204,33.20157],[126.59639,33.24177],[127.07951,32.93169],[128.69719,32.44962],[129.01944,32.50835],[129.65708,32.99517],[129.68989,32.87505],[129.82694,32.72532],[129.76875,32.57078],[130.05395,32.77082],[130.29792,32.67503],[130.35347,32.8105],[130.27993,32.8666],[130.17514,32.85125],[130.12697,33.10472],[130.23756,33.17774],[130.38153,33.09255],[130.5471,32.83167],[130.56937,32.73431],[130.49791,32.65702],[130.64027,32.61948],[130.39476,32.21889],[130.19472,32.09083],[130.18785,31.7691],[130.32226,31.60135],[130.2942,31.45053],[130.14707,31.40873],[130.20056,31.29179],[130.58896,31.17856],[130.64451,31.26745],[130.54028,31.40292],[130.55614,31.56327],[130.6551,31.7183],[130.77629,31.70613],[130.79639,31.62412],[130.7043,31.57756],[130.79003,31.26905],[130.6842,31.0595],[130.71278,30.99175],[130.60694,30.60335],[130.85406,30.21547],[130.67784,29.79213],[129.44753,28.3909],[129.16445,28.24962],[129.28563,28.19247],[129.19246,28.19247],[129.22475,28.11839],[128.98451,27.82468],[128.95164,27.91042],[128.90772,27.89825],[128.90622,27.72521],[128.09552,26.66687],[128.04684,26.64308],[127.90711,26.69333],[127.89073,26.63088],[127.94576,26.59386],[127.72882,26.43405],[127.65312,26.09484],[127.65632,26.09484]],[[130.44556,30.26469],[130.62281,30.26309],[130.67309,30.3668],[130.49739,30.46576],[130.38789,30.38797],[130.44556,30.26469]],[[129.99313,32.22842],[130.00367,32.194],[130.08253,32.22948],[130.19947,32.34061],[130.16774,32.54117],[130.00951,32.52158],[129.97928,32.34642],[130.01747,32.29193],[129.96032,32.24377],[129.99313,32.22842]]]}},{"type":"Feature","id":"Q37960","properties":{"id":"Q37960","regionType":"sea"},"geometry":{"type":"Polygon","coordinates":[[[126.52972,34.31703],[126.36038,33.46615],[126.19951,33.36825],[126.17993,33.26717],[121.78144,31.95802],[121.45076,32.15328],[121.40368,32.2062],[121.40104,32.37182],[121.34177,32.42526],[120.85333,32.66129],[120.89725,32.84332],[120.87131,33.01636],[120.50461,33.63813],[120.26649,34.27419],[119.96377,34.44774],[119.58281,34.58215],[119.35156,34.74938],[119.20077,34.74832],[119.16532,34.84886],[119.21555,35.01182],[119.35264,35.11395],[119.4299,35.30128],[119.71986,35.58863],[119.97865,35.73996],[120.05482,35.86115],[120.28499,35.98445],[120.18127,36.01723],[120.09399,36.11886],[120.11673,36.15007],[120.32788,36.22838],[120.33,36.10984],[120.39294,36.05377],[120.68083,36.16859],[120.71153,36.41307],[120.77602,36.45646],[120.89565,36.44429],[120.811,36.63267],[121.05388,36.61151],[121.93285,36.95971],[122.1625,36.95865],[122.24239,36.84964],[122.34083,36.83217],[122.51968,36.947],[122.5234,37.00255],[122.44667,37.06818],[122.58743,37.18088],[122.57312,37.31795],[122.66681,37.4026],[122.33763,37.40526],[122.05666,37.52908],[121.96509,37.44547],[121.6402,37.4603],[121.38833,37.57882],[121.21951,37.59998],[120.87875,37.78731],[121.16344,38.73187],[121.32007,38.80807],[121.64971,38.86523],[121.63281,38.95465],[121.67726,39.00333],[121.86458,38.99646],[121.98256,39.05307],[122.33499,39.36636],[122.83977,39.60076],[123.22667,39.68649],[123.34837,39.76269],[123.5806,39.78597],[123.65104,39.88175],[123.76007,39.82248],[124.10553,39.84101],[124.35006,40.01141],[124.34846,39.90661],[124.55749,39.79075],[124.63847,39.61505],[124.73211,39.6521],[124.775,39.75794],[125.09989,39.59019],[125.3608,39.52668],[125.40948,39.28856],[125.15756,38.87158],[125.16867,38.80544],[125.55443,38.68637],[125.30939,38.66521],[125.06707,38.55672],[124.88083,38.34187],[124.87448,38.2334],[124.69087,38.12915],[125.20681,38.08153],[125.24649,38.05667],[124.98878,37.93125],[125.31052,37.8434],[125.3576,37.72488],[125.44917,37.73015],[125.76931,37.98523],[125.9418,37.87358],[126.05022,37.86986],[126.11636,37.74286],[126.20323,37.8286],[126.36989,37.87833],[126.62331,37.78994],[126.56357,37.71641],[126.65669,37.5513],[126.65034,37.44707],[126.79059,37.29465],[126.74666,37.1936],[126.86893,36.97557],[126.97688,36.93958],[126.87208,36.82421],[126.78423,36.9486],[126.48678,37.00733],[126.21698,36.8708],[126.16034,36.77184],[126.18101,36.6914],[126.38896,36.6512],[126.48792,36.69407],[126.54822,36.47762],[126.54032,36.16596],[126.69375,36.01408],[126.6477,35.92254],[126.75302,35.87171],[126.71757,35.76908],[126.48843,35.64682],[126.48632,35.6061],[126.61437,35.57116],[126.49267,35.5013],[126.29103,35.15418],[126.42064,34.82346],[126.59323,34.82451],[126.47309,34.75625],[126.5244,34.69804],[126.30111,34.71974],[126.26457,34.67318],[126.48156,34.49379],[126.50854,34.35036],[126.52972,34.31703]],[[126.34395,34.5451],[126.24767,34.56311],[126.10851,34.39852],[126.23393,34.37049],[126.37997,34.49802],[126.34395,34.5451]]]}},{"type":"Feature","id":"Q5484","properties":{"id":"Q5484","regionType":"sea"},"geometry":{"type":"Polygon","coordinates":[[[52.85014,41.20043],[52.94326,41.03799],[52.73371,40.39875],[52.80461,40.05427],[53.03535,39.77432],[52.95225,39.89552],[52.9877,39.98759],[53.45444,39.94103],[53.48726,39.90927],[53.47243,39.66903],[53.5825,39.60766],[53.60312,39.54678],[53.3899,39.53619],[53.2359,39.60869],[53.12475,39.43196],[53.15653,39.26474],[53.33641,39.34096],[53.70471,39.20973],[53.7243,39.10335],[53.86879,38.94935],[53.82326,37.92807],[54.01642,36.84964],[53.90635,36.81258],[53.67934,36.85333],[53.91535,36.93005],[53.76771,36.93005],[52.19028,36.62156],[51.76214,36.61469],[50.92767,36.80995],[50.3382,37.14913],[50.1302,37.40738],[49.47035,37.49681],[49.17135,37.60052],[49.01528,37.7762],[48.92531,38.01538],[48.85441,38.83877],[49.01368,39.13405],[49.11156,39.08482],[49.12112,39.00387],[49.16556,39.03033],[49.26927,39.28538],[49.36291,39.34941],[49.32431,39.60818],[49.47722,40.08706],[49.55132,40.19396],[49.91905,40.3162],[50.36569,40.27969],[50.30694,40.41198],[50.1826,40.50458],[49.99052,40.57654],[49.77622,40.58396],[49.4566,40.79986],[49.22638,41.02633],[49.1068,41.30151],[48.82372,41.6296],[48.6644,41.78675],[48.38395,41.95343],[48.0802,42.35349],[47.72782,42.68052],[47.70926,42.8107],[47.46323,43.03505],[47.51295,43.21868],[47.50871,43.50972],[47.64632,43.88438],[47.56271,43.83464],[47.46266,43.55522],[47.30712,44.10292],[47.02347,44.34316],[46.7208,44.45163],[46.75521,44.65642],[46.95732,44.78236],[47.00285,44.87602],[47.08382,44.81677],[47.35104,45.21786],[47.41295,45.42105],[47.51455,45.49092],[47.52406,45.60151],[47.46323,45.67985],[47.63309,45.58407],[47.70136,45.68618],[47.82993,45.6629],[48.15906,45.73698],[48.48715,45.9349],[48.72951,45.89679],[48.68347,46.08623],[49.07983,46.18943],[49.1253,46.28149],[49.24597,46.29154],[49.20576,46.38575],[49.28565,46.43655],[49.36188,46.41009],[49.34756,46.51907],[49.88629,46.59581],[50.41912,46.87946],[50.58263,46.8821],[51.17794,47.11017],[51.61507,47.02974],[51.74468,46.93396],[52.01086,46.90169],[52.1384,46.82867],[52.48344,46.99057],[52.91577,46.9546],[53.03483,46.89269],[53.17027,46.66886],[53.06392,46.47517],[53.13534,46.19155],[53.0417,45.96771],[52.77392,45.57296],[52.83743,45.49673],[53.20045,45.33217],[52.91045,45.31948],[52.42681,45.40467],[51.41555,45.35811],[51.24993,45.12156],[51.00917,44.92207],[51.05785,44.81148],[51.31023,44.61885],[51.5436,44.531],[51.17691,44.50139],[50.86044,44.6289],[50.40962,44.62415],[50.29743,44.58183],[50.25299,44.46171],[50.27572,44.35533],[50.33127,44.32569],[50.68479,44.26484],[50.83083,44.19286],[51.06472,43.74997],[51.30181,43.4822],[51.29545,43.17421],[51.61611,43.15835],[51.89816,42.86942],[52.18393,42.86891],[52.27281,42.79958],[52.49399,42.82023],[52.59667,42.76041],[52.63847,42.55565],[52.46225,42.10056],[52.46753,41.88571],[52.60938,41.52958],[52.8258,41.23061],[52.85014,41.20043]]]}},{"type":"Feature","id":"Q41602","properties":{"id":"Q41602","regionType":"sea"},"geometry":{"type":"Polygon","coordinates":[[[157.13618,51.17416],[156.25406,50.21797],[153.55531,47.83672],[151.80906,46.56672],[149.42781,45.34963],[147.04656,43.81505],[146.1676,43.36051],[145.67331,43.38908],[145.43632,43.28219],[145.34103,43.30229],[145.10084,43.76477],[145.36961,44.32729],[144.71507,43.92776],[144.4817,43.94946],[144.10121,44.10134],[143.75937,44.13149],[142.88464,44.67019],[141.94641,45.50415],[142.07027,45.92167],[142.2084,46.08889],[142.35021,46.45877],[142.57769,46.70059],[142.69205,46.71066],[142.82909,46.60535],[143.28255,46.55876],[143.3519,46.47623],[143.43185,46.02856],[143.58052,46.36087],[143.48579,46.75193],[143.21749,46.79479],[142.94025,47.3229],[142.74543,47.45256],[142.55712,47.73776],[142.57407,48.07221],[143.10478,49.19881],[143.38208,49.29087],[143.73234,49.31203],[144.04881,49.24906],[144.53617,48.89348],[144.71399,48.64052],[144.68541,48.87123],[144.34145,49.18025],[144.04778,49.89571],[143.81601,50.28254],[143.45562,51.47156],[143.32069,51.58321],[143.19052,51.94463],[143.17253,52.34944],[143.32332,52.61351],[143.32493,52.96328],[143.22385,53.29613],[142.91803,53.79408],[142.97621,54.14119],[142.69251,54.41585],[142.55179,54.27881],[139.70752,54.2772],[139.31969,54.19308],[138.6958,54.32007],[138.65715,54.29837],[138.72169,54.04383],[138.66087,53.74486],[138.45075,53.53691],[138.24968,53.5242],[138.5693,53.81894],[138.52801,53.9597],[138.37877,53.90942],[138.25288,53.72633],[137.95073,53.60358],[137.32839,53.53901],[137.22153,53.57924],[137.51681,53.70729],[137.64486,53.86604],[137.83482,53.94647],[137.62264,53.9703],[137.33893,54.10047],[137.66605,54.28356],[138.20948,55.03339],[138.12375,56.48172],[138.21795,56.62882],[139.18151,57.2617],[139.50645,57.35854],[140.00229,57.68769],[140.44681,57.81363],[140.7902,58.30362],[141.60302,58.64919],[142.02532,58.9995],[142.58037,59.24026],[143.19212,59.36992],[143.52388,59.34346],[143.86892,59.41118],[145.5543,59.4133],[145.75641,59.37361],[145.93159,59.19845],[146.04962,59.17042],[146.27343,59.22173],[146.44432,59.43022],[146.5375,59.4572],[147.51433,59.26884],[147.87473,59.3879],[148.25729,59.41436],[148.49117,59.26248],[148.72666,59.25773],[148.91399,59.28258],[148.96479,59.36937],[148.74413,59.37361],[148.70868,59.44875],[148.79705,59.53236],[148.9251,59.47521],[149.20503,59.48844],[149.06535,59.63078],[149.29025,59.72868],[149.64263,59.77049],[150.66711,59.55618],[150.48351,59.49425],[150.82318,59.46092],[151.03381,59.58579],[151.34816,59.56094],[151.79795,59.32333],[152.26045,59.22385],[151.12114,59.08257],[151.32697,58.87512],[152.08791,58.91059],[152.16521,58.99684],[152.31973,59.03071],[152.81763,58.92645],[153.07741,59.08203],[153.27274,59.09156],[153.36111,59.21486],[153.69499,59.22491],[154.01094,59.07567],[154.45804,59.21644],[154.70356,59.1413],[155.15976,59.18998],[156.81496,57.76758],[156.96368,57.56122],[156.97691,57.46649],[156.72819,57.15217],[155.98255,56.69496],[155.71642,56.07213],[155.55503,55.34877],[155.62009,54.86458],[155.95031,53.74432],[156.11014,52.86592],[156.22863,52.62619],[156.36465,52.50925],[156.49007,51.91288],[156.52123,51.38002],[156.67104,51.22708],[156.74778,50.9694],[156.84725,51.00642],[157.13618,51.17416]],[[156.37627,50.86196],[156.16776,50.73179],[156.36573,50.63389],[156.48319,50.75137],[156.45565,50.85932],[156.37627,50.86196]],[[156.1228,50.67146],[156.09691,50.77202],[156.00167,50.75719],[155.67994,50.40054],[155.21846,50.29786],[155.2428,50.09467],[155.39732,50.04124],[155.51638,50.14547],[155.79264,50.2021],[156.10058,50.55929],[156.1228,50.67146]],[[154.61101,49.29405],[154.81043,49.31203],[154.80257,49.46814],[154.89941,49.63059],[154.82479,49.647],[154.61313,49.38084],[154.61101,49.29405]],[[151.72333,46.82867],[151.81536,46.78738],[152.28903,47.14245],[152.16573,47.11069],[151.86409,46.86887],[151.71542,46.85246],[151.72333,46.82867]],[[150.30889,46.20054],[149.66593,45.83963],[149.44688,45.59357],[149.68764,45.64225],[150.55332,46.20847],[150.34858,46.21323],[150.30889,46.20054]],[[148.61236,45.48456],[148.32395,45.28243],[148.05621,45.2623],[147.92392,45.38348],[147.88584,45.22582],[147.2466,44.85592],[146.89732,44.40452],[147.20743,44.55377],[147.65768,44.9771],[147.91385,44.99033],[148.26199,45.21683],[148.79069,45.32369],[148.82614,45.48616],[148.70651,45.52056],[148.61236,45.48456]],[[146.51636,44.37491],[146.56767,44.44052],[146.35601,44.42465],[146.11204,44.50033],[145.74845,44.07168],[145.46164,43.87115],[145.43891,43.73725],[145.5559,43.66478],[145.5866,43.8452],[146.11256,44.24578],[146.43636,44.37543],[146.51636,44.37491]]]}},{"type":"Feature","id":"Q159183","properties":{"id":"Q159183","regionType":"sea"},"geometry":{"type":"Polygon","coordinates":[[[139.03816,34.77],[139.79698,33.91963],[140.11448,33.12588],[140.48489,31.9088],[140.48489,31.11505],[140.90823,30.0038],[142.44281,27.62255],[142.54864,26.72297],[142.44281,25.98213],[142.12531,25.02963],[141.54323,23.86547],[141.54323,22.54255],[141.80781,21.7488],[142.38989,21.27255],[144.66531,20.90214],[145.35323,20.63755],[146.19989,18.83838],[146.30573,16.61588],[146.19989,15.66338],[145.88239,14.60505],[145.24739,13.44088],[144.71823,12.91172],[128.57441,2.62155],[126.93983,4.27995],[126.8572,4.19476],[126.92128,4.29106],[126.81229,4.53714],[126.72072,4.41596],[126.81332,4.25827],[126.66677,4.01748],[126.72181,3.83227],[126.64553,4.00373],[125.63329,3.40524],[125.51159,3.46134],[125.42483,3.70528],[125.3777,5.61769],[125.66771,5.98545],[126.18944,6.30985],[126.19212,6.85276],[126.54662,7.17607],[126.59323,7.54703],[126.43552,7.83278],[126.45882,8.20265],[126.36513,8.48364],[126.13972,8.59583],[126.31961,8.84455],[126.09792,9.76687],[125.991,9.83831],[126.05823,10.03145],[125.64177,10.42833],[125.7492,11.07338],[125.5735,11.23849],[125.49201,11.5941],[125.45656,11.95235],[125.53542,12.19153],[125.15017,12.57251],[124.56597,12.52595],[124.10134,12.68788],[124.14263,13.03553],[123.78493,13.11067],[123.81929,13.26942],[123.54944,13.64568],[123.80607,13.72188],[123.85743,13.79965],[123.72566,13.88432],[123.32031,14.0616],[123.29705,13.83618],[123.10177,13.75045],[122.93403,14.18807],[122.62712,14.31771],[122.19955,14.14785],[122.2874,13.99599],[122.21169,13.93036],[121.85347,14.06317],[121.64868,14.48175],[121.68573,14.76538],[121.39893,15.26651],[121.60687,15.66974],[121.59525,15.93327],[122.13501,16.18462],[122.51917,17.12495],[122.40749,17.17838],[122.15242,17.66417],[122.17945,18.06422],[122.31489,18.32033],[122.17945,18.49285],[122.26621,19.65066],[122.05351,20.44069],[121.86246,20.75556],[121.79043,20.70106],[121.79523,20.86614],[120.82211,21.93032],[120.94702,22.50286],[121.39732,23.17225],[121.82805,24.53434],[121.82014,24.82433],[121.96406,24.99419],[123.09278,23.93585],[123.97489,23.6538],[125.31528,24.11258],[127.00861,25.27675],[127.65632,26.09484],[127.80339,26.15254],[127.93202,26.45309],[128.31091,26.72085],[128.25799,26.87854],[128.90622,27.72521],[128.90772,27.89825],[128.98451,27.82468],[129.22475,28.11839],[129.19246,28.19247],[129.36655,28.1279],[129.71051,28.43217],[129.68938,28.51738],[129.44753,28.3909],[130.67784,29.79213],[130.85406,30.21547],[130.60694,30.60335],[130.69955,31.02139],[131.09854,31.25633],[131.071,31.43679],[131.33718,31.40452],[131.66052,32.46549],[132.00448,32.89412],[132.70873,32.90257],[132.6416,32.76234],[132.87016,32.75441],[133.28611,33.35977],[133.68562,33.5164],[133.95868,33.44814],[134.18145,33.24707],[134.30635,33.527],[134.54872,33.72913],[135.17101,33.90798],[135.45306,33.55346],[135.69542,33.48677],[135.91608,33.56193],[136.3299,34.1768],[136.85375,34.3239],[136.8802,34.43345],[136.53309,34.67845],[136.80403,35.05047],[136.8971,35.03564],[136.87121,34.73297],[136.94423,34.72132],[136.9633,34.83508],[137.27496,34.77266],[137.28767,34.70333],[137.06169,34.58267],[137.54326,34.66416],[138.18932,34.59644],[138.57726,35.08644],[138.71957,35.12401],[138.9037,35.02505],[138.80267,34.97479],[138.79528,34.65093],[139.01542,34.73615],[139.03816,34.77]],[[144.83677,13.6224],[144.64939,13.42872],[144.69973,13.2578],[144.941,13.57054],[144.87532,13.61444],[144.83677,13.6224]],[[130.87044,30.44406],[130.95989,30.39698],[131.06045,30.82825],[130.93979,30.57529],[130.87044,30.44406]],[[124.22459,14.07746],[124.03892,13.66315],[124.17545,13.53137],[124.40407,13.67953],[124.41729,13.87109],[124.30826,13.94677],[124.22459,14.07746]],[[122.01749,14.96542],[121.83973,15.03792],[121.93285,14.65585],[122.02173,14.75957],[121.97042,14.89292],[122.01749,14.96542]]]}},{"type":"Feature","id":"Q44133","properties":{"id":"Q44133","regionType":"sea"},"geometry":{"type":"Polygon","coordinates":[[[38.97698,68.27526],[38.99073,68.31547],[43.27698,68.63297],[43.33304,68.67317],[43.404,68.60863],[44.16917,68.32712],[44.22632,68.1546],[44.22524,67.99585],[44.03631,67.67039],[43.85642,67.43917],[43.78232,67.2545],[43.85534,67.18887],[44.07445,67.16717],[44.2919,67.09945],[44.40409,67.0042],[44.48879,66.67187],[44.22048,66.40729],[44.09719,66.23531],[44.14535,66.11255],[44.10457,66.00884],[43.84371,66.14219],[43.73685,66.1586],[43.54208,66.12366],[43.55055,66.1734],[43.65323,66.2512],[43.55107,66.32104],[43.23305,66.41574],[42.60229,66.42264],[42.45093,66.48243],[42.21068,66.51948],[42.08372,66.46602],[41.78105,66.25911],[41.47569,66.12366],[41.07618,66.02098],[40.69145,65.96331],[40.32791,65.75165],[39.81677,65.59819],[39.74903,65.44792],[39.79822,65.35002],[40.1427,65.06321],[40.28135,64.99813],[40.4449,64.77853],[40.40785,64.7547],[40.05805,64.77057],[39.8485,64.69068],[39.75802,64.57689],[39.56754,64.57055],[39.05372,64.71396],[38.54093,64.79121],[38.41179,64.85682],[38.00965,64.87852],[37.52813,65.10817],[37.14076,65.19445],[36.88305,65.1722],[36.78569,64.98699],[36.65288,64.93568],[36.53434,64.93885],[36.52798,64.84731],[36.57878,64.79121],[37.1836,64.40863],[37.42968,64.37369],[37.74083,64.397],[37.95358,64.32026],[37.97735,64.20701],[38.06205,64.09113],[38.07104,64.02604],[37.96784,63.94933],[37.63551,63.89323],[37.4424,63.81332],[36.365,64.00276],[36.14646,64.18903],[35.6469,64.37845],[35.43208,64.34672],[35.03521,64.44038],[34.86958,64.55996],[34.85847,64.70654],[34.95211,64.75576],[34.83253,64.80021],[34.80344,64.98596],[34.67115,65.16799],[34.40656,65.39552],[34.61559,65.50983],[34.77698,65.76805],[34.78649,65.86438],[34.69176,65.95168],[34.39969,66.12842],[34.11288,66.22526],[33.36037,66.32952],[33.59323,66.38453],[33.65622,66.44274],[33.21754,66.53165],[33.18312,66.57397],[33.22441,66.60361],[33.18049,66.67981],[32.86247,66.72161],[32.85715,66.74701],[32.46348,66.91635],[32.50104,67.00366],[32.20153,67.11319],[31.89514,67.16135],[32.39997,67.15288],[32.93017,67.08673],[32.84764,67.02165],[33.15031,66.84385],[33.48212,66.76448],[33.59535,66.78458],[33.89378,66.70678],[34.14622,66.70309],[34.45152,66.65123],[34.39597,66.61314],[34.48273,66.55015],[34.82457,66.61102],[35.51357,66.39566],[36.37347,66.30252],[36.98361,66.27234],[37.29476,66.22526],[37.62812,66.12948],[38.39753,66.06439],[39.28916,66.13214],[40.10358,66.29988],[40.52159,66.44646],[41.18889,66.82639],[41.27565,66.91424],[41.35875,67.20949],[41.13385,67.26719],[41.13385,67.38625],[41.06083,67.44446],[40.96663,67.71328],[40.38082,67.8318],[39.80933,68.15088],[39.74639,68.16199],[39.82313,68.05882],[39.56909,68.0715],[38.97698,68.27526]],[[35.72896,65.19762],[35.52892,65.15106],[35.55853,65.09337],[35.68028,65.0574],[35.77867,64.97642],[35.84219,65.0013],[35.82735,65.03675],[35.85857,65.07802],[35.81624,65.18228],[35.72896,65.19762]]]}},{"type":"Feature","id":"Q35000","properties":{"id":"Q35000","regionType":"sea"},"geometry":{"type":"Polygon","coordinates":[[[36.72058,45.37186],[36.29037,45.45653],[36.17079,45.45335],[36.07716,45.42426],[36.01313,45.37186],[35.83371,45.40149],[35.55802,45.31101],[35.4575,45.3163],[35.2601,45.44699],[35.02301,45.70098],[34.85739,45.98727],[34.84948,46.18995],[35.06378,46.2672],[35.23049,46.44078],[35.29183,46.37092],[35.2802,46.27937],[35.01459,46.10582],[35.13256,46.12592],[35.25695,46.20369],[35.40035,46.38151],[35.82684,46.62439],[36.02476,46.66671],[36.19462,46.64558],[36.27926,46.65881],[36.43223,46.73234],[36.55868,46.76252],[36.68885,46.7641],[36.79469,46.71436],[36.93225,46.82495],[37.04764,46.87626],[37.21854,46.91755],[37.33972,46.91703],[37.54348,47.0747],[37.82868,47.09589],[38.17848,47.08002],[38.48487,47.17526],[38.57747,47.23929],[38.76211,47.26151],[38.55256,47.15038],[38.66795,47.14405],[38.9283,47.17578],[39.02354,47.2721],[39.19552,47.26892],[39.29339,47.10594],[39.27066,47.04403],[39.12674,47.02338],[38.80128,46.90592],[38.43882,46.81332],[38.50073,46.66356],[38.22979,46.70113],[37.96784,46.61806],[37.76677,46.63604],[37.80961,46.5323],[37.91389,46.40639],[37.97735,46.38309],[38.07791,46.39422],[38.315,46.2418],[38.49226,46.09047],[38.18375,46.09471],[38.07952,45.9349],[38.07368,46.01691],[38.0144,46.0476],[37.93291,46.00156],[37.84082,45.79943],[37.66941,45.65391],[37.61226,45.56448],[37.61014,45.49939],[37.67205,45.48828],[37.64719,45.37715],[37.26406,45.31101],[37.21378,45.27238],[37.10371,45.30307],[36.8661,45.42689],[36.79365,45.40994],[36.72058,45.37186]]]}},{"type":"Feature","id":"Q35367","properties":{"id":"Q35367","regionType":"sea"},"geometry":{"type":"Polygon","coordinates":[[[28.95775,41.01047],[29.04663,41.00677],[29.11381,40.93797],[29.36465,40.8094],[29.84937,40.76017],[29.84513,40.73795],[29.05402,40.64904],[28.95826,40.63052],[28.78789,40.53422],[29.05511,40.42415],[29.00694,40.38976],[28.63017,40.37653],[28.28885,40.40299],[27.96236,40.36963],[27.92902,40.38022],[27.99465,40.4665],[27.98933,40.48923],[27.87507,40.51306],[27.76924,40.50988],[27.73167,40.4813],[27.84862,40.38182],[27.72795,40.32891],[27.47551,40.31992],[27.33268,40.37599],[27.28452,40.45536],[27.12153,40.45221],[27.01197,40.39609],[26.73628,40.39929],[26.67964,40.42627],[26.77225,40.49823],[27.25806,40.68713],[27.43004,40.84007],[27.49933,40.9729],[27.74754,41.0131],[27.9253,40.99037],[28.1719,41.08085],[28.78045,40.97396],[28.95614,41.00835],[28.95775,41.01047]]]}},{"type":"Feature","id":"Q181969","properties":{"id":"Q181969","regionType":"sea"},"geometry":{"type":"Polygon","coordinates":[[[121.16344,38.73187],[120.87875,37.78731],[120.75013,37.83389],[120.28447,37.69207],[120.25698,37.67884],[120.31145,37.62274],[120.1559,37.4952],[119.88284,37.35074],[119.8876,37.25339],[119.76063,37.15494],[119.45,37.12479],[119.28753,37.13856],[119.11183,37.20099],[118.95256,37.33118],[118.99065,37.64127],[119.08909,37.70054],[119.0383,37.77671],[119.0277,37.90373],[118.93985,38.0429],[118.80017,38.12651],[118.54354,38.09475],[118.01489,38.18366],[117.76669,38.31172],[117.65611,38.42442],[117.55771,38.62498],[117.55399,38.69167],[117.78468,39.13456],[117.8656,39.1912],[118.04084,39.22665],[118.1477,39.1949],[118.29793,39.06684],[118.62659,39.17691],[118.97685,39.18272],[119.22459,39.40816],[119.26107,39.56107],[119.39124,39.75264],[119.59128,39.9024],[120.47924,40.23101],[120.7708,40.58925],[121.17455,40.90146],[121.72909,40.84588],[121.83492,40.97448],[121.85874,40.84218],[122.14028,40.68821],[122.17888,40.60248],[122.2752,40.54161],[122.26409,40.50035],[122.19107,40.358],[121.80107,39.95056],[121.51742,39.84473],[121.47406,39.75476],[121.51742,39.63887],[121.40632,39.62141],[121.26767,39.54467],[121.29997,39.45206],[121.27563,39.38486],[121.81854,39.38646],[121.62749,39.22029],[121.67989,39.10865],[121.1068,38.92078],[121.12163,38.81337],[121.16344,38.73187]]]}},{"type":"Feature","id":"Q42820","properties":{"id":"Q42820","regionType":"sea"},"geometry":{"type":"Polygon","coordinates":[[[9.38385,43.0213],[7.82178,43.8267],[8.08155,43.91877],[8.29219,44.13679],[8.55202,44.34634],[8.7658,44.42253],[8.93034,44.40773],[9.19601,44.32303],[9.28913,44.31934],[9.76486,44.09286],[9.38385,43.0213]]]}},{"type":"Feature","id":"Q5456","properties":{"id":"Q5456","regionType":"mountain_range"},"geometry":{"type":"MultiPolygon","coordinates":[[[[-68.33582,10.73622],[-68.32445,10.53168],[-68.13994,10.49273],[-66.12243,10.50818],[-65.81969,10.21418],[-68.74779,9.79084],[-70.86443,8.20331],[-71.84337,7.30372],[-71.68663,6.36304],[-73.56316,4.07581],[-73.79394,2.30756],[-76.68529,0.63624],[-77.47899,-1.32171],[-77.32024,-4.54962],[-75.52111,-6.29583],[-75.30944,-9.15338],[-73.19274,-11.26995],[-71.12902,-12.43414],[-68.03386,-13.91399],[-65.21044,-16.97759],[-63.45611,-17.77874],[-63.08568,-20.15997],[-64.56737,-25.98089],[-65.57274,-27.30377],[-65.09649,-28.36211],[-66.63109,-29.42047],[-67.58361,-31.74871],[-68.58898,-32.54254],[-69.06524,-34.02423],[-69.38274,-35.50579],[-69.17107,-35.98211],[-68.69481,-36.08794],[-70.81151,-41.69708],[-71.0761,-42.9671],[-70.70568,-44.55462],[-70.97026,-45.77166],[-72.34612,-49.63458],[-71.9757,-52.06878],[-70.80846,-52.80543],[-70.99585,-53.7793],[-71.29775,-53.8834],[-72.17441,-53.63232],[-72.41289,-53.35019],[-71.9417,-53.23408],[-71.82822,-53.39834],[-71.8917,-53.52354],[-71.79145,-53.48457],[-71.74053,-53.23262],[-71.28897,-53.03369],[-71.16328,-52.88809],[-71.22715,-52.81065],[-71.38774,-52.76426],[-72.27803,-53.13232],[-72.54893,-53.46074],[-73.05273,-53.24346],[-72.72769,-52.7623],[-72.45347,-52.81445],[-72.11758,-52.65],[-71.51128,-52.60537],[-72.71211,-52.53555],[-73.12246,-53.07393],[-73.64521,-52.83701],[-73.07319,-52.53506],[-73.6849,-52.66654],[-73.68433,-52.07773],[-73.26045,-52.15781],[-72.7354,-51.96055],[-72.57085,-52.2001],[-72.67705,-52.38467],[-72.52334,-52.25547],[-72.62461,-51.94648],[-72.48965,-51.76367],[-73.12676,-51.43994],[-72.60005,-51.79912],[-73.38325,-52.07002],[-73.85383,-51.79084],[-73.8959,-51.33145],[-74.09583,-51.20533],[-74.31195,-50.58972],[-73.84746,-50.94004],[-73.61396,-50.62793],[-73.67993,-50.49023],[-73.97803,-50.82705],[-74.19722,-50.60977],[-74.1856,-50.48535],[-73.95034,-50.51055],[-74.32525,-50.38798],[-74.35146,-49.99057],[-73.95859,-49.99473],[-74.32393,-49.7834],[-74.29082,-49.6041],[-73.83638,-49.60938],[-74.09443,-49.42969],[-73.93496,-49.0209],[-74.22129,-49.50059],[-74.36655,-49.40049],[-74.34102,-48.5957],[-74.00908,-48.475],[-74.40223,-48.47968],[-74.39662,-48.01391],[-73.38447,-48.17734],[-73.60991,-47.99394],[-73.71587,-47.65547],[-73.94087,-47.92939],[-74.22705,-47.96894],[-74.37935,-47.89121],[-74.39226,-47.65228],[-74.13408,-47.59082],[-74.36086,-47.50783],[-74.30873,-47.26809],[-74.1584,-47.18252],[-74.21709,-46.84661],[-73.70805,-46.02651],[-73.94375,-46.57158],[-73.71621,-46.41523],[-73.48018,-45.4427],[-73.26621,-45.34619],[-72.93384,-45.45234],[-73.42456,-45.23977],[-73.35243,-44.9766],[-72.73896,-44.73418],[-72.68008,-44.59394],[-72.66387,-44.43643],[-73.14868,-44.23322],[-72.75801,-43.03945],[-72.65989,-42.20763],[-72.41235,-42.38818],[-72.49941,-41.98086],[-72.6604,-42.00547],[-72.66106,-41.74331],[-72.3604,-41.64912],[-72.31826,-41.49902],[-72.42773,-41.6459],[-72.66126,-41.66243],[-72.66356,-40.74456],[-71.92278,-37.99298],[-71.44652,-34.76507],[-71.65043,-33.03261],[-71.42129,-32.38682],[-71.66196,-31.16953],[-71.6764,-30.38259],[-71.40039,-30.14297],[-71.38995,-29.30829],[-70.45952,-25.95745],[-70.54383,-24.31817],[-70.39233,-23.56592],[-70.59336,-23.25547],[-70.33169,-22.84863],[-70.08003,-21.35684],[-70.31542,-18.43939],[-71.53223,-17.29434],[-72.46768,-16.7081],[-73.98554,-16.03301],[-75.96683,-14.57091],[-76.23597,-14.17669],[-76.22363,-13.37119],[-77.08162,-12.09707],[-78.36365,-9.62947],[-78.76226,-8.61699],[-79.17323,-8.0398],[-80.01903,-5.87249],[-80.2307,-4.60247],[-79.96612,-3.40301],[-80.05897,-3.24825],[-79.72988,-2.5791],[-79.84214,-2.06738],[-79.92559,-2.54854],[-80.03018,-2.55674],[-80.00664,-2.35381],[-80.28472,-2.70674],[-80.42832,-2.63876],[-80.56585,-2.41534],[-80.60106,-1.85088],[-80.2307,-0.31622],[-78.32567,1.37708],[-77.60412,3.06067],[-77.07681,3.91328],[-77.25017,3.88653],[-76.68529,5.5575],[-76.79113,8.5561],[-76.29723,8.73249],[-75.66222,7.63886],[-75.25487,7.75666],[-74.3922,8.73249],[-73.61608,9.26166],[-73.89837,9.89667],[-74.10317,11.33023],[-73.77483,11.21955],[-72.45195,11.30775],[-71.69672,10.86025],[-71.59844,10.72622],[-71.66484,10.44375],[-72.11284,9.81558],[-71.61953,9.04795],[-71.24141,9.16045],[-71.08584,9.34824],[-71.05269,9.70581],[-71.543,10.76916],[-69.73552,11.41358],[-68.90648,11.3783],[-68.35465,11.07523],[-68.33582,10.73622]]],[[[-70.06435,-53.41002],[-70.3293,-53.37764],[-70.44721,-53.09895],[-70.06435,-53.41002]]],[[[-69.43566,-53.92083],[-66.63109,-54.39715],[-65.30514,-54.83908],[-66.51113,-55.03213],[-68.22012,-54.81758],[-69.08164,-54.90986],[-69.72344,-54.71211],[-70.03029,-54.81547],[-71.46502,-54.43014],[-70.79727,-54.32725],[-70.70112,-54.48545],[-70.31099,-54.52852],[-70.86309,-54.11045],[-70.86772,-53.88418],[-70.64448,-53.82285],[-70.69561,-53.72744],[-70.5313,-53.62734],[-70.37974,-53.98672],[-70.62983,-54.00557],[-70.24336,-54.34766],[-69.74185,-54.30586],[-69.3648,-54.4376],[-69.31206,-54.57148],[-69.04521,-54.42842],[-70.0856,-54.01113],[-70.14883,-53.76113],[-69.79441,-53.62935],[-69.43566,-53.92083]]],[[[-68.54067,-55.18079],[-68.38174,-55.1916],[-68.33008,-55.21943],[-68.54067,-55.18079]]],[[[-69.51224,-54.94252],[-68.45801,-54.95967],[-68.39981,-55.04199],[-68.5999,-55.16626],[-69.51224,-54.94252]]],[[[-71.95171,-54.2884],[-72.21045,-54.04775],[-71.99648,-53.88486],[-71.02192,-54.11182],[-71.14326,-54.37402],[-71.47329,-54.23115],[-71.92434,-54.29637],[-71.95171,-54.2884]]],[[[-72.86098,-54.02359],[-72.76377,-53.86484],[-73.03945,-53.83281],[-73.08277,-53.92767],[-73.5962,-53.42052],[-73.09937,-53.51191],[-73.05361,-53.39443],[-72.88223,-53.57832],[-72.48228,-53.58809],[-72.20542,-53.80742],[-72.67179,-54.07869],[-72.86098,-54.02359]]],[[[-73.63635,-53.07924],[-73.1352,-53.35391],[-73.61877,-53.22865],[-73.63635,-53.07924]]],[[[-73.17874,-44.3429],[-72.76406,-44.54902],[-72.98613,-44.78008],[-73.31522,-44.84086],[-73.17874,-44.3429]]],[[[-80.26474,-2.9053],[-80.1457,-2.69629],[-79.90903,-2.72559],[-80.202,-3.00987],[-80.26474,-2.9053]]],[[[-67.87412,-54.92969],[-67.24526,-54.97764],[-67.07993,-55.15381],[-67.3397,-55.29258],[-67.49473,-55.17744],[-68.07002,-55.22109],[-68.30137,-54.98066],[-68.10693,-54.92939],[-67.87412,-54.92969]]]]}},{"type":"Feature","id":"Q5463","properties":{"id":"Q5463","regionType":"mountain_range"},"geometry":{"type":"Polygon","coordinates":[[[-124.56524,59.71058],[-123.32653,59.08747],[-121.75426,57.87263],[-121.536,56.61823],[-119.99877,55.40522],[-119.23028,54.69062],[-118.02208,53.86408],[-116.92839,52.99726],[-115.92296,52.71949],[-115.15569,52.16383],[-115.04912,51.34437],[-113.70049,49.79584],[-112.23204,47.50715],[-111.2174,47.44501],[-110.10216,47.12354],[-109.62157,46.12244],[-107.77379,45.77418],[-106.66259,44.76874],[-106.10692,43.84272],[-105.10149,42.70502],[-104.88982,41.59376],[-104.46654,40.58832],[-104.46654,39.50355],[-104.35595,38.38734],[-104.12255,37.36042],[-104.12255,36.43439],[-104.5988,35.77289],[-105.15441,35.43421],[-106.00109,35.27021],[-106.59288,35.29914],[-107.00652,35.79938],[-107.04827,37.00153],[-108.1549,37.11164],[-108.44042,37.39722],[-108.30297,37.917],[-107.58861,38.36579],[-107.50921,38.92145],[-108.2365,38.88141],[-108.96441,39.26539],[-110.29949,39.0152],[-110.97527,38.38129],[-111.79546,37.73084],[-112.7744,37.36042],[-113.27715,37.62501],[-112.90673,37.94251],[-112.43047,38.65687],[-111.68993,39.42414],[-111.63671,40.53541],[-112.15038,41.47553],[-112.52392,41.94086],[-113.25066,42.38752],[-115.25267,43.15479],[-115.73241,43.55695],[-116.26696,43.81623],[-116.3463,44.45124],[-116.21404,45.13917],[-116.29265,45.67969],[-117.03905,46.75312],[-117.22222,47.5232],[-116.66948,48.00379],[-116.27666,48.73749],[-117.06499,49.76899],[-117.885,50.31007],[-117.97429,50.88062],[-118.75554,51.82209],[-120.82726,52.92133],[-121.40532,53.71039],[-122.76024,55.23701],[-123.88762,55.87232],[-125.87133,57.61677],[-126.88823,58.68879],[-127.1942,59.21497],[-126.52807,59.59766],[-125.03301,59.27503],[-124.7388,59.54897],[-124.56524,59.71058]]]}},{"type":"Feature","id":"Q93332","properties":{"id":"Q93332","regionType":"mountain_range"},"geometry":{"type":"Polygon","coordinates":[[[-65.1588,48.0622],[-65.36001,48.01113],[-65.92671,48.18887],[-66.0646,48.11422],[-66.44898,48.11963],[-66.7044,48.02246],[-66.35962,48.06065],[-65.82317,47.89667],[-65.64647,47.63196],[-65.96966,47.09705],[-66.36651,46.72663],[-66.81627,46.35627],[-67.95403,46.03876],[-68.64196,45.95936],[-69.27691,45.32435],[-69.44738,44.93915],[-71.15545,43.18122],[-71.41875,42.72309],[-71.60528,42.20228],[-72.50487,41.63087],[-73.11339,41.3556],[-73.87408,41.07894],[-73.96992,41.24971],[-73.91246,41.04957],[-74.29216,40.75892],[-75.04485,40.47223],[-75.32866,40.20136],[-76.18865,40.08466],[-76.76464,39.70423],[-77.32311,39.22553],[-77.88512,38.47736],[-79.23778,36.93861],[-80.32805,35.98127],[-83.89147,33.88044],[-84.90197,33.50818],[-85.88591,33.00288],[-86.56145,32.94629],[-86.88054,32.65082],[-88.01586,32.60584],[-88.42736,33.43201],[-88.54113,33.96998],[-88.40685,34.10981],[-88.42199,34.29786],[-88.26738,34.67109],[-88.25847,35.25928],[-88.09765,35.42011],[-87.98925,35.78193],[-87.99022,36.30298],[-88.09917,36.69636],[-88.23998,36.95417],[-88.52208,37.05976],[-88.45189,37.1999],[-88.50811,37.34382],[-88.14104,37.46723],[-88.13262,37.70051],[-87.77758,37.88148],[-87.62774,37.83234],[-87.44786,37.94349],[-87.08696,37.80659],[-87.01977,37.92023],[-86.81908,37.99634],[-86.70751,37.89973],[-86.59588,37.90552],[-86.34118,38.15559],[-86.04027,37.96992],[-85.92498,38.03889],[-85.89159,38.20319],[-85.42913,38.53974],[-85.45287,38.70545],[-85.32109,38.74439],[-85.18517,38.68867],[-84.82006,38.82929],[-84.84307,39.08918],[-84.36437,39.04804],[-84.08422,38.77888],[-83.8601,38.75837],[-83.65099,38.63715],[-83.49169,38.70014],[-83.15184,38.62006],[-82.89849,38.75275],[-82.82818,38.58375],[-82.5689,38.40382],[-82.42473,38.43415],[-82.21538,38.59309],[-82.16149,38.83253],[-82.01323,39.01765],[-81.84874,38.91456],[-81.81286,39.08124],[-81.66253,39.27668],[-81.42077,39.40742],[-81.2473,39.39283],[-80.88085,39.62092],[-80.60039,40.3194],[-80.64855,40.62043],[-80.28582,40.70045],[-80.20183,40.54743],[-79.98473,40.45783],[-79.53173,40.79261],[-79.49816,40.92188],[-79.82409,41.32593],[-79.76513,41.41413],[-80.11162,41.80543],[-80.19133,42.3545],[-79.08837,42.77766],[-78.91765,42.90168],[-79.08165,43.08686],[-79.06579,43.27735],[-79.18224,43.46784],[-78.66362,43.63715],[-76.80626,43.6319],[-76.51714,43.47785],[-76.30144,43.23249],[-75.44176,43.24457],[-75.29064,43.13526],[-75.00329,43.03712],[-74.85473,43.06214],[-74.6054,42.92976],[-74.22533,42.96857],[-73.70537,42.79511],[-73.4309,43.41053],[-73.42485,43.63715],[-73.3518,43.77888],[-73.42516,44.03846],[-73.29381,44.40498],[-73.36663,44.5738],[-73.29741,44.88471],[-73.32824,45.08033],[-73.60961,45.13837],[-73.24584,45.30848],[-73.1068,45.52045],[-72.46056,45.66199],[-71.60772,46.26765],[-71.09221,46.53687],[-69.31428,48.04318],[-68.81567,48.36602],[-67.92864,48.71583],[-66.76711,49.07358],[-66.11583,49.21578],[-65.34948,49.25117],[-64.63886,49.12782],[-64.21621,48.87363],[-64.20879,48.8062],[-64.51372,48.84111],[-64.24609,48.69111],[-64.25376,48.55039],[-64.34883,48.42319],[-64.66271,48.35139],[-64.97519,48.16924],[-65.1588,48.0622]]]}},{"type":"Feature","id":"Q192583","properties":{"id":"Q192583","regionType":"mountain_range"},"geometry":{"type":"Polygon","coordinates":[[[146.85377,-38.02215],[146.16383,-38.00921],[145.72267,-37.86993],[144.12623,-37.61089],[143.89076,-37.4439],[143.81068,-37.20599],[144.01271,-37.0075],[144.22914,-36.95635],[145.4712,-36.89654],[145.85231,-36.82733],[146.21705,-36.65826],[147.79237,-35.58831],[148.17665,-35.17974],[148.67189,-34.30657],[149.16554,-33.12249],[149.21241,-32.53899],[149.02443,-31.71063],[149.00892,-31.32464],[149.18006,-31.04815],[150.03663,-30.15301],[151.02223,-29.5805],[151.30299,-29.27471],[151.48243,-28.89434],[151.57277,-28.45855],[151.61463,-27.07086],[151.39344,-26.6629],[150.68812,-26.25726],[148.41041,-25.98675],[148.12257,-25.87762],[147.10975,-24.98345],[146.24293,-24.39068],[145.48683,-23.40447],[144.49049,-21.53143],[144.08009,-20.60211],[143.96217,-20.18877],[143.89308,-19.26531],[143.69947,-18.71648],[143.61354,-17.53338],[143.26368,-15.49627],[143.03138,-14.73004],[142.89381,-13.82928],[142.6808,-13.09564],[142.74647,-12.74285],[142.85963,-12.65752],[143.04005,-12.73113],[143.17445,-12.89251],[143.36329,-13.34466],[143.53126,-14.03594],[143.80323,-14.50823],[144.0431,-14.79547],[144.63868,-15.13299],[144.87928,-15.39617],[145.69508,-16.94964],[145.82923,-17.31915],[145.91407,-18.27496],[146.06715,-18.68279],[146.31129,-18.99517],[147.7256,-19.86248],[148.42872,-20.47161],[149.05665,-21.20794],[149.67958,-22.69573],[150.79298,-23.70232],[152.55458,-25.86248],[152.70192,-26.13885],[152.84889,-27.05877],[153.24855,-28.27569],[153.27296,-29.31487],[152.96156,-30.08282],[152.67481,-31.19659],[152.10328,-32.36651],[151.28443,-33.22601],[151.00685,-33.60125],[150.64649,-34.55474],[149.86927,-35.99383],[149.77174,-36.25506],[149.67384,-36.9566],[149.46278,-37.18585],[149.17115,-37.35894],[148.46119,-37.52313],[147.54835,-37.88482],[147.04591,-38.00469],[146.85377,-38.02215]]]}},{"type":"Feature","id":"Q130135","properties":{"id":"Q130135","regionType":"mountain_range"},"geometry":{"type":"Polygon","coordinates":[[[10.44203,36.68574],[10.46852,36.32856],[9.96583,35.87873],[9.9922,34.15894],[9.29103,34.06635],[8.65614,34.13251],[7.72999,34.45002],[7.04213,34.84687],[6.52613,34.92621],[5.25624,34.79395],[4.68739,34.64844],[3.90687,34.31769],[3.16603,34.10602],[2.75587,33.85468],[2.0547,33.65626],[1.12867,33.14033],[0.40113,32.90217],[-0.39269,32.49207],[-0.90856,32.00257],[-1.71557,31.65864],[-2.25799,31.44697],[-2.93267,31.28821],[-4.03069,31.14271],[-5.16838,30.42829],[-5.40648,30.13727],[-6.46483,29.95209],[-7.23217,29.52875],[-7.62902,29.13184],[-8.50213,28.78791],[-10.06316,28.33814],[-10.53942,28.31165],[-10.98925,28.54975],[-10.89146,28.8187],[-10.48648,29.06494],[-10.27004,29.30374],[-8.56829,30.69294],[-8.7932,30.75904],[-9.62664,30.53412],[-9.86473,30.7458],[-9.81343,31.35636],[-9.46789,31.93647],[-8.91222,32.34656],[-7.27184,33.10059],[-7.17919,33.60334],[-6.80883,34.03986],[-6.62359,34.10602],[-6.27965,34.09278],[-5.60497,34.41029],[-5.9489,34.93946],[-5.8695,35.33637],[-5.8822,35.79306],[-5.3933,35.90522],[-5.14196,35.46863],[-4.62832,35.2064],[-4.32998,35.16148],[-3.66325,35.26488],[-3.39473,35.21182],[-3.20601,35.23911],[-3.00395,35.37584],[-2.83994,35.12783],[-2.01777,35.08506],[-1.67363,35.1831],[-1.0877,35.57886],[-0.42612,35.86152],[-0.04824,35.83281],[0.30699,36.15913],[0.97168,36.44394],[1.25723,36.51958],[2.59336,36.60068],[2.74699,36.68455],[3.52051,36.79512],[3.779,36.89619],[4.7581,36.89634],[5.29541,36.64824],[6.06475,36.86426],[6.24912,36.93833],[6.33802,37.04859],[6.92754,36.91943],[7.23848,36.96851],[7.21891,37.03943],[7.55064,37.01914],[7.91045,36.85635],[8.82353,36.99761],[9.67469,37.3075],[9.82745,37.28286],[9.78398,37.21143],[9.83027,37.13535],[9.89639,37.18164],[9.87559,37.25415],[10.08485,37.24134],[10.33408,36.86538],[10.29326,36.78149],[10.41843,36.73528],[10.44203,36.68574]]]}},{"type":"Feature","id":"Q5451","properties":{"id":"Q5451","regionType":"mountain_range"},"geometry":{"type":"Polygon","coordinates":[[[84.90809,29.17872],[87.39369,29.13361],[88.05775,29.32044],[92.47316,29.10297],[93.36573,28.88758],[93.61939,28.92701],[93.90309,29.11274],[94.39356,29.24348],[94.90638,29.48804],[95.27064,29.77521],[95.51466,29.73237],[95.66261,29.54096],[94.959,29.19422],[94.7964,29.00953],[94.8777,28.76514],[95.28297,28.43403],[95.32691,28.14429],[94.34718,27.3429],[93.83009,27.12433],[91.68238,26.85981],[89.58998,26.90406],[88.80067,27.1601],[87.78053,26.904],[85.33692,27.29737],[84.66578,27.57306],[83.85926,27.70136],[83.29737,27.95185],[82.39796,28.04902],[82.00013,28.37873],[77.31397,31.12629],[75.71986,32.41083],[75.58241,32.60224],[75.53102,32.91974],[76.27333,33.74311],[77.37562,33.91193],[77.49025,33.87202],[84.52064,29.31855],[84.90809,29.17872]]]}},{"type":"Feature","id":"Q5955","properties":{"id":"Q5955","regionType":"mountain_range"},"geometry":{"type":"Polygon","coordinates":[[[100.56691,44.10395],[100.32936,44.03876],[98.7743,43.98475],[97.9701,44.08271],[97.7682,43.95258],[97.38185,43.53205],[97.14027,43.36347],[96.87086,43.26545],[96.57765,43.25672],[96.26637,43.36774],[95.13795,44.2801],[95.01051,44.33955],[92.86268,44.41132],[91.92481,44.62885],[91.11512,44.67548],[90.65577,44.87971],[90.07496,45.42145],[89.76112,46.00233],[89.61512,46.39802],[89.33619,46.79688],[88.91822,47.22046],[88.40028,47.55775],[86.63014,48.09711],[84.33424,48.30488],[83.92469,48.75031],[83.30287,49.90253],[83.18458,50.01166],[82.25453,50.42426],[82.00147,50.6446],[81.92567,50.94581],[81.99806,51.26618],[82.58717,52.06159],[82.89027,52.21766],[83.33814,52.30488],[86.69996,52.02906],[87.25038,51.8426],[87.75441,51.56373],[88.29798,51.09687],[88.46266,50.86652],[88.57069,50.24396],[89.65309,49.62818],[89.73243,49.44611],[89.90187,49.32105],[90.95472,49.08649],[92.04945,48.10352],[92.23976,47.98011],[92.96241,47.77082],[94.91334,46.91206],[95.61231,46.8321],[97.04457,46.18165],[98.97755,45.68012],[99.89076,45.09132],[100.56349,44.77814],[100.74635,44.56891],[100.79054,44.43732],[100.78639,44.32612],[100.66652,44.16047],[100.56691,44.10395]]]}},{"type":"Feature","id":"Q5474","properties":{"id":"Q5474","regionType":"mountain_range"},"geometry":{"type":"MultiPolygon","coordinates":[[[[74.73428,42.68308],[74.39183,42.7053],[74.7068,42.68915],[74.73428,42.68308]]],[[[74.39183,42.7053],[73.85194,42.73298],[75.09108,42.66291],[75.41578,42.71766],[76.3235,43.2132],[83.41261,43.55506],[83.65358,43.61878],[84.39186,43.9629],[86.70301,44.13892],[87.99122,43.90546],[90.29713,43.87794],[92.10756,44.17487],[95.011,43.87409],[95.18019,43.69477],[95.22145,43.29523],[95.1681,43.06293],[95.05763,42.87788],[94.89869,42.73664],[94.46998,42.573],[93.95167,42.5456],[93.69972,42.59608],[93.13966,42.98951],[92.72608,43.14082],[90.95741,43.15864],[90.72059,43.09486],[90.56715,42.98408],[90.5287,42.81544],[89.78053,42.66077],[88.85877,42.95234],[88.72572,42.95734],[88.49366,42.83863],[88.3578,42.51038],[87.28041,41.8487],[86.87672,41.72956],[86.59889,41.71253],[84.48829,41.9972],[82.16554,41.6626],[77.17469,39.88569],[74.85316,39.66029],[73.05665,39.75428],[72.98597,39.79969],[72.99012,40.02021],[73.21095,40.67371],[73.35426,41.79536],[73.1244,42.50654],[73.19837,42.64912],[73.33082,42.73188],[73.50831,42.7674],[74.39183,42.7053]]]]}},{"type":"Feature","id":"Q183295","properties":{"id":"Q183295","regionType":"mountain_range"},"geometry":{"type":"Polygon","coordinates":[[[30.11378,-30.69048],[28.73793,-32.10589],[27.79872,-32.87322],[27.12403,-33.29656],[26.3567,-33.50823],[25.13966,-33.20391],[25.17933,-32.9262],[25.08668,-32.7409],[25.06031,-32.50286],[24.21363,-32.2647],[23.73731,-32.25152],[23.52565,-32.06622],[24.12098,-31.65618],[24.45167,-31.33868],[25.06031,-30.99468],[25.54969,-31.02117],[26.21119,-30.94183],[26.75355,-30.94183],[27.21656,-30.75652],[27.17689,-30.39935],[27.0182,-29.93633],[27.25636,-29.68499],[27.45472,-29.56597],[27.89137,-28.97064],[28.03688,-28.46795],[29.13478,-28.25628],[29.32008,-27.80645],[30.14027,-27.07891],[30.37843,-26.2586],[29.83595,-24.89605],[29.90211,-24.27423],[29.63758,-24.08904],[29.83595,-23.59954],[29.88893,-23.22918],[29.7566,-22.81902],[30.57679,-22.42217],[31.13246,-22.3825],[31.26478,-22.56768],[31.02662,-22.76617],[30.60328,-23.5202],[30.64296,-23.94354],[30.97364,-24.44622],[31.62196,-25.24004],[31.54249,-25.70306],[31.59547,-26.90692],[32.33631,-27.70062],[31.88649,-28.44146],[31.14564,-29.27496],[30.88111,-29.73797],[30.21962,-30.32],[30.11378,-30.69048]]]}},{"type":"Feature","id":"Q5472","properties":{"id":"Q5472","regionType":"mountain_range"},"geometry":{"type":"Polygon","coordinates":[[[74.74909,37.45936],[75.43897,36.70563],[75.63624,36.37494],[75.69203,36.22614],[75.71656,35.74403],[75.64051,35.27387],[75.55909,35.10059],[75.13258,34.58283],[74.46119,34.12348],[74.3744,34.0926],[74.2295,34.08753],[73.93922,34.15577],[73.75294,34.14985],[73.71205,34.1374],[73.71241,34.0976],[73.46803,34.14887],[72.82374,34.41761],[72.32899,34.4607],[71.95131,34.60895],[71.78944,34.57691],[71.48353,34.35157],[71.26832,34.27814],[69.67579,34.31171],[67.0193,34.64564],[66.87672,34.79462],[66.75221,35.0998],[66.67481,35.46595],[66.6736,35.7981],[66.70851,35.87763],[67.37269,36.58735],[71.06654,37.41224],[71.32655,37.38251],[71.56337,37.20112],[71.74964,37.1374],[72.12342,37.10468],[72.69972,37.34504],[73.60194,37.52314],[74.61854,37.51569],[74.73451,37.47529],[74.74909,37.45936]]]}},{"type":"Feature","id":"Q1288","properties":{"id":"Q1288","regionType":"mountain_range"},"geometry":{"type":"Polygon","coordinates":[[[20.74589,49.9397],[21.69642,49.98786],[22.17518,49.94098],[22.57313,49.83686],[22.95814,49.67866],[23.68934,49.2873],[24.4336,48.80677],[24.818,48.59748],[25.54078,48.38489],[26.03395,48.14124],[26.21058,48.00788],[26.52723,47.67328],[26.90895,47.10963],[27.05494,46.80067],[27.15589,46.48121],[27.20204,46.10334],[27.15333,45.74555],[26.99122,45.43983],[26.69679,45.2179],[26.36329,45.10316],[26.00904,45.04365],[25.04811,45.02637],[23.87721,44.86292],[23.08998,44.65034],[22.72987,44.60352],[22.36866,44.61652],[22.00428,44.69056],[21.72377,44.84632],[21.60365,45.08137],[21.58546,45.71058],[21.63514,46.04438],[21.99574,46.99262],[22.12953,47.20539],[22.35462,47.40607],[22.63746,47.57313],[23.18507,47.76777],[23.31275,47.8675],[23.3589,47.99128],[23.3545,48.14631],[23.25111,48.32459],[23.00843,48.49567],[22.66944,48.63306],[22.27772,48.71039],[21.96559,48.70832],[21.78102,48.63666],[21.45729,48.35145],[21.25087,48.232],[20.78785,48.10401],[19.8545,47.94733],[19.6371,47.9997],[19.27418,48.21284],[18.3495,48.39228],[17.72975,48.76484],[17.55348,48.93323],[17.48341,49.12055],[17.594,49.5456],[17.86793,49.79041],[18.27662,49.92457],[18.7909,50.01789],[19.3097,50.06721],[19.76832,50.0467],[20.61122,49.94098],[20.74589,49.9397]]]}},{"type":"Feature","id":"Q186547","properties":{"id":"Q186547","regionType":"mountain_range"},"geometry":{"type":"Polygon","coordinates":[[[7.26698,58.51874],[6.36195,58.63477],[6.10821,58.87132],[6.36328,59.00093],[6.09941,58.95195],[5.89035,59.0987],[5.96856,59.18613],[5.95186,59.29907],[6.41533,59.54712],[6.27852,59.53452],[5.81844,59.34849],[5.72675,59.66699],[6.2166,59.81836],[5.83398,59.79468],[5.73047,59.86309],[6.06992,60.0835],[6.14053,60.2335],[6.51807,60.40757],[6.57363,60.3606],[6.52686,60.15293],[6.71992,60.41816],[6.9957,60.51196],[6.34697,60.41909],[6.15332,60.34624],[5.9044,60.15064],[5.87656,60.07002],[5.67141,59.99024],[5.65552,60.11418],[5.68857,60.12319],[5.65036,60.15448],[5.58766,60.64368],[5.64834,60.68799],[5.59041,60.69417],[5.61091,61.06961],[5.98398,61.11733],[6.41797,61.08428],[6.77783,61.14243],[6.97207,61.05596],[7.03867,60.95293],[7.07793,60.96631],[7.04014,61.09116],[7.60449,61.21055],[7.40391,61.22217],[7.34658,61.30059],[7.44258,61.43462],[7.33115,61.37202],[7.27598,61.18096],[6.94258,61.16055],[6.65703,61.20659],[6.5999,61.28965],[6.49258,61.15459],[6.3835,61.13389],[6.08252,61.16728],[5.61477,61.1402],[5.62916,61.40388],[5.97521,61.79473],[6.4667,61.80742],[6.73076,61.86977],[6.05152,61.88093],[7.98843,62.72785],[8.09551,62.73184],[8.06056,62.75938],[8.42881,62.9204],[8.62314,62.84624],[8.49444,62.9491],[9.79805,63.54952],[10.021,63.39082],[10.34004,63.46934],[10.76016,63.46128],[10.67363,63.55801],[10.72529,63.625],[11.3707,63.80483],[11.30762,63.87573],[11.17559,63.89888],[11.45762,64.00298],[11.30664,64.04888],[10.91426,63.92109],[11.04727,63.84522],[10.93486,63.77022],[10.33916,63.57104],[10.05508,63.5127],[9.92402,63.52178],[9.87061,63.59099],[10.51576,63.95978],[12.08225,65.1555],[12.15967,65.17896],[12.30654,65.08599],[12.5084,65.09941],[12.91553,65.33926],[12.51172,65.19531],[12.20025,65.24557],[13.25323,66.1645],[13.67441,66.17998],[14.03418,66.29756],[13.335,66.23628],[14.42429,67.14862],[15.41572,67.20244],[15.43477,67.24668],[14.58488,67.26744],[14.99426,67.57034],[15.40938,67.47417],[15.59443,67.34853],[15.57568,67.44385],[15.6915,67.52139],[15.354,67.54394],[15.21865,67.65537],[15.3458,67.73442],[15.31534,67.75686],[16.08115,68.14898],[16.1208,68.02734],[16.3123,67.88144],[16.25859,68.00122],[16.39199,68.0916],[16.31924,68.10176],[16.21455,68.21729],[16.33912,68.28107],[16.64901,68.40004],[16.95137,68.35469],[17.55283,68.42627],[17.42617,68.48193],[16.81503,68.46378],[17.84596,68.85957],[20.33543,69.64706],[20.27715,69.53584],[20.05449,69.33267],[20.48672,69.54209],[20.73945,69.52051],[20.5625,69.63281],[20.53419,69.70994],[20.77894,69.78736],[21.56418,69.95048],[21.93174,69.8147],[21.97471,69.83457],[21.87873,70.01378],[22.86134,70.06287],[23.35391,69.9834],[23.37441,70.03233],[23.84669,70.00422],[24.44569,69.87183],[24.28212,69.70038],[21.13282,68.74885],[19.65296,68.14338],[18.15333,67.32068],[16.8246,66.36726],[12.87525,62.99634],[11.71864,62.12671],[10.10585,61.08539],[9.3849,60.69031],[8.79005,60.1858],[7.7411,58.8147],[7.26698,58.51874]]]}},{"type":"Feature","id":"Q35600","properties":{"id":"Q35600","regionType":"mountain_range"},"geometry":{"type":"Polygon","coordinates":[[[57.75502,51.70002],[57.37855,51.56678],[57.01808,51.60682],[56.69374,51.77308],[56.43434,52.03986],[56.26869,52.38166],[56.2201,53.10279],[56.40748,53.78834],[56.95716,54.784],[57.12977,55.24128],[57.60426,57.59785],[57.65968,59.36414],[57.74256,59.97022],[57.9336,60.6092],[58.41835,61.73847],[58.57081,62.25458],[58.61671,62.83259],[58.57289,63.78968],[58.62403,64.10816],[58.78187,64.43067],[59.19105,65.08216],[59.42543,65.35578],[59.74598,65.53187],[60.11671,65.62372],[60.87684,65.66981],[62.50123,65.99366],[63.59193,66.65925],[64.33363,66.98963],[64.88233,67.49604],[65.34449,67.58295],[65.48194,67.7096],[65.59339,68.12629],[65.66761,68.22919],[66.21498,68.35761],[66.51063,68.34162],[66.76478,68.2176],[66.8899,67.98157],[66.90968,67.67976],[66.84779,67.35816],[66.63246,67.10639],[66.24195,66.956],[65.33058,66.79621],[64.51393,66.56269],[64.18263,66.41492],[63.80262,66.12708],[63.20729,65.80225],[62.38539,65.54407],[62.21217,65.42182],[61.95558,65.07471],[61.74439,64.93818],[60.87684,64.73096],[60.40992,64.55207],[60.19728,64.26911],[59.9391,63.10999],[59.79212,60.75519],[59.5193,59.81519],[59.53517,59.46424],[59.87977,58.01411],[60.3213,56.62055],[60.41322,56.16089],[60.32032,55.77741],[60.06019,55.29511],[59.66041,54.79963],[58.72706,53.99384],[58.52528,53.57935],[58.46034,52.76099],[58.36048,52.36695],[58.10377,51.99],[57.75502,51.70002]]]}},{"type":"Feature","id":"Q5477","properties":{"id":"Q5477","regionType":"mountain_range"},"geometry":{"type":"Polygon","coordinates":[[[37.98439,44.98792],[39.50733,45.06367],[40.49086,45.01093],[41.23695,44.70759],[41.56276,44.47382],[42.55909,44.09333],[43.47047,43.98664],[44.24793,43.81891],[44.71131,43.58265],[45.06166,43.32502],[45.30397,43.27643],[45.96668,43.44404],[46.55067,43.28016],[46.91017,43.26838],[47.04432,43.21528],[47.14442,43.10676],[47.2621,42.62867],[48.20997,42.15314],[48.38379,41.95342],[48.55544,41.85547],[48.66578,41.67884],[49.01393,41.34736],[49.3152,40.92939],[49.46351,40.55366],[49.38978,40.41504],[49.2483,40.37073],[48.77479,40.45307],[47.48536,41.03577],[46.70558,41.50458],[46.49452,41.56074],[45.83876,41.59522],[45.02797,41.98585],[44.52699,42.08149],[44.12281,42.2389],[42.97096,42.26447],[42.37611,42.43323],[41.60499,42.50056],[41.33998,42.79749],[40.57875,43.21223],[39.84177,43.49558],[38.78272,44.27155],[38.24781,44.54041],[37.29835,44.88575],[37.20669,44.97036],[37.24269,45.07105],[37.30616,45.09864],[37.83741,44.99677],[37.98439,44.98792]]]}},{"type":"Feature","id":"Q1286","properties":{"id":"Q1286","regionType":"mountain_range"},"geometry":{"type":"Polygon","coordinates":[[[15.31483,46.43159],[14.90113,46.30591],[14.05287,46.41529],[13.71571,46.40717],[13.39967,46.34162],[12.02369,45.95258],[11.60279,45.86396],[11.43336,45.76038],[11.28968,45.60004],[11.2129,45.56214],[11.08619,45.56141],[9.32191,45.91523],[8.76832,45.93],[8.3152,45.80744],[7.65406,45.41859],[7.46827,45.19489],[7.41175,44.90485],[7.44715,44.59431],[7.53736,44.30891],[7.51027,44.07941],[7.29664,43.90577],[6.77797,43.7248],[6.40052,43.66578],[6.05531,43.67011],[5.72413,43.76429],[5.38844,43.97498],[5.17274,44.30848],[5.15699,44.69819],[5.25709,45.06147],[5.38844,45.31556],[5.6266,45.63087],[5.79029,45.79426],[6.51551,46.41773],[6.86976,46.68006],[7.43458,47.00892],[8.01112,47.26752],[8.5774,47.45637],[9.07765,47.58369],[11.11805,47.96796],[11.66798,48.01435],[15.11524,48.08979],[15.8263,48.15485],[16.02918,48.08924],[16.18348,47.96143],[16.10194,47.70124],[16.01234,47.55952],[15.90126,47.46748],[15.40516,47.20026],[15.29689,47.05939],[15.3733,46.64686],[15.3683,46.52723],[15.31483,46.43159]]]}},{"type":"Feature","id":"Q4558","properties":{"id":"Q4558","regionType":"mountain_range"},"geometry":{"type":"Polygon","coordinates":[[[-119.10973,50.65247],[-119.20836,50.48804],[-119.46044,50.24689],[-119.43853,50.08253],[-119.52617,49.95106],[-119.67962,49.84144],[-119.68468,48.47291],[-119.76958,48.09553],[-119.97112,47.8379],[-120.1563,47.78498],[-120.36815,47.33533],[-120.60607,47.04413],[-120.7119,46.6208],[-121.31597,44.98066],[-121.70427,43.15174],[-121.77025,42.62562],[-121.66442,42.17585],[-121.43114,42.00208],[-121.34691,41.75251],[-121.34691,41.24976],[-121.27922,41.04413],[-120.95006,40.58832],[-121.08233,40.40314],[-121.55858,40.27082],[-121.77025,40.11207],[-122.08776,40.69416],[-122.32146,41.24531],[-122.48461,42.30811],[-122.48461,42.76771],[-122.59044,43.26063],[-123.03899,44.18018],[-122.69628,44.87458],[-122.45818,45.19208],[-122.45818,45.52033],[-122.77568,45.88495],[-122.77568,46.64728],[-122.27294,47.07062],[-122.14068,47.38813],[-122.03484,47.86439],[-122.19365,48.26124],[-122.51285,48.66344],[-122.54512,48.7623],[-122.63073,48.76521],[-122.71088,48.83439],[-122.82671,49.02842],[-122.99625,49.06298],[-123.07945,49.13009],[-122.76,49.22132],[-122.39776,49.15388],[-121.8427,49.21039],[-121.43566,49.47102],[-121.38598,49.84907],[-121.56041,50.11115],[-121.5877,50.24152],[-121.40899,50.3166],[-121.29332,50.53467],[-121.32702,50.61823],[-121.25377,50.7497],[-120.77746,50.78876],[-119.93816,50.66083],[-119.60039,50.90327],[-119.40563,50.97028],[-119.0111,50.99219],[-119.0111,50.86066],[-119.10973,50.65247]]]}},{"type":"Feature","id":"Q4527","properties":{"id":"Q4527","regionType":"mountain_range"},"geometry":{"type":"Polygon","coordinates":[[[76.79066,10.54926],[76.46705,10.58527],[76.27858,10.65711],[76.1017,10.77741],[75.83317,11.08643],[75.60977,11.53853],[75.44886,12.04383],[75.13575,12.49433],[74.86305,13.55091],[74.59095,14.13874],[74.11495,14.86451],[73.93238,15.58497],[73.63661,16.03486],[72.89009,18.74918],[73.00557,19.02109],[72.97207,19.15332],[72.85224,18.98594],[72.85895,19.29313],[72.98721,19.27744],[72.85981,19.33212],[72.86708,19.66468],[72.94764,19.94764],[73.38893,20.72559],[73.47145,20.79304],[73.83192,20.78394],[73.96974,20.63563],[73.95997,20.21143],[74.08339,18.52546],[75.85914,13.18378],[76.41456,12.1706],[77.20997,12.04047],[77.3296,11.98731],[77.39503,11.89496],[77.38929,11.78455],[76.886,10.78449],[76.87892,10.67274],[76.79066,10.54926]]]}},{"type":"Feature","id":"Q465055","properties":{"id":"Q465055","regionType":"mountain_range"},"geometry":{"type":"Polygon","coordinates":[[[78.69996,11.32789],[78.28468,11.29004],[78.03614,11.32703],[77.75672,11.57825],[77.67872,11.80408],[78.18189,12.68128],[78.6797,14.1504],[78.66847,15.55537],[78.82887,16.02235],[79.87013,17.21564],[80.32496,17.5705],[81.19984,18.58381],[81.27992,19.09101],[81.35804,19.27595],[81.96058,19.86701],[82.37233,19.95453],[82.87696,20.41981],[83.1327,20.58393],[83.50697,20.70631],[83.7129,20.73829],[84.51747,20.64655],[85.19459,20.19593],[85.235,20.07728],[84.76234,19.58259],[84.59571,19.20368],[84.1631,18.62604],[83.13429,17.70991],[82.81568,17.53199],[82.45826,17.42097],[81.38746,17.34876],[81.02577,17.21284],[80.72535,16.95002],[79.83644,15.90601],[79.74879,15.74189],[79.64381,15.07734],[79.63893,14.75788],[79.47926,14.45283],[79.46058,14.323],[79.51283,14.20917],[79.75221,13.96815],[79.84645,13.61603],[79.85621,13.34467],[79.50782,12.2309],[78.93702,11.41297],[78.69996,11.32789]]]}},{"type":"Feature","id":"Q167021","properties":{"id":"Q167021","regionType":"mountain_range"},"geometry":{"type":"Polygon","coordinates":[[[54.90614,26.78669],[54.60853,26.76795],[54.04432,26.87922],[53.19691,27.21107],[52.78956,27.47254],[51.47779,28.698],[51.25416,29.08088],[50.61744,29.73243],[50.3965,30.11622],[49.94618,30.59876],[49.11647,31.97022],[48.78321,32.31727],[48.55287,32.49128],[47.57325,32.94331],[46.8191,33.40827],[46.45619,33.96003],[46.15162,35.07538],[46.11891,35.36323],[46.17775,35.5832],[46.28187,35.74818],[46.47328,35.88306],[46.70338,35.9228],[46.9485,35.86848],[47.18531,35.72126],[47.85072,35.0998],[48.70594,34.41138],[49.22193,33.81635],[50.12684,33.05897],[50.75538,32.4184],[51.1222,31.92982],[52.94422,29.92902],[53.1587,29.54676],[53.3086,29.39997],[54.44899,28.90473],[55.91883,28.4889],[56.41725,28.20197],[56.54017,28.00623],[56.47267,27.66981],[56.19715,27.41572],[55.40309,26.94147],[55.07838,26.82099],[54.90614,26.78669]]]}},{"type":"Feature","id":"Q1124584","properties":{"id":"Q1124584","regionType":"mountain_range"},"geometry":{"type":"Polygon","coordinates":[[[-104.25957,20.89399],[-104.96337,20.92573],[-105.3821,20.76624],[-105.49539,20.78184],[-105.23706,21.11919],[-105.18175,22.00745],[-105.57189,22.73548],[-106.26568,23.31104],[-106.8742,24.1048],[-107.24462,24.76624],[-108.96459,26.4726],[-109.57262,27.25294],[-110.34026,28.86726],[-110.71068,29.47584],[-110.7636,30.69294],[-110.57836,31.14271],[-108.78399,31.08558],[-108.14422,30.42829],[-107.72088,29.37],[-107.77379,28.94666],[-107.22814,28.01063],[-106.781,27.36365],[-105.97759,26.6742],[-105.55132,26.00977],[-105.31316,25.50709],[-104.32622,23.92719],[-103.46111,23.4433],[-103.19652,22.94062],[-102.61443,22.83478],[-102.22228,22.37562],[-102.29693,21.88227],[-102.68792,21.3808],[-103.05309,21.05274],[-103.84386,20.98707],[-104.25957,20.89399]]]}},{"type":"Feature","id":"Q144040","properties":{"id":"Q144040","regionType":"mountain_range"},"geometry":{"type":"Polygon","coordinates":[[[-98.13707,20.20075],[-98.59276,20.16248],[-99.09545,20.37415],[-99.49175,20.66645],[-99.80987,21.22083],[-100.07,22.51282],[-100.09502,23.24341],[-100.57128,23.90491],[-100.68297,24.39582],[-101.33031,24.88618],[-102.25402,25.17487],[-102.76751,25.78309],[-103.28063,26.2967],[-103.40819,26.6977],[-103.3817,27.35914],[-103.22295,27.88831],[-103.1881,28.99164],[-102.88646,29.31623],[-102.69872,29.71101],[-102.37554,29.84949],[-101.33428,29.72883],[-101.21215,29.02601],[-101.23858,28.49689],[-101.15923,27.94123],[-100.91723,27.45942],[-100.36547,26.75062],[-99.28069,24.73981],[-98.91027,23.57563],[-98.56627,21.6706],[-98.26409,21.21149],[-97.77257,20.92976],[-97.95189,20.53944],[-98.13707,20.20075]]]}},{"type":"Feature","id":"Q189915","properties":{"id":"Q189915","regionType":"mountain_range"},"geometry":{"type":"MultiPolygon","coordinates":[[[[16.56422,45.16395],[17.14369,45.04865],[19.50758,44.76319],[20.71229,44.42145],[21.27223,43.94532],[21.46827,43.66608],[21.6305,43.24537],[21.64381,43.08765],[21.61109,42.95258],[21.47242,42.80555],[21.17359,42.59058],[21.04664,42.61896],[20.79957,42.76838],[20.65553,42.76728],[20.53968,42.72492],[19.65589,42.07099],[19.6056,42.003],[19.60133,41.82471],[19.55301,41.80291],[19.46826,41.85615],[19.34238,41.86909],[19.18643,41.94863],[19.12227,42.0605],[19.03285,42.1346],[18.99562,42.23127],[18.85402,42.32465],[18.62964,42.41667],[18.6459,42.44273],[18.55592,42.44691],[17.58481,42.89896],[17.72363,42.85068],[17.32988,43.11489],[17.12939,43.21113],[16.90312,43.39243],[16.39394,43.54336],[16.13105,43.5063],[16.0254,43.52387],[15.94562,43.5866],[15.9415,43.65664],[15.67522,43.80235],[15.41005,44.05152],[15.37806,44.11414],[15.37246,44.28879],[15.471,44.27197],[15.36593,44.33591],[15.30043,44.43623],[15.11549,44.52497],[14.91993,44.68568],[14.88525,44.81826],[14.90654,44.97139],[14.85459,45.08101],[14.55049,45.29771],[14.32887,45.35077],[14.12989,45.34949],[13.95716,45.43171],[13.85402,45.51044],[13.66725,45.78284],[13.59571,45.99415],[13.71937,46.14533],[13.9391,46.22004],[14.15565,46.20197],[15.20411,45.82185],[15.98707,45.40089],[16.56422,45.16395]]],[[[16.77391,43.35889],[16.83438,43.35083],[16.87785,43.30194],[16.77391,43.35889]]],[[[14.77589,45.00056],[14.77094,45.02595],[14.81025,44.97705],[14.77886,44.97159],[14.77589,45.00056]]]]}},{"type":"Feature","id":"Q187871","properties":{"id":"Q187871","regionType":"mountain_range"},"geometry":{"type":"Polygon","coordinates":[[[86.80079,37.62501],[87.58741,37.50452],[91.19911,37.5536],[91.53089,37.46216],[92.67262,36.76166],[93.01381,36.61616],[95.15638,36.29896],[95.76161,36.43977],[97.58326,35.96638],[97.98634,36.01044],[98.49671,36.25275],[98.79811,36.26758],[99.18934,36.12641],[99.31678,35.99836],[99.45509,35.63422],[99.47169,35.3639],[99.37208,35.16974],[99.16285,35.08674],[98.9087,35.09723],[97.59278,35.36024],[87.33644,35.68775],[86.73854,35.48774],[82.29066,35.3545],[81.85353,35.22925],[81.38527,35.16645],[80.82508,35.17756],[80.55445,35.22645],[79.29017,35.83112],[78.47157,36.0362],[78.09986,36.36835],[77.96009,36.71516],[78.04164,36.95496],[78.27259,37.10975],[78.57472,37.16462],[79.15968,37.13196],[79.74073,36.98676],[80.71534,36.54224],[81.20802,36.40131],[81.34364,36.40992],[82.13502,36.67988],[83.49439,36.82685],[86.04261,37.71137],[86.80079,37.62501]]]}},{"type":"Feature","id":"Q12431","properties":{"id":"Q12431","regionType":"mountain_range"},"geometry":{"type":"Polygon","coordinates":[[[-0.0086,43.30793],[2.01393,42.95502],[2.33326,42.87208],[2.62403,42.85181],[2.84889,42.79371],[3.02052,42.67292],[3.12574,42.49695],[3.17384,42.06293],[3.0774,41.97083],[2.86524,41.95527],[1.31263,42.14478],[0.44691,42.36945],[-1.16301,42.62751],[-1.54265,42.76777],[-1.90142,42.95557],[-2.13817,43.11793],[-2.28338,43.27717],[-2.28138,43.32561],[-1.99131,43.34507],[-1.4815,43.47468],[-1.12767,43.41437],[-0.0086,43.30793]]]}},{"type":"Feature","id":"Q5469","properties":{"id":"Q5469","regionType":"mountain_range"},"geometry":{"type":"Polygon","coordinates":[[[79.01796,33.35401],[78.37452,33.35431],[78.11024,33.45588],[77.07582,34.31238],[76.38648,34.70435],[76.26698,34.81794],[76.10511,35.05909],[75.74818,35.81019],[75.70729,35.94269],[75.68995,36.30152],[75.65809,36.40632],[75.19898,36.95203],[75.14759,37.08601],[74.92823,37.28461],[74.92921,37.33466],[76.24769,37.89735],[76.44447,37.90638],[76.61073,37.74042],[76.97267,37.48243],[77.80909,36.48432],[77.99977,36.38764],[78.35108,36.12397],[78.81227,35.99598],[79.01148,35.89643],[79.27442,35.66865],[79.48329,35.37794],[79.62086,35.05897],[79.70033,34.59711],[79.84486,34.35761],[79.85585,34.26514],[79.82484,34.17774],[79.50294,33.82892],[79.22645,33.63105],[79.13331,33.42762],[79.07057,33.37458],[79.01796,33.35401]]]}},{"type":"Feature","id":"Q156684","properties":{"id":"Q156684","regionType":"mountain_range"},"geometry":{"type":"Polygon","coordinates":[[[-147.30254,64.21564],[-146.86058,64.32709],[-146.30266,64.26984],[-145.8261,64.16437],[-145.06261,64.07422],[-144.54149,63.72626],[-144.18181,63.73115],[-143.90703,63.65211],[-143.78869,63.52424],[-143.63274,63.41932],[-142.9605,63.39887],[-142.78417,63.35639],[-142.57756,63.2392],[-142.69774,63.06928],[-143.14861,63.02497],[-143.65422,62.71046],[-143.91588,62.73395],[-144.36565,62.70746],[-145.38036,62.26899],[-145.768,62.31061],[-146.6845,62.55823],[-146.93212,62.65461],[-147.32903,62.68104],[-147.69945,62.78687],[-148.09631,62.83979],[-148.54607,62.8133],[-149.60442,62.86628],[-149.8955,62.73395],[-150.08721,62.58723],[-150.16448,62.39295],[-150.11571,62.06251],[-150.15606,61.86329],[-150.3587,61.646],[-150.46148,61.5796],[-150.58214,61.35737],[-151.15015,61.08584],[-151.59351,60.97964],[-151.7639,60.87761],[-151.85631,61.0406],[-151.85631,61.22584],[-152.25024,61.30518],[-152.96465,61.22584],[-153.17632,61.17292],[-153.78484,61.19935],[-154.02129,60.98688],[-154.31402,61.06708],[-154.58446,61.20521],[-154.47277,61.62269],[-154.60503,62.09894],[-154.44628,62.41645],[-153.22924,62.78687],[-152.35607,63.16688],[-151.63988,63.36603],[-150.74084,63.86896],[-150.33446,64.05836],[-149.15465,64.34791],[-148.30797,64.34791],[-147.30254,64.21564]]]}},{"type":"Feature","id":"Q166755","properties":{"id":"Q166755","regionType":"mountain_range"},"geometry":{"type":"Polygon","coordinates":[[[-83.81139,34.60871],[-84.23473,34.57343],[-84.46398,34.62635],[-84.74621,34.80274],[-84.72863,35.22608],[-84.3582,35.57886],[-83.7232,35.9621],[-82.80596,36.23151],[-82.25915,36.59937],[-81.41979,37.01032],[-80.91857,37.16639],[-80.51915,37.20765],[-79.87816,37.41797],[-79.22527,38.02186],[-78.68285,38.70978],[-78.52306,39.055],[-78.07433,39.14631],[-77.75683,39.13312],[-77.86266,38.9347],[-78.29924,38.47163],[-78.53734,38.12769],[-78.93401,37.77033],[-79.76287,37.198],[-80.28362,36.70771],[-80.81273,36.47846],[-81.04204,36.24915],[-81.21843,36.0022],[-81.64177,35.57886],[-82.00884,35.27601],[-82.50609,35.17316],[-82.97637,34.94385],[-83.3557,34.70954],[-83.47123,34.68398],[-83.81139,34.60871]]]}},{"type":"Feature","id":"Q216593","properties":{"id":"Q216593","regionType":"mountain_range"},"geometry":{"type":"Polygon","coordinates":[[[45.28639,41.34821],[45.5923,41.20332],[46.44007,40.693],[46.78919,40.32502],[47.11549,40.03815],[47.18275,39.93159],[47.17494,39.67109],[47.22254,39.32941],[47.21156,39.22956],[47.14381,39.12763],[46.92457,39.06007],[46.45582,39.02643],[46.1587,39.13105],[45.21607,39.71833],[45.06678,39.90528],[44.87062,40.25068],[44.7787,40.36805],[44.66529,40.44837],[44.51539,40.47858],[44.26796,40.47236],[44.0702,40.58716],[44.02967,40.62226],[43.99793,40.73615],[43.97511,40.9762],[43.89711,41.07014],[43.01966,41.141],[42.61061,41.29304],[42.39479,41.32917],[42.07643,41.32783],[41.94654,41.42737],[41.88368,41.57148],[41.88368,41.73188],[41.94276,41.88056],[42.02272,41.9737],[42.25892,42.10572],[42.71046,42.15693],[43.04762,42.24628],[43.19837,42.24573],[43.76307,42.08063],[44.22584,42.04877],[44.36805,42.00074],[44.48658,41.90839],[44.78651,41.52039],[45.09852,41.40882],[45.28639,41.34821]]]}},{"type":"Feature","id":"Q161750","properties":{"id":"Q161750","regionType":"mountain_range"},"geometry":{"type":"Polygon","coordinates":[[[74.90394,39.46522],[75.67335,39.1955],[75.89625,39.03126],[76.12184,38.81],[76.86756,38.34693],[76.98854,38.23865],[77.03224,38.13819],[76.97267,38.0478],[76.85951,37.99647],[75.67408,37.71406],[75.50172,37.60322],[72.91786,37.41029],[72.08656,37.09705],[71.78504,37.10517],[71.64955,37.17371],[71.44606,37.28449],[71.23463,37.53864],[71.20485,37.64503],[71.22682,39.06592],[71.25209,39.1662],[71.32631,39.25922],[71.57704,39.26191],[72.24391,39.50556],[74.23964,39.55994],[74.90394,39.46522]]]}},{"type":"Feature","id":"Q1066","properties":{"id":"Q1066","regionType":"lake"},"geometry":{"type":"Polygon","coordinates":[[[-84.49298,46.47351],[-84.49014,46.44647],[-84.56978,46.4234],[-84.65647,46.50199],[-84.81955,46.45725],[-84.94598,46.50641],[-85.02707,46.49669],[-85.05577,46.5329],[-85.01795,46.57323],[-85.01339,46.72424],[-84.95275,46.78635],[-85.20031,46.77546],[-85.5219,46.68391],[-85.89869,46.71099],[-86.14566,46.69068],[-86.4883,46.55351],[-86.65903,46.43753],[-86.65211,46.45725],[-86.75985,46.50111],[-86.88201,46.4599],[-87.00844,46.55351],[-87.11147,46.5123],[-87.34813,46.51671],[-87.3967,46.60443],[-87.46941,46.63504],[-87.62969,46.82874],[-87.66075,46.81991],[-87.79645,46.90115],[-88.11907,46.92764],[-88.19855,46.91175],[-88.29702,46.83462],[-88.23947,46.91293],[-88.1441,46.97033],[-88.17353,46.9718],[-88.40049,46.86612],[-88.4888,46.77987],[-88.45597,46.80283],[-88.48276,46.84817],[-88.44685,47.00123],[-88.52353,47.04686],[-88.51264,47.11162],[-88.63495,47.15107],[-88.63583,47.23702],[-88.88663,47.11515],[-88.96861,47.0189],[-89.1308,47.00594],[-89.30801,46.8935],[-89.79415,46.83021],[-90.05967,46.68038],[-90.43528,46.57647],[-90.5698,46.60708],[-90.75687,46.70422],[-90.73009,46.68391],[-90.771,46.67626],[-90.73627,46.67007],[-90.78116,46.63711],[-90.95601,46.60737],[-90.86314,46.70098],[-90.86593,46.78075],[-90.76158,46.89762],[-90.85696,46.97033],[-90.97573,46.94825],[-91.12821,46.85935],[-91.22476,46.88437],[-91.40109,46.78635],[-91.79303,46.70599],[-91.96347,46.69068],[-92.11419,46.77251],[-92.04795,46.83433],[-91.51103,47.12192],[-91.01238,47.49312],[-90.79146,47.61616],[-90.53286,47.71153],[-90.08528,47.81132],[-89.74323,47.93084],[-89.64844,47.99471],[-89.59016,47.99059],[-89.45961,48.05123],[-89.41928,48.07978],[-89.45519,48.08891],[-89.43297,48.10186],[-89.33171,48.12247],[-89.30433,48.20518],[-89.27357,48.20195],[-89.26754,48.26435],[-89.20601,48.32617],[-89.23722,48.40093],[-89.18865,48.46746],[-88.77992,48.58845],[-88.75829,48.56696],[-88.83821,48.4863],[-88.86293,48.38857],[-88.94123,48.32175],[-88.73003,48.38386],[-88.69765,48.50691],[-88.63966,48.51986],[-88.62052,48.62495],[-88.54693,48.64467],[-88.55768,48.69854],[-88.50925,48.71885],[-88.54399,48.7842],[-88.4888,48.84925],[-88.36413,48.84336],[-88.31748,48.75299],[-88.33897,48.69442],[-88.55827,48.53988],[-88.59123,48.49248],[-88.56445,48.49248],[-88.55768,48.43155],[-88.48203,48.47894],[-88.49203,48.51603],[-88.42742,48.57491],[-88.39033,48.55136],[-88.30379,48.59551],[-88.33028,48.65733],[-88.27317,48.60905],[-88.22814,48.6432],[-88.25536,48.59551],[-88.22563,48.59757],[-88.10936,48.71149],[-88.10863,48.79744],[-88.26287,48.89046],[-88.24109,48.92579],[-88.27111,48.98966],[-88.17692,48.97347],[-88.03621,49.02764],[-88.03621,48.99261],[-87.94201,48.94727],[-87.70049,48.91077],[-87.63941,48.86456],[-87.57568,48.88281],[-87.54403,48.83689],[-87.43689,48.84395],[-87.29309,48.77419],[-87.01536,48.78037],[-86.98828,48.81393],[-86.85404,48.75859],[-86.71746,48.81452],[-86.61796,48.78802],[-86.63165,48.74623],[-86.42854,48.77331],[-86.26679,48.58727],[-86.22764,48.43155],[-86.17921,48.39681],[-86.18628,48.35089],[-86.07678,48.16338],[-85.85924,47.985],[-85.53309,47.92613],[-84.85855,47.96086],[-84.84354,47.917],[-84.93906,47.83458],[-84.89123,47.80102],[-84.98424,47.72743],[-84.97159,47.68828],[-85.0284,47.62234],[-84.90491,47.51225],[-84.72682,47.44484],[-84.68208,47.37243],[-84.62748,47.36536],[-84.58332,47.30502],[-84.72314,47.15313],[-84.70872,47.10868],[-84.76995,47.05304],[-84.77687,46.98769],[-84.67104,46.96208],[-84.60952,46.9091],[-84.57287,46.94648],[-84.45969,46.94324],[-84.36019,46.8932],[-84.38933,46.83992],[-84.46292,46.85435],[-84.54932,46.82726],[-84.54608,46.69745],[-84.47691,46.75897],[-84.4251,46.71099],[-84.58847,46.56293],[-84.49383,46.4805],[-84.49298,46.47351]],[[-86.60413,46.47285],[-86.60192,46.49669],[-86.63916,46.49875],[-86.62827,46.55321],[-86.68773,46.56705],[-86.67625,46.47491],[-86.61693,46.46932],[-86.60413,46.47285]],[[-86.95619,48.64114],[-86.98165,48.67793],[-87.04627,48.65379],[-86.99475,48.62347],[-86.95619,48.64114]],[[-85.61065,47.73891],[-85.61006,47.77306],[-85.73399,47.80779],[-85.85865,47.80338],[-85.95506,47.75422],[-85.90663,47.71978],[-85.62154,47.73773],[-85.61065,47.73891]],[[-87.71477,47.41688],[-87.81971,47.48399],[-88.05255,47.48428],[-88.28333,47.43719],[-88.43125,47.37243],[-88.60551,47.23879],[-88.61905,47.15254],[-88.43758,47.11515],[-88.42345,47.14371],[-88.46216,47.14253],[-88.39946,47.19699],[-88.42345,47.11074],[-88.4835,47.06599],[-88.42418,46.9924],[-88.33617,47.10043],[-88.23491,47.1493],[-88.21504,47.21818],[-87.94893,47.35506],[-88.01752,47.39539],[-87.73728,47.4154],[-87.71477,47.41688]],[[-88.63598,48.03475],[-88.57549,48.11599],[-88.45465,48.18458],[-88.63274,48.14984],[-89.12359,47.96439],[-89.21558,47.917],[-89.15362,47.917],[-89.2144,47.85724],[-89.13757,47.83517],[-88.91401,47.89669],[-89.00276,47.90346],[-88.68734,48.01267],[-88.63598,48.03475]],[[-90.40952,47.07365],[-90.46001,47.06364],[-90.47561,47.00212],[-90.41026,47.03361],[-90.41202,47.071],[-90.40952,47.07365]],[[-88.08508,48.94198],[-88.02267,48.89664],[-88.03268,48.95257],[-88.07271,48.95434],[-88.08508,48.94198]],[[-88.08699,48.82659],[-88.08522,48.7527],[-88.0471,48.70472],[-87.9822,48.75594],[-87.81824,48.75918],[-87.7626,48.85161],[-88.01649,48.85632],[-88.08699,48.82659]],[[-87.67017,48.7477],[-87.60556,48.76006],[-87.68754,48.84189],[-87.74597,48.83983],[-87.72301,48.78567],[-87.75053,48.75712],[-87.69372,48.74623],[-87.67017,48.7477]],[[-89.15038,48.24875],[-89.17025,48.23256],[-89.12565,48.21195],[-89.02321,48.25287],[-89.1389,48.25523],[-89.15038,48.24875]],[[-87.46456,48.76447],[-87.44734,48.78802],[-87.52299,48.80098],[-87.48708,48.76124],[-87.46456,48.76447]],[[-90.58526,46.84875],[-90.59983,46.87554],[-90.67739,46.85317],[-90.79632,46.7628],[-90.60071,46.84257],[-90.58526,46.84875]],[[-84.54181,46.90086],[-84.54932,46.88231],[-84.4251,46.90292],[-84.52886,46.91587],[-84.54181,46.90086]],[[-90.771,46.94383],[-90.7005,46.93088],[-90.75054,46.9718],[-90.76423,46.95031],[-90.771,46.94383]],[[-90.53095,46.95002],[-90.66385,46.92705],[-90.55199,46.9091],[-90.54184,46.94295],[-90.53095,46.95002]],[[-90.93658,46.98563],[-90.94306,47.01271],[-90.98324,46.9874],[-90.95086,46.97268],[-90.93658,46.98563]]]}},{"type":"Feature","id":"Q5505","properties":{"id":"Q5505","regionType":"lake"},"geometry":{"type":"Polygon","coordinates":[[[33.91355,-1.53205],[33.82465,-1.51233],[33.79757,-1.47053],[33.72574,-1.49114],[33.65392,-1.47053],[33.68129,-1.535],[33.61241,-1.5662],[33.67452,-1.58033],[33.66775,-1.62801],[33.7019,-1.62801],[33.70867,-1.6601],[33.54324,-1.67541],[33.64126,-1.7752],[33.57827,-1.75842],[33.49261,-1.83966],[33.45081,-1.83731],[33.44786,-1.79963],[33.36515,-1.80434],[33.28302,-1.92238],[33.31422,-1.94446],[33.4617,-1.88146],[33.49025,-1.92679],[33.4617,-1.94975],[33.57326,-1.98714],[33.5506,-2.02894],[33.39988,-1.97213],[33.37221,-1.99803],[33.40018,-2.03895],[33.37957,-2.05337],[33.32423,-2.01658],[33.31775,-2.04572],[33.28155,-2.00039],[33.28596,-2.05631],[33.21885,-2.04277],[33.20766,-2.11489],[33.2215,-2.14197],[33.28243,-2.11107],[33.35808,-2.16758],[33.50939,-2.15316],[33.60564,-2.18289],[33.74929,-2.08575],[33.81582,-2.12313],[33.83848,-2.22057],[33.53235,-2.37864],[33.51527,-2.4487],[33.40754,-2.46725],[33.4617,-2.50169],[33.42755,-2.55291],[33.34484,-2.52494],[33.34454,-2.49551],[33.20766,-2.51287],[33.0805,-2.38895],[32.96275,-2.38836],[32.87474,-2.47725],[32.90682,-2.54967],[32.86561,-2.60148],[32.90947,-2.67919],[32.87945,-2.7045],[32.9548,-2.78634],[32.92713,-2.82048],[33.01014,-2.8455],[33.02339,-2.88259],[32.9339,-2.85169],[32.89917,-2.79988],[32.75552,-3.01211],[32.76229,-2.92822],[32.79673,-2.90997],[32.72049,-2.86964],[32.84736,-2.82431],[32.87297,-2.72894],[32.82293,-2.70539],[32.84471,-2.67654],[32.79673,-2.63503],[32.81734,-2.64239],[32.83765,-2.58705],[32.81057,-2.56645],[32.83765,-2.51199],[32.80527,-2.4852],[32.73462,-2.5326],[32.72844,-2.48461],[32.67339,-2.51817],[32.69488,-2.47343],[32.65956,-2.38041],[32.62482,-2.46725],[32.50207,-2.54614],[32.55064,-2.43575],[32.50943,-2.47048],[32.37137,-2.43222],[32.32015,-2.35392],[32.36107,-2.3289],[32.30985,-2.27179],[32.25863,-2.28386],[32.21889,-2.25089],[32.22154,-2.32095],[32.15943,-2.38836],[32.06641,-2.38571],[32.06788,-2.42456],[32.16679,-2.49639],[32.15678,-2.55085],[32.08672,-2.50316],[32.06994,-2.52494],[32.02962,-2.47048],[32.02285,-2.50522],[31.98576,-2.50787],[31.99194,-2.58381],[31.93424,-2.59441],[32.01549,-2.76014],[31.98075,-2.76573],[31.93189,-2.64858],[31.89951,-2.63503],[31.90628,-2.71068],[31.8321,-2.69126],[31.84476,-2.78634],[31.79648,-2.83402],[31.78294,-2.81489],[31.77352,-2.65417],[31.8583,-2.60089],[31.75468,-2.62002],[31.71965,-2.53907],[31.71789,-2.50757],[31.79648,-2.46283],[31.75527,-2.32654],[31.6337,-2.35627],[31.70699,-2.0048],[31.62133,-2.04071],[31.6125,-2.00362],[31.68433,-1.86733],[31.76086,-1.59652],[31.75527,-1.46582],[31.80119,-1.47082],[31.87007,-1.14997],[31.84476,-1.05901],[31.8739,-1.02457],[31.84005,-1.02427],[31.82415,-0.98394],[31.81385,-1.03988],[31.76852,-1.04753],[31.7691,-0.86384],[31.70081,-0.83941],[31.69905,-0.79938],[31.79825,-0.65249],[31.79295,-0.57596],[31.84682,-0.47146],[31.9263,-0.4223],[31.99783,-0.31456],[32.03727,-0.32575],[31.97457,-0.23037],[31.98046,-0.18946],[31.92659,-0.19564],[31.91982,-0.13412],[31.99488,-0.08584],[32.06994,-0.09938],[32.01608,-0.04463],[32.18828,-0.06847],[32.208,0.0372],[32.24126,-0.02138],[32.28983,-0.01755],[32.25569,0.05133],[32.37903,-0.02432],[32.36549,0.08548],[32.42112,0.08283],[32.44761,0.11904],[32.41965,0.05516],[32.43761,0.03367],[32.49589,0.08548],[32.50943,0.05133],[32.53004,0.07812],[32.55741,0.04397],[32.55064,0.11904],[32.58803,0.10785],[32.57154,0.13346],[32.59833,0.14023],[32.563,0.18968],[32.61599,0.21147],[32.64543,0.29095],[32.66692,0.27682],[32.64808,0.23089],[32.68075,0.22206],[32.66132,0.17173],[32.69047,0.16731],[32.7149,0.20852],[32.74168,0.17379],[32.65308,0.13346],[32.66662,0.09166],[32.75611,0.1261],[32.79673,0.10608],[32.81057,0.16143],[32.85914,0.147],[32.85148,0.18115],[32.89299,0.19557],[32.89917,0.147],[32.8715,0.12698],[32.90123,0.07694],[32.9863,0.10108],[33.09198,0.18615],[33.10522,0.22206],[33.04311,0.22884],[33.07108,0.26298],[33.12377,0.24708],[33.12642,0.21706],[33.16734,0.26298],[33.15379,0.31626],[33.26977,0.37307],[33.18735,0.42812],[33.23592,0.42724],[33.28302,0.48287],[33.29067,0.4396],[33.31864,0.43754],[33.36603,0.497],[33.38929,0.48464],[33.36603,0.40722],[33.3101,0.3819],[33.31775,0.35188],[33.36603,0.37307],[33.35926,0.33893],[33.42755,0.3245],[33.41372,0.3457],[33.46906,0.35188],[33.50821,0.30036],[33.49496,0.27034],[33.40018,0.29772],[33.4823,0.18792],[33.49261,0.23649],[33.50262,0.19557],[33.53058,0.22206],[33.51616,0.18115],[33.56649,0.1838],[33.61742,0.22707],[33.64214,0.32333],[33.749,0.3192],[33.7019,0.28418],[33.69513,0.26298],[33.74282,0.26298],[33.70867,0.20175],[33.77696,0.18792],[33.78992,0.23649],[33.81788,0.15377],[33.83142,0.20852],[33.89383,0.17379],[33.98184,0.26563],[33.98832,0.11904],[33.95505,0.09519],[33.99597,-0.04051],[34.06485,-0.10674],[34.07692,-0.06347],[34.13491,-0.06494],[34.11283,-0.10674],[34.13785,-0.11734],[34.08546,-0.1403],[34.09399,-0.16885],[34.18789,-0.18887],[34.24912,-0.25216],[34.24324,-0.32575],[34.28798,-0.39639],[34.38688,-0.28483],[34.34538,-0.18887],[34.50551,-0.18092],[34.67448,-0.08967],[34.73659,-0.08584],[34.73129,-0.13794],[34.85463,-0.28748],[34.83785,-0.30897],[34.74954,-0.28719],[34.74042,-0.34017],[34.56233,-0.31839],[34.4487,-0.34635],[34.45694,-0.42407],[34.50551,-0.46792],[34.42397,-0.52503],[34.386,-0.44467],[34.34774,-0.47941],[34.31123,-0.44938],[34.31123,-0.47676],[34.22263,-0.41523],[34.18907,-0.4223],[34.15022,-0.53151],[34.05749,-0.55859],[34.08546,-0.59951],[34.04778,-0.64131],[34.03748,-0.7305],[34.07192,-0.79526],[34.18319,-0.8712],[34.13991,-0.91183],[34.13344,-1.00367],[34.07192,-0.97011],[34.03748,-0.99749],[34.09782,-1.01897],[34.02335,-1.10051],[33.97566,-1.10522],[33.99273,-1.13819],[33.87322,-1.25594],[33.93386,-1.27801],[33.98567,-1.36986],[33.90531,-1.3207],[33.79256,-1.33424],[33.8588,-1.40842],[33.79757,-1.38781],[33.78138,-1.4096],[33.84732,-1.43344],[33.89383,-1.49761],[33.93592,-1.48996],[33.95594,-1.51851],[33.91826,-1.52999],[33.91355,-1.53205]],[[34.14639,-0.40523],[34.1196,-0.42789],[34.16111,-0.43584],[34.22263,-0.36019],[34.20202,-0.39492],[34.16729,-0.36696],[34.15375,-0.4011],[34.14639,-0.40523]],[[33.94652,-0.4641],[34.01716,-0.50472],[34.06191,-0.4744],[34.03041,-0.43231],[33.95093,-0.45497],[33.94652,-0.4641]],[[31.81591,-1.80081],[31.8424,-1.75165],[31.8268,-1.78844],[31.81591,-1.80081]],[[31.7747,-2.13991],[31.82474,-2.13049],[31.77588,-2.07986],[31.7691,-2.1352],[31.7747,-2.13991]],[[31.91982,-2.41632],[31.90775,-2.32183],[31.86889,-2.31006],[31.81061,-2.18289],[31.78265,-2.32095],[31.83033,-2.32271],[31.84829,-2.45459],[31.91276,-2.42397],[31.91982,-2.41632]],[[31.89951,-1.63508],[31.94013,-1.66216],[31.89244,-1.61094],[31.8583,-1.62124],[31.8583,-1.74488],[31.89774,-1.66275],[31.89951,-1.63508]],[[32.06994,-2.29298],[32.04404,-2.23146],[31.9472,-2.28592],[31.98134,-2.29298],[31.95455,-2.34744],[31.97428,-2.36569],[32.05022,-2.34126],[32.06994,-2.29298]],[[32.28277,-0.35312],[32.32398,-0.35401],[32.28983,-0.29867],[32.27335,-0.33016],[32.25569,-0.30544],[32.1662,-0.32575],[32.17238,-0.23979],[32.07377,-0.23037],[32.05022,-0.25745],[32.10439,-0.32221],[32.19358,-0.33193],[32.24804,-0.39669],[32.17062,-0.43555],[32.13824,-0.53828],[32.19358,-0.5109],[32.1874,-0.46999],[32.24185,-0.4638],[32.25893,-0.4903],[32.28307,-0.46999],[32.2707,-0.38668],[32.28277,-0.35312]],[[32.34282,-0.26158],[32.3699,-0.26982],[32.3281,-0.20417],[32.29661,-0.203],[32.33929,-0.25716],[32.34282,-0.26158]],[[32.38845,-0.36784],[32.41347,-0.36019],[32.36931,-0.33428],[32.36078,-0.3755],[32.38845,-0.36784]],[[32.53121,-2.32654],[32.53269,-2.28386],[32.4747,-2.32448],[32.46793,-2.27179],[32.43378,-2.26561],[32.40758,-2.34214],[32.44114,-2.41632],[32.50678,-2.3966],[32.52003,-2.34332],[32.53121,-2.32654]],[[32.53828,-0.39021],[32.45409,-0.42848],[32.47705,-0.44173],[32.4485,-0.50207],[32.5371,-0.39846],[32.53828,-0.39021]],[[32.75375,-0.01843],[32.76288,-0.05228],[32.80321,-0.00901],[32.78937,0.0372],[32.76965,-0.01755],[32.75375,-0.01843]],[[32.8038,-0.10645],[32.81734,-0.08584],[32.76288,-0.0932],[32.73462,-0.03786],[32.75552,-0.08584],[32.73462,-0.05847],[32.70754,-0.06524],[32.70754,-0.10674],[32.65956,-0.09938],[32.74168,-0.13412],[32.78643,-0.12146],[32.8038,-0.10645]],[[33.00573,-1.80522],[32.9969,-1.8588],[33.03723,-1.895],[33.09698,-1.80787],[33.01574,-1.80051],[33.00573,-1.80522]],[[33.18676,-2.13197],[33.14702,-2.05955],[33.10051,-2.04336],[33.10522,-1.96683],[32.99248,-1.99126],[32.94097,-1.9633],[32.94774,-1.90943],[32.92036,-1.895],[32.85148,-1.94328],[32.82499,-1.92915],[32.89917,-1.97742],[32.85325,-2.07192],[32.99601,-2.099],[33.05577,-2.1405],[33.07873,-2.12166],[33.14173,-2.1667],[33.18559,-2.13756],[33.18676,-2.13197]],[[33.18411,0.14994],[33.19471,0.16143],[33.17675,0.16143],[33.18411,0.14994]],[[33.29597,0.03073],[33.29038,0.0637],[33.25035,0.04957],[33.25623,0.01042],[33.28449,0.0219],[33.29597,0.03073]],[[33.38693,0.25121],[33.37103,0.29772],[33.32923,0.23914],[33.29597,0.26327],[33.31775,0.29772],[33.23857,0.29772],[33.20501,0.25592],[33.26212,0.19145],[33.20766,0.18792],[33.28302,0.10608],[33.31069,0.14023],[33.33924,0.07989],[33.31834,0.21088],[33.38163,0.24032],[33.38693,0.25121]],[[33.72604,-0.1297],[33.71897,-0.09938],[33.65392,-0.13412],[33.71544,-0.16826],[33.72604,-0.1297]],[[33.7696,0.07812],[33.88264,0.07871],[33.81229,0.11521],[33.76548,0.10079],[33.7696,0.07812]]]}},{"type":"Feature","id":"Q1383","properties":{"id":"Q1383","regionType":"lake"},"geometry":{"type":"Polygon","coordinates":[[[-79.67141,44.76789],[-79.88174,44.77143],[-79.87452,44.80763],[-79.94179,44.8147],[-79.91573,44.85032],[-79.93413,44.86739],[-80.10825,44.82235],[-80.10781,44.75995],[-79.99227,44.69283],[-80.01302,44.53122],[-80.10869,44.4753],[-80.57747,44.61188],[-80.63913,44.71844],[-80.68049,44.72992],[-80.8262,44.69048],[-80.93747,44.59334],[-80.89744,44.79085],[-80.98546,44.81529],[-81.13146,44.76348],[-81.0065,44.86091],[-81.00577,44.92243],[-80.95307,44.97071],[-81.03167,44.9663],[-81.03299,44.92921],[-81.08775,44.9086],[-81.14912,44.91537],[-81.11689,44.96482],[-81.20093,44.97748],[-81.19077,45.01104],[-81.25715,45.00191],[-81.26642,45.10788],[-81.32795,45.17235],[-81.27952,45.2374],[-81.30219,45.25242],[-81.69296,45.26507],[-81.71033,45.20973],[-81.57492,45.19649],[-81.59552,45.15557],[-81.5234,45.11465],[-81.427,44.9819],[-81.38079,45.00397],[-81.34841,44.97748],[-81.36165,44.88888],[-81.27952,44.81293],[-81.27423,44.7205],[-81.29998,44.70313],[-81.27025,44.62395],[-81.37917,44.51503],[-81.40978,44.44233],[-81.49588,44.41848],[-81.58802,44.34018],[-81.61584,44.22332],[-81.73873,44.09998],[-81.69943,43.51537],[-81.75271,43.35024],[-81.88003,43.25663],[-82.00557,43.21247],[-82.11567,43.10621],[-82.41724,43.01731],[-82.47597,43.10209],[-82.52645,43.27665],[-82.63698,43.8118],[-82.68938,43.9213],[-82.81169,44.0261],[-82.96844,44.07025],[-83.40483,43.9216],[-83.3358,43.90129],[-83.47416,43.72113],[-83.53789,43.72673],[-83.67889,43.6081],[-83.92542,43.70171],[-83.94955,43.75616],[-83.92542,43.88068],[-83.86331,43.98989],[-83.69581,44.00431],[-83.67844,44.04523],[-83.59249,44.0626],[-83.53244,44.266],[-83.45252,44.28543],[-83.46621,44.25805],[-83.33286,44.35402],[-83.28738,44.70313],[-83.30357,44.81264],[-83.3358,44.88799],[-83.42853,44.94598],[-83.45929,45.00721],[-83.41484,45.07609],[-83.26692,45.039],[-83.31402,45.07021],[-83.32212,45.16175],[-83.40896,45.23799],[-83.38364,45.2792],[-83.46533,45.33896],[-83.84403,45.44169],[-83.94308,45.50115],[-84.11602,45.51175],[-84.2239,45.64245],[-84.49899,45.68131],[-84.77451,45.79993],[-84.78084,45.86234],[-84.70636,45.875],[-84.72874,45.96448],[-84.65662,46.05633],[-84.55639,46.0419],[-84.53033,45.99098],[-84.46616,45.98479],[-84.45336,46.01364],[-83.90437,45.97066],[-83.89068,46.01158],[-84.05523,46.10166],[-84.028,46.14934],[-84.13574,46.18791],[-84.21654,46.17407],[-84.25834,46.21263],[-84.17872,46.25178],[-84.22449,46.3554],[-83.8845,46.34127],[-83.83254,46.29976],[-82.98301,46.17672],[-82.63007,46.22382],[-82.691,46.17672],[-82.32098,46.19703],[-82.37853,46.17731],[-82.13509,46.11932],[-81.71901,46.10784],[-81.78141,46.05927],[-81.76199,46.01924],[-81.74624,46.07016],[-81.66941,46.08164],[-81.63835,46.12638],[-81.54592,46.09813],[-81.54018,46.06692],[-81.70532,46.01835],[-81.50604,46.04632],[-81.64262,46.01835],[-81.56756,46.01158],[-81.67736,45.95065],[-81.48926,46.01982],[-81.50677,45.98391],[-81.26127,45.96625],[-81.1634,45.99804],[-81.24597,45.99157],[-81.17944,46.01806],[-81.15619,46.01011],[-81.16163,45.93652],[-80.90333,45.95683],[-80.85152,45.93328],[-80.80648,45.95683],[-80.79794,45.9168],[-80.75261,45.92681],[-80.72465,45.86087],[-80.67976,45.85174],[-80.71655,45.82878],[-80.63604,45.77727],[-80.64267,45.73723],[-80.58747,45.69691],[-80.60852,45.68307],[-80.52448,45.63892],[-80.50608,45.57327],[-80.42366,45.5877],[-80.4372,45.62803],[-80.40629,45.61713],[-80.35493,45.39077],[-80.32858,45.39548],[-80.34109,45.4361],[-80.30945,45.43345],[-80.30017,45.36634],[-80.18199,45.34161],[-80.17139,45.40166],[-80.06512,45.39047],[-80.03319,45.3263],[-80.12783,45.23446],[-80.10074,45.18972],[-80.0663,45.21798],[-79.99845,45.16175],[-80.0039,45.13703],[-80.09559,45.12407],[-79.98476,45.02458],[-79.93325,45.01487],[-79.92751,44.961],[-79.82698,44.94333],[-79.78254,44.82117],[-79.71836,44.82824],[-79.73838,44.86768],[-79.69055,44.88799],[-79.68201,44.84649],[-79.72396,44.80233],[-79.70585,44.77996],[-79.67141,44.76789]],[[-80.16006,44.84472],[-80.1658,44.87151],[-80.23792,44.87504],[-80.1867,44.7938],[-80.17551,44.82588],[-80.16006,44.84472]],[[-81.71268,45.29981],[-81.69782,45.32012],[-81.7667,45.32012],[-81.73093,45.30099],[-81.71268,45.29981]],[[-81.80599,45.45847],[-81.73461,45.48761],[-81.70532,45.53913],[-81.84176,45.47702],[-81.80599,45.45847]],[[-81.58875,45.78698],[-81.7115,45.79993],[-81.65984,45.85969],[-81.67971,45.90885],[-81.7536,45.8485],[-81.80776,45.74459],[-81.84868,45.80317],[-81.8213,45.88177],[-81.89828,45.89619],[-81.8946,45.953],[-81.95362,45.98803],[-82.08829,45.94388],[-82.1607,45.84468],[-82.21928,45.95065],[-82.28463,45.93093],[-82.29773,45.98744],[-82.4349,45.96537],[-82.47185,45.92327],[-82.50658,45.95065],[-82.58915,45.90237],[-82.56192,45.85439],[-82.50658,45.84703],[-82.5397,45.79199],[-82.59813,45.85204],[-82.75988,45.84703],[-82.77872,45.89148],[-82.83759,45.91591],[-82.81552,45.99686],[-82.9758,45.93652],[-83.05528,45.96448],[-83.10046,45.92504],[-83.1639,45.97567],[-83.22601,45.92975],[-83.22483,45.88677],[-83.18391,45.87411],[-82.89176,45.80317],[-82.69645,45.79758],[-82.45257,45.70515],[-82.28007,45.6763],[-82.18411,45.61125],[-82.09859,45.60153],[-82.06842,45.55914],[-81.75993,45.70368],[-81.8996,45.5877],[-81.92874,45.60242],[-81.99262,45.55914],[-81.93066,45.56856],[-81.86472,45.52441],[-81.71798,45.61331],[-81.59567,45.76844],[-81.58875,45.78698]],[[-80.22128,45.31099],[-80.17993,45.24447],[-80.05983,45.33396],[-80.18331,45.33396],[-80.22128,45.31099]],[[-84.36711,45.77462],[-84.4201,45.82672],[-84.43202,45.79993],[-84.58273,45.81347],[-84.47352,45.73723],[-84.38536,45.74665],[-84.36711,45.77462]],[[-83.26825,45.93917],[-83.27193,45.9686],[-83.3698,46.00069],[-83.46003,45.95065],[-83.48667,45.89207],[-83.35332,45.86087],[-83.27281,45.92268],[-83.26825,45.93917]],[[-84.38418,45.95801],[-84.34253,45.95683],[-84.41141,46.0054],[-84.43202,45.98479],[-84.40229,45.96213],[-84.38418,45.95801]],[[-83.89289,46.10431],[-83.87022,46.1623],[-83.81518,46.14287],[-83.78765,46.23824],[-83.92542,46.29947],[-84.1063,46.3133],[-84.0776,46.22411],[-83.94852,46.07575],[-83.90098,46.09459],[-83.89289,46.10431]],[[-83.51713,45.94005],[-83.47916,46.0054],[-83.62384,46.10784],[-83.71539,46.10607],[-83.68463,46.05073],[-83.79354,46.00216],[-83.86581,46.0263],[-83.8845,46.0054],[-83.80193,45.94388],[-83.53538,45.93063],[-83.51713,45.94005]],[[-84.11352,46.24855],[-84.12161,46.29711],[-84.18446,46.33362],[-84.19917,46.29329],[-84.14192,46.23765],[-84.11352,46.24855]],[[-82.73339,45.93475],[-82.65759,45.90237],[-82.57546,45.95065],[-82.63007,45.97802],[-82.73015,45.93357],[-82.73339,45.93475]],[[-82.25461,46.03984],[-82.19132,45.99804],[-82.21045,46.0525],[-82.2468,46.04897],[-82.25461,46.03984]],[[-81.96201,46.04661],[-81.90328,45.99804],[-81.79393,46.00157],[-81.80334,46.05809],[-81.94111,46.05309],[-81.96201,46.04661]]]}},{"type":"Feature","id":"Q1169","properties":{"id":"Q1169","regionType":"lake"},"geometry":{"type":"Polygon","coordinates":[[[-84.77451,45.79993],[-84.82293,45.7652],[-84.9944,45.77874],[-84.94244,45.73164],[-85.10361,45.60065],[-85.08904,45.49468],[-85.02119,45.43904],[-84.9111,45.42256],[-84.93567,45.39577],[-85.1744,45.37693],[-85.39164,45.26478],[-85.39267,45.00986],[-85.54339,44.76731],[-85.56753,44.78585],[-85.48481,44.99308],[-85.5219,44.99809],[-85.61006,44.78703],[-85.65951,44.85444],[-85.6027,44.96394],[-85.64539,44.98366],[-85.57915,45.06137],[-85.60344,45.14409],[-85.54295,45.19973],[-85.56282,45.2165],[-85.642,45.18589],[-85.83142,44.95423],[-85.93681,44.98366],[-86.00113,44.91537],[-86.07648,44.91655],[-86.09238,44.75347],[-86.25472,44.71344],[-86.23411,44.58539],[-86.26753,44.37462],[-86.38115,44.1983],[-86.51832,44.0832],[-86.52186,44.04523],[-86.45268,43.9581],[-86.43678,43.8221],[-86.5429,43.62753],[-86.35627,43.2581],[-86.25546,43.27046],[-86.32713,43.22278],[-86.22234,42.96432],[-86.21925,42.7094],[-86.30241,42.39679],[-86.60295,41.94023],[-86.80121,41.77715],[-87.20169,41.63498],[-87.38581,41.63998],[-87.42673,41.68796],[-87.4937,41.69797],[-87.59467,41.82013],[-87.67561,42.07064],[-87.75156,42.12509],[-87.81279,42.24019],[-87.81176,42.64406],[-87.77128,42.78977],[-87.83442,42.86689],[-87.84929,42.98169],[-87.90051,43.02261],[-87.87181,43.0962],[-87.89977,43.12387],[-87.90728,43.26723],[-87.80793,43.46621],[-87.79851,43.56188],[-87.70049,43.70936],[-87.73213,43.82328],[-87.72095,43.93543],[-87.63764,44.10028],[-87.50062,44.19889],[-87.54801,44.32429],[-87.46603,44.57008],[-87.36536,44.69254],[-87.32797,44.80351],[-87.45013,44.88623],[-87.61763,44.84443],[-87.75583,44.66516],[-87.88285,44.61041],[-87.94437,44.54241],[-88.04342,44.58068],[-87.98264,44.72933],[-87.82295,44.94922],[-87.63661,45.00721],[-87.60364,45.17353],[-87.3449,45.42256],[-87.17358,45.66894],[-87.09439,45.70014],[-86.98798,45.92327],[-86.96546,45.89884],[-87.00211,45.82289],[-86.96487,45.68984],[-86.85699,45.73135],[-86.77913,45.86528],[-86.67743,45.84232],[-86.54761,45.88236],[-86.56321,45.7808],[-86.62856,45.78463],[-86.71231,45.67365],[-86.62179,45.60801],[-86.62253,45.66659],[-86.52436,45.76196],[-86.35789,45.81347],[-86.3314,45.88324],[-86.25192,45.95448],[-86.07987,45.97361],[-85.91915,45.92975],[-85.89751,45.97567],[-85.64465,45.99157],[-85.52528,46.10696],[-85.33954,46.10931],[-85.02104,46.02512],[-84.78084,45.86234],[-84.77451,45.79993]],[[-86.99475,45.22386],[-86.98298,45.29216],[-87.07114,45.30658],[-87.13899,45.19708],[-87.24849,45.16617],[-87.28956,45.05313],[-87.39317,44.96482],[-87.37389,44.84502],[-87.29647,44.82059],[-87.17358,44.93656],[-87.18417,44.98631],[-87.0495,45.11465],[-87.09778,45.15557],[-87.04317,45.1488],[-87.05701,45.24094],[-87.03302,45.24211],[-86.99475,45.22386]],[[-85.48775,45.63538],[-85.48775,45.7652],[-85.55546,45.77874],[-85.62507,45.61507],[-85.57297,45.59152],[-85.50424,45.61449],[-85.48775,45.63538]],[[-85.44757,45.80199],[-85.51439,45.84085],[-85.50601,45.80494],[-85.45214,45.79729],[-85.44757,45.80199]],[[-85.83348,45.39872],[-85.87941,45.46259],[-85.84158,45.40431],[-85.83348,45.39872]],[[-86.09105,45.03194],[-86.07678,45.04636],[-86.11092,45.05931],[-86.1436,45.04165],[-86.14566,45.01104],[-86.10607,45.0128],[-86.09105,45.03194]],[[-86.85404,45.38723],[-86.8645,45.41579],[-86.94383,45.4308],[-86.97429,45.3475],[-86.8645,45.34043],[-86.86214,45.36987],[-86.85404,45.38723]],[[-85.97434,45.08728],[-85.9817,45.14645],[-86.03777,45.16852],[-86.06309,45.14203],[-86.00407,45.07403],[-85.97434,45.08728]]]}},{"type":"Feature","id":"Q5511","properties":{"id":"Q5511","regionType":"lake"},"geometry":{"type":"Polygon","coordinates":[[[30.80977,-8.58472],[30.6832,-8.52497],[30.67613,-8.4811],[30.54808,-8.58178],[30.56692,-8.5023],[30.47037,-8.50848],[30.45183,-8.39603],[30.48685,-8.34128],[30.56987,-8.30302],[30.58429,-8.14023],[30.51482,-8.03897],[30.45241,-8.01513],[30.41032,-7.94124],[30.26873,-7.83615],[30.26373,-7.74519],[30.19956,-7.60096],[30.20397,-7.45083],[30.12803,-7.2486],[29.97466,-7.11084],[29.78951,-7.04726],[29.6382,-6.83914],[29.54901,-6.77114],[29.47365,-6.60983],[29.48719,-6.51358],[29.44245,-6.51799],[29.41802,-6.48237],[29.32235,-6.1989],[29.19784,-6.07821],[29.179,-5.91778],[29.32058,-5.81593],[29.35679,-5.74646],[29.3353,-5.74646],[29.33207,-5.63372],[29.37004,-5.63725],[29.37269,-5.60958],[29.17723,-5.29196],[29.09628,-5.06795],[29.11276,-4.61463],[29.15839,-4.50012],[29.20137,-4.51602],[29.25936,-4.11922],[29.23404,-4.0471],[29.13808,-4.34853],[29.04182,-4.30702],[29.10482,-4.22401],[29.08274,-4.14983],[29.12424,-3.83045],[29.09628,-3.77334],[29.15162,-3.68003],[29.13455,-3.42687],[29.16516,-3.35063],[29.20608,-3.33444],[29.32912,-3.36211],[29.33677,-3.76274],[29.37328,-3.88726],[29.4348,-3.96497],[29.43215,-4.01295],[29.55372,-4.2664],[29.65439,-4.39916],[29.60259,-4.76064],[29.62084,-4.87279],[29.59317,-4.90429],[29.78156,-5.00643],[29.82306,-5.1436],[29.74123,-5.4312],[29.83602,-5.55984],[29.95288,-5.84184],[29.94611,-5.91778],[29.8266,-6.00021],[29.78892,-5.98607],[29.73446,-6.04495],[29.71179,-6.24659],[29.95288,-6.50739],[30.0721,-6.45323],[30.15864,-6.46883],[30.33585,-6.64633],[30.41856,-6.82207],[30.57664,-6.97661],[30.55986,-7.10172],[30.49421,-7.10996],[30.60431,-7.33191],[30.58341,-7.50794],[30.74472,-7.72017],[30.91574,-8.09372],[30.95489,-8.11138],[30.97108,-8.2621],[31.14535,-8.42606],[31.13534,-8.52526],[31.19981,-8.62799],[31.19421,-8.72366],[31.17331,-8.74809],[31.14299,-8.71012],[31.10355,-8.7687],[31.02525,-8.79902],[30.85805,-8.61769],[30.80977,-8.58472]]]}},{"type":"Feature","id":"Q5513","properties":{"id":"Q5513","regionType":"lake"},"geometry":{"type":"Polygon","coordinates":[[[109.87333,55.71853],[109.96105,55.67261],[109.828,55.54427],[109.87598,55.53721],[109.85331,55.48922],[109.90394,55.46832],[109.84154,55.438],[109.77354,55.29377],[109.80445,55.23784],[109.73174,55.16778],[109.78031,55.05445],[109.7182,54.99558],[109.71525,54.9105],[109.66345,54.87606],[109.69023,54.84133],[109.63077,54.7957],[109.63842,54.69944],[109.51273,54.60554],[109.52716,54.54284],[109.48271,54.39124],[109.51067,54.34739],[109.47682,54.28792],[109.55689,54.14368],[109.48123,54.03389],[109.26046,53.88906],[109.19393,53.80723],[109.2113,53.74924],[109.18422,53.70067],[109.21042,53.67123],[109.16685,53.62649],[108.98494,53.64327],[109.0809,53.74158],[109.01879,53.76572],[109.07442,53.81723],[109.01938,53.87199],[108.91871,53.85933],[108.80832,53.78986],[108.64936,53.60441],[108.52602,53.5164],[108.89663,53.5944],[108.9923,53.47872],[108.97905,53.3648],[108.78712,53.28296],[108.70912,53.27619],[108.68351,53.30504],[108.60786,53.28296],[108.29377,53.11106],[108.34146,53.04659],[108.31467,53.01068],[108.20723,52.92413],[108.01972,52.8526],[107.9685,52.7902],[107.79276,52.71366],[107.53048,52.70101],[106.955,52.48848],[106.82813,52.33099],[106.73982,52.32128],[106.55231,52.38692],[106.33625,52.34365],[106.24676,52.26152],[106.29209,52.13848],[106.1664,51.99689],[106.19319,51.94302],[105.91855,51.7299],[105.4352,51.61451],[104.94155,51.53827],[104.78789,51.47351],[104.25745,51.50824],[103.85358,51.61686],[103.70875,51.68574],[103.7273,51.7193],[103.79059,51.73166],[104.24656,51.782],[104.63306,51.78465],[104.75021,51.87031],[104.93714,51.86413],[105.2209,51.9177],[105.30745,51.99895],[105.4561,52.04045],[105.6074,52.13082],[105.94386,52.47199],[106.40866,52.63183],[106.58028,52.73044],[106.57321,52.77519],[106.74453,52.85084],[106.79605,52.92443],[106.90937,52.98919],[106.8611,53.04276],[106.74453,53.01539],[106.88789,53.13196],[107.13309,53.27767],[107.52842,53.43221],[107.55021,53.5164],[107.65265,53.64268],[108.19898,53.91791],[108.28994,54.05008],[108.32056,54.16311],[108.3756,54.17636],[108.50542,54.3103],[108.56017,54.46837],[108.81744,54.70828],[108.85659,54.83014],[108.95785,54.92022],[108.9034,54.96113],[109.10268,55.04974],[109.11269,55.11568],[109.1907,55.21959],[109.21837,55.38649],[109.19747,55.46214],[109.17009,55.46832],[109.2013,55.5581],[109.55924,55.76651],[109.82122,55.74267],[109.61576,55.79036],[109.7965,55.78212],[109.86214,55.72589],[109.87333,55.71853]],[[107.76539,53.31711],[107.78275,53.41042],[107.64882,53.30975],[107.19697,53.15197],[106.99091,53.11341],[106.92203,53.07014],[106.95736,53.07014],[106.92939,53.04276],[106.9706,53.05012],[106.93616,53.02216],[107.39184,53.0775],[107.62615,53.22026],[107.75243,53.24499],[107.76774,53.30769],[107.76539,53.31711]]]}},{"type":"Feature","id":"Q5525","properties":{"id":"Q5525","regionType":"lake"},"geometry":{"type":"Polygon","coordinates":[[[-118.83685,65.77519],[-119.19554,65.80963],[-119.30533,65.78902],[-119.70317,65.79609],[-119.76469,65.74811],[-119.5866,65.71337],[-119.85403,65.67923],[-119.84652,65.65126],[-119.94337,65.62418],[-119.92232,65.61034],[-120.10733,65.62418],[-119.85977,65.52439],[-119.81429,65.48612],[-119.61736,65.46964],[-119.5108,65.39193],[-119.52317,65.37809],[-119.47724,65.32246],[-119.74806,65.35425],[-119.89259,65.33835],[-120.00651,65.26859],[-120.05582,65.19264],[-120.26246,65.1585],[-120.66957,64.98659],[-120.77966,64.98423],[-121.05327,64.92507],[-121.03281,64.90475],[-121.10787,64.89857],[-121.09698,64.86973],[-121.22842,64.80732],[-121.36691,64.82145],[-121.50512,64.88415],[-121.5088,64.9283],[-121.39738,64.99306],[-121.28596,64.9598],[-121.30878,64.98276],[-121.23136,65.00101],[-121.08359,64.98659],[-120.95701,65.04193],[-121.01353,65.08285],[-120.98041,65.12111],[-120.70371,65.19264],[-120.5686,65.26388],[-120.36078,65.43667],[-120.33325,65.50791],[-120.40891,65.53528],[-120.36799,65.5553],[-120.38845,65.58326],[-120.7174,65.618],[-120.83044,65.60181],[-121.53308,65.38987],[-121.57341,65.35719],[-121.51189,65.35101],[-121.52381,65.32923],[-121.61874,65.268],[-121.62169,65.24121],[-121.58769,65.23356],[-121.59446,65.17233],[-121.67026,65.12376],[-121.58769,65.0902],[-121.61521,65.06842],[-121.71088,65.07313],[-121.7384,65.06224],[-121.72045,65.04428],[-121.79992,65.03516],[-121.82097,65.00778],[-121.84084,65.02132],[-122.07427,64.98041],[-122.01908,64.9598],[-122.04748,64.94508],[-122.22396,64.99777],[-123.33886,65.11258],[-123.49252,65.16527],[-123.4307,65.20206],[-122.97929,65.22679],[-122.84977,65.27094],[-122.73159,65.34336],[-122.75322,65.41194],[-122.83859,65.46699],[-122.94441,65.49496],[-122.82152,65.49083],[-122.76088,65.5656],[-122.6159,65.57414],[-122.36216,65.6386],[-122.15625,65.7749],[-122.1486,65.8217],[-122.201,65.85143],[-122.51096,65.90412],[-122.55423,65.93385],[-122.53363,65.9468],[-122.55409,65.96182],[-122.78678,65.96653],[-122.39719,66.01274],[-122.01702,65.98242],[-121.83804,65.92885],[-121.39503,65.9524],[-121.27169,65.9939],[-121.23504,66.06484],[-121.25461,66.09281],[-121.36853,66.11754],[-121.55001,66.0934],[-121.66201,66.18494],[-121.90707,66.2497],[-123.04449,66.25294],[-123.06113,66.24853],[-123.04023,66.22763],[-122.93764,66.17965],[-123.05495,66.10517],[-123.11205,66.1143],[-123.08865,66.06661],[-123.10322,66.04336],[-123.16945,66.06161],[-123.17416,66.09016],[-123.27336,66.17258],[-123.86386,66.10576],[-124.07683,66.11783],[-124.18516,66.17965],[-124.59609,66.15227],[-124.61993,66.12813],[-124.55458,66.09752],[-124.59005,66.06013],[-124.56032,66.0045],[-124.64981,65.99302],[-124.70942,66.0357],[-124.63701,66.0357],[-124.65378,66.04865],[-124.73503,66.05071],[-124.80465,66.00891],[-124.79626,65.91177],[-124.86985,65.93267],[-124.89399,65.97035],[-125.03175,66.04983],[-125.10975,66.12225],[-125.12374,66.16875],[-125.08282,66.26207],[-124.96198,66.30828],[-124.88265,66.2656],[-124.69853,66.29563],[-124.48158,66.25206],[-124.45568,66.25971],[-124.43905,66.30475],[-124.2845,66.36951],[-124.0134,66.31594],[-123.80072,66.38923],[-123.27013,66.46959],[-123.15385,66.53465],[-123.12942,66.52847],[-123.16357,66.51522],[-123.13884,66.50139],[-123.16357,66.48137],[-123.10734,66.46724],[-122.97429,66.47754],[-122.89231,66.55555],[-122.61855,66.5426],[-122.4646,66.56379],[-122.56704,66.56997],[-122.51538,66.60824],[-122.49256,66.61089],[-122.4852,66.57674],[-122.34788,66.6156],[-122.32006,66.59117],[-122.38277,66.56379],[-122.32639,66.5632],[-122.25295,66.5997],[-121.99685,66.62266],[-121.74856,66.6939],[-121.46391,66.72392],[-121.43683,66.73511],[-121.48142,66.76514],[-121.25874,66.80281],[-121.25609,66.82783],[-121.16277,66.8717],[-120.9342,66.86228],[-120.64911,66.90584],[-120.53592,66.95353],[-120.29263,66.95353],[-120.15428,67.00181],[-119.80958,67.04655],[-119.73673,67.02241],[-119.81252,67.00887],[-119.77853,66.97708],[-119.65151,66.99857],[-119.60088,66.99444],[-119.65548,66.98149],[-119.59852,66.96972],[-119.42941,66.99444],[-119.52449,66.95353],[-119.2207,66.94588],[-119.20231,66.93999],[-119.21967,66.90672],[-119.01053,66.90584],[-118.95519,66.88406],[-119.30224,66.83107],[-119.47136,66.75778],[-119.57247,66.76867],[-119.52199,66.73069],[-119.70538,66.72598],[-119.80605,66.67741],[-120.01475,66.65181],[-120.13529,66.66623],[-120.05258,66.63208],[-120.13883,66.60559],[-120.18784,66.55879],[-120.32119,66.54878],[-120.34002,66.53583],[-120.31957,66.52847],[-120.38094,66.51522],[-120.31957,66.49491],[-120.37476,66.49491],[-120.35401,66.47519],[-120.24509,66.48137],[-120.26158,66.46871],[-120.4354,66.46783],[-120.51193,66.41926],[-120.45218,66.38099],[-120.36519,66.39924],[-120.22007,66.38482],[-120.14001,66.40837],[-119.96383,66.37775],[-119.99797,66.35715],[-119.88788,66.33036],[-119.72628,66.37098],[-119.60691,66.35715],[-119.62781,66.33654],[-119.6989,66.34979],[-119.8034,66.32506],[-119.7644,66.30917],[-119.55731,66.30181],[-119.49093,66.31682],[-119.54554,66.33036],[-119.51801,66.33948],[-119.37628,66.34302],[-118.83332,66.30917],[-118.67819,66.35332],[-118.58665,66.33713],[-118.32113,66.39129],[-118.11993,66.4743],[-118.15614,66.50021],[-118.2103,66.45046],[-118.27977,66.43898],[-118.21737,66.51257],[-118.05208,66.59735],[-117.62334,66.68036],[-117.60597,66.67977],[-117.65366,66.63827],[-117.74373,66.63827],[-117.72946,66.61089],[-117.59228,66.62531],[-117.72725,66.5738],[-117.7196,66.54613],[-117.74373,66.52228],[-117.87208,66.48284],[-117.87693,66.45988],[-117.83175,66.44016],[-117.90755,66.41219],[-117.72283,66.42986],[-117.54783,66.49609],[-117.52399,66.48755],[-117.57241,66.46018],[-117.46424,66.46371],[-117.49691,66.42956],[-117.59228,66.42603],[-117.64689,66.37775],[-117.56491,66.35715],[-117.6594,66.34949],[-117.7065,66.32065],[-117.70208,66.29003],[-117.67103,66.30711],[-117.61333,66.28267],[-117.66102,66.23499],[-117.81129,66.21379],[-117.82571,66.17258],[-117.68103,66.18583],[-117.75742,66.15227],[-117.80437,66.17052],[-117.82674,66.14226],[-117.91726,66.15698],[-118.03103,66.09752],[-117.96701,66.06897],[-117.77037,66.06278],[-117.77729,66.02952],[-117.87281,66.04924],[-117.95538,66.0357],[-117.93551,66.06278],[-118.11051,66.03305],[-118.13347,66.0151],[-118.09256,66.00155],[-118.12729,65.9939],[-118.11301,65.98095],[-118.16732,65.94092],[-118.14716,65.91207],[-118.21545,65.91207],[-118.26623,65.85585],[-118.19617,65.85055],[-118.19264,65.82464],[-118.08858,65.80168],[-117.81188,65.86468],[-117.78465,65.85702],[-118.0038,65.78225],[-117.96304,65.75488],[-117.80452,65.76871],[-117.8394,65.74811],[-117.816,65.7331],[-117.98276,65.73398],[-118.11051,65.67569],[-118.18513,65.68835],[-118.36749,65.65509],[-118.39413,65.65891],[-118.35866,65.68217],[-118.43446,65.6963],[-118.58591,65.65891],[-118.49039,65.62418],[-118.70881,65.66863],[-118.67481,65.70543],[-118.88145,65.73398],[-118.77769,65.74811],[-118.80462,65.764],[-118.83685,65.77519]],[[-118.54646,65.71308],[-118.4976,65.68835],[-118.29935,65.72397],[-118.13347,65.78579],[-118.23002,65.83024],[-118.3176,65.82523],[-118.54043,65.71779],[-118.54646,65.71308]],[[-119.45001,66.83755],[-119.36038,66.83284],[-119.11356,66.87847],[-119.35023,66.89907],[-119.44251,66.85786],[-119.37422,66.8717],[-119.38584,66.85698],[-119.45001,66.85786],[-119.38732,66.84491],[-119.41778,66.83725],[-119.45001,66.83755]],[[-122.37349,66.2971],[-122.34185,66.32006],[-122.36967,66.34626],[-122.49992,66.33154],[-122.58073,66.29563],[-122.4462,66.29091],[-122.37349,66.2971]]]}},{"type":"Feature","id":"Q5532","properties":{"id":"Q5532","regionType":"lake"},"geometry":{"type":"Polygon","coordinates":[[[35.22465,-14.38458],[35.0651,-14.18618],[34.96413,-14.15527],[34.94206,-14.05165],[34.89349,-14.01103],[34.84403,-14.01544],[34.86258,-14.09345],[34.81224,-14.16851],[34.82902,-14.20619],[34.70921,-14.27478],[34.69862,-14.22415],[34.61678,-14.18529],[34.55114,-14.07903],[34.53407,-13.95304],[34.58264,-13.89299],[34.63474,-13.70342],[34.51729,-13.56507],[34.43811,-13.57419],[34.32507,-13.39581],[34.30888,-13.32987],[34.34803,-13.24392],[34.33125,-12.90098],[34.31565,-12.92836],[34.26355,-12.80826],[34.27591,-12.7382],[34.22292,-12.70464],[34.18642,-12.62163],[34.20556,-12.50859],[34.17112,-12.39703],[34.08546,-12.38025],[34.03954,-12.27046],[34.06897,-12.002],[34.19525,-11.89985],[34.19084,-11.82037],[34.31565,-11.69232],[34.32507,-11.63993],[34.27738,-11.35351],[34.21498,-11.18572],[34.24971,-11.11213],[34.18319,-10.57786],[34.2294,-10.53282],[34.22646,-10.46836],[34.27091,-10.44069],[34.18113,-10.27908],[33.99538,-10.06891],[33.9527,-9.88964],[33.90737,-9.82723],[33.90442,-9.72538],[33.96261,-9.61213],[33.94587,-9.55001],[34.01273,-9.47746],[34.31794,-9.7192],[34.52475,-10.00879],[34.58562,-10.29002],[34.58107,-10.53972],[34.62438,-10.58344],[34.67502,-10.75242],[34.59296,-11.01617],[34.61353,-11.10216],[34.71409,-11.20273],[34.76556,-11.34515],[34.86788,-11.35879],[34.96069,-11.49852],[34.95589,-11.8136],[34.86935,-12.04262],[34.69479,-12.18803],[34.71599,-12.2366],[34.68861,-12.42735],[34.82549,-12.71495],[34.75484,-12.92188],[34.81577,-13.08467],[34.79458,-13.31574],[34.86287,-13.38286],[34.85728,-13.69312],[34.89878,-13.72491],[35.06893,-13.74934],[35.17666,-14.10052],[35.28793,-14.3363],[35.26762,-14.38752],[35.22729,-14.39105],[35.22465,-14.38458]],[[34.71069,-12.06617],[34.73983,-12.08883],[34.7569,-12.04379],[34.71834,-12.03879],[34.71069,-12.06617]]]}},{"type":"Feature","id":"Q5539","properties":{"id":"Q5539","regionType":"lake"},"geometry":{"type":"Polygon","coordinates":[[[-111.66879,62.38765],[-111.67071,62.37057],[-111.63053,62.38294],[-111.535,62.47831],[-111.28789,62.57457],[-111.30835,62.59576],[-111.26022,62.62373],[-110.49973,62.66965],[-110.52696,62.69202],[-110.43143,62.75972],[-110.50311,62.77739],[-110.46396,62.80123],[-110.40465,62.77238],[-109.89731,62.77621],[-109.8274,62.73912],[-109.74616,62.73294],[-110.24922,62.73087],[-110.35961,62.75531],[-110.43511,62.69879],[-110.40229,62.68054],[-109.68404,62.67083],[-109.88701,62.58546],[-110.1721,62.54778],[-110.22994,62.57192],[-110.36285,62.56839],[-110.48633,62.53365],[-110.75553,62.54955],[-110.78762,62.53365],[-110.69312,62.52305],[-110.65427,62.49274],[-110.32149,62.54101],[-110.66339,62.46536],[-110.68444,62.43622],[-110.65795,62.43121],[-110.33518,62.51746],[-110.21169,62.51305],[-110.23966,62.4995],[-110.19226,62.48479],[-109.84918,62.56103],[-110.17298,62.45417],[-110.35637,62.44475],[-110.3078,62.43739],[-110.47912,62.3903],[-110.21905,62.3903],[-110.26365,62.37263],[-110.63131,62.35026],[-110.65795,62.35556],[-110.6369,62.39648],[-110.67267,62.4056],[-110.77584,62.38088],[-110.92214,62.4056],[-111.03459,62.39324],[-111.13776,62.34173],[-111.09611,62.33496],[-111.12319,62.3223],[-111.31276,62.27579],[-111.32954,62.25253],[-111.21959,62.27314],[-111.4255,62.17453],[-111.58961,62.1339],[-111.57901,62.11595],[-111.50027,62.12272],[-111.70912,62.05914],[-111.72678,62.0403],[-111.46612,62.07503],[-111.61007,61.97142],[-111.59638,61.9514],[-111.81833,61.89753],[-111.84335,61.88311],[-111.80876,61.88311],[-111.85469,61.84896],[-112.05206,61.76301],[-112.20262,61.65586],[-112.20969,61.61406],[-112.68626,61.46482],[-112.64476,61.45804],[-112.88496,61.44421],[-112.87157,61.41713],[-112.95708,61.38916],[-113.00683,61.39417],[-112.9849,61.43685],[-113.07497,61.48571],[-113.13811,61.47924],[-113.08969,61.45804],[-113.33843,61.45451],[-113.41938,61.41625],[-113.39141,61.41625],[-113.41055,61.39888],[-113.50872,61.38298],[-113.52917,61.34825],[-113.66561,61.31381],[-113.70962,61.26347],[-113.67253,61.19724],[-113.74774,61.16309],[-113.65516,61.1628],[-113.62617,61.13984],[-113.63161,61.09421],[-113.76202,61.00561],[-114.04299,60.96999],[-114.21563,61.01797],[-114.70339,60.89964],[-114.79612,60.93054],[-115.26283,60.84783],[-115.54336,60.83488],[-115.67715,60.86166],[-115.94311,60.84371],[-116.39878,60.94232],[-116.50299,60.98559],[-116.49946,61.01856],[-116.53714,61.03269],[-116.63634,61.01238],[-116.74628,61.04741],[-117.1999,61.0633],[-117.30425,61.10863],[-117.38299,61.18134],[-117.45673,61.1993],[-117.50677,61.26318],[-117.68839,61.30733],[-117.60597,61.30733],[-117.07317,61.15102],[-116.70154,61.22461],[-116.79765,61.29114],[-116.79441,61.31734],[-116.75305,61.33324],[-116.54081,61.32087],[-116.42012,61.27318],[-116.20583,61.27348],[-116.17669,61.24522],[-115.95532,61.1784],[-115.93384,61.19724],[-115.96165,61.22461],[-116.02317,61.23904],[-115.87555,61.27466],[-115.85186,61.31057],[-116.06409,61.37562],[-115.96283,61.39888],[-115.93707,61.4292],[-115.86216,61.4027],[-115.72027,61.43479],[-115.70791,61.45451],[-115.75619,61.47217],[-115.7372,61.50868],[-115.76987,61.51957],[-115.71159,61.55519],[-115.69746,61.60582],[-115.66008,61.60876],[-115.65684,61.65203],[-115.5154,61.70502],[-115.57,61.71385],[-115.55263,61.74917],[-115.37528,61.7789],[-115.22368,61.77743],[-115.18718,61.75977],[-115.2281,61.74593],[-115.14038,61.73298],[-114.85999,61.77949],[-114.84042,61.76418],[-114.68058,61.82806],[-114.7346,61.8416],[-114.61847,61.86221],[-114.68676,61.88929],[-114.63908,61.93403],[-114.7524,61.93727],[-114.78979,62.01292],[-115.02263,62.08857],[-115.06355,62.12949],[-115.02881,62.1501],[-115.07047,62.16364],[-115.03632,62.17806],[-115.16658,62.21839],[-115.16658,62.25253],[-115.33113,62.23193],[-115.23546,62.32142],[-115.30993,62.35232],[-115.30596,62.42621],[-115.2596,62.48008],[-115.70099,62.47831],[-115.70099,62.50569],[-115.77606,62.53365],[-115.69614,62.55426],[-115.82389,62.56839],[-115.80402,62.6093],[-116.05423,62.70556],[-115.98756,62.78592],[-115.68804,62.6982],[-115.77606,62.65728],[-115.30993,62.61548],[-115.22427,62.58281],[-115.19395,62.52924],[-115.07886,62.48803],[-114.865,62.46477],[-114.87648,62.44652],[-114.7343,62.40031],[-114.70678,62.36822],[-114.59801,62.35556],[-114.38313,62.37852],[-114.34088,62.41767],[-114.24124,62.40384],[-114.24801,62.38294],[-114.21446,62.37676],[-114.25552,62.36233],[-114.22814,62.34938],[-114.25302,62.31847],[-114.1388,62.29404],[-114.15926,62.2805],[-114.14204,62.27314],[-114.06624,62.28697],[-113.89227,62.21162],[-113.85077,62.16364],[-113.74774,62.15745],[-113.7997,62.13862],[-113.74112,62.09122],[-113.5645,62.06296],[-113.5355,62.04766],[-113.59335,62.03677],[-113.54375,62.01027],[-113.42615,62.0403],[-113.26969,61.9932],[-113.14665,62.03382],[-113.01536,62.01292],[-113.0289,62.03412],[-112.93191,62.07533],[-112.89791,62.06826],[-112.91911,62.0403],[-112.88231,62.03559],[-112.70658,62.06826],[-112.43914,62.07945],[-111.97258,62.27755],[-111.9324,62.32642],[-111.7025,62.40031],[-111.66879,62.38765]],[[-116.50976,61.10863],[-116.46634,61.13483],[-116.55421,61.13954],[-116.69609,61.19194],[-116.84372,61.17575],[-116.89582,61.15426],[-116.907,61.12217],[-116.7426,61.06772],[-116.5286,61.09097],[-116.50976,61.10863]],[[-113.24467,61.90312],[-113.06938,61.9305],[-113.14076,61.95081],[-113.39892,61.94404],[-113.33004,61.90312],[-113.24467,61.90312]],[[-113.16873,61.7895],[-112.89114,61.80481],[-112.56219,61.87634],[-113.12913,61.81923],[-113.19963,61.79303],[-113.16873,61.7895]],[[-112.71364,61.65674],[-112.60679,61.65409],[-112.46873,61.75859],[-112.63593,61.7636],[-112.77501,61.70502],[-112.70275,61.70148],[-112.74779,61.67087],[-112.69833,61.66233],[-112.71364,61.65674]],[[-112.23353,61.80628],[-112.45327,61.70825],[-112.49139,61.71591],[-112.5588,61.62259],[-112.6349,61.6223],[-112.69259,61.58227],[-112.50214,61.59228],[-112.31993,61.64732],[-112.31684,61.67793],[-112.35054,61.66351],[-112.42222,61.68706],[-112.28843,61.73239],[-112.2375,61.80392],[-112.23353,61.80628]],[[-112.31213,61.86898],[-111.93902,61.99232],[-112.45916,61.89635],[-112.57867,61.83954],[-112.87098,61.79009],[-112.93338,61.74593],[-112.6789,61.78008],[-112.72733,61.75977],[-112.7026,61.75241],[-112.33317,61.8522],[-112.31213,61.86898]],[[-111.78831,62.00851],[-111.88559,61.99202],[-112.21278,61.83542],[-112.07531,61.85014],[-111.87882,61.92756],[-111.78963,62.00556],[-111.78831,62.00851]],[[-111.99333,62.03618],[-111.98818,62.01204],[-111.9452,62.03412],[-111.89266,62.01675],[-111.6579,62.12949],[-111.80185,62.12272],[-111.96625,62.05501],[-111.99333,62.03618]],[[-112.77442,61.95346],[-112.77501,61.91666],[-112.75264,61.91666],[-112.46961,61.95611],[-112.35378,62.00468],[-112.12933,62.02941],[-112.10018,62.05796],[-112.28107,62.0191],[-112.34318,62.03412],[-112.02777,62.11654],[-112.08812,62.12743],[-112.41883,62.0403],[-112.67964,62.02322],[-112.74102,62.00674],[-112.68626,61.99232],[-112.75205,61.97083],[-112.77442,61.95346]],[[-111.83864,62.18983],[-111.86337,62.17806],[-111.75077,62.181],[-111.598,62.22957],[-111.57592,62.25253],[-111.6373,62.29404],[-111.60271,62.33496],[-111.71251,62.33496],[-111.72678,62.30434],[-111.67836,62.30758],[-111.81612,62.20455],[-111.83864,62.18983]],[[-111.38473,62.30081],[-111.26007,62.32818],[-111.08875,62.46271],[-111.38091,62.31877],[-111.38473,62.30081]]]}},{"type":"Feature","id":"Q5492","properties":{"id":"Q5492","regionType":"lake"},"geometry":{"type":"Polygon","coordinates":[[[-83.07676,42.30436],[-83.12401,42.09006],[-83.10679,42.05562],[-82.87424,41.98439],[-82.71249,42.03531],[-82.62271,42.03796],[-82.54868,41.98733],[-82.49908,41.91374],[-82.48671,42.03502],[-82.38692,42.12597],[-82.08461,42.25491],[-81.92374,42.26374],[-81.93125,42.28434],[-81.85559,42.32526],[-81.8971,42.25638],[-81.85662,42.25903],[-81.79319,42.40474],[-81.54018,42.57164],[-81.35915,42.64935],[-81.22904,42.66967],[-80.93247,42.66672],[-80.51123,42.57223],[-80.35831,42.5793],[-80.10972,42.5425],[-80.04614,42.5581],[-80.44338,42.59961],[-80.45383,42.61815],[-80.40394,42.67173],[-80.37038,42.68821],[-80.34786,42.6679],[-80.31843,42.72059],[-80.18773,42.79242],[-79.83464,42.83245],[-79.71733,42.86718],[-79.64286,42.84511],[-79.44696,42.88072],[-79.20293,42.88014],[-79.0949,42.85011],[-78.94345,42.89898],[-78.91534,42.93194],[-79.04221,43.00995],[-79.03191,43.05528],[-79.07547,43.08884],[-79.0662,43.10621],[-78.9149,43.07648],[-78.88796,43.05146],[-78.93639,42.97963],[-78.86942,42.85453],[-78.8806,42.78064],[-79.03132,42.71411],[-79.15613,42.57694],[-79.36836,42.48981],[-79.56014,42.35823],[-80.13548,42.12597],[-80.06733,42.16719],[-80.08956,42.17425],[-80.21069,42.09242],[-80.37583,42.02354],[-80.86933,41.89343],[-81.34841,41.72947],[-81.743,41.49751],[-82.04075,41.51105],[-82.36308,41.43893],[-82.45816,41.3936],[-82.54647,41.41155],[-82.68467,41.49545],[-82.60902,41.42774],[-82.68394,41.46454],[-82.7877,41.47602],[-82.92561,41.43245],[-83.06146,41.46189],[-82.69836,41.51723],[-82.71087,41.54313],[-82.78564,41.54372],[-82.84584,41.5917],[-82.85599,41.55079],[-82.88455,41.53636],[-82.98949,41.54372],[-83.0956,41.61967],[-83.2185,41.64616],[-83.31476,41.70886],[-83.45914,41.72152],[-83.46621,41.74625],[-83.42456,41.76361],[-83.41263,41.82749],[-83.30961,41.93523],[-83.26015,41.93434],[-83.26692,41.98262],[-83.2213,41.99469],[-83.19937,42.03796],[-83.17817,42.01677],[-83.19186,42.10566],[-83.14609,42.23283],[-83.08162,42.30907],[-83.07676,42.30436]],[[-78.98172,42.97904],[-78.91269,43.03703],[-78.9174,43.05852],[-79.01145,43.06529],[-79.02205,43.01054],[-78.99805,42.99111],[-78.98172,42.97904]],[[-83.14491,42.10773],[-83.14344,42.19486],[-83.15771,42.09242],[-83.14491,42.10773]],[[-82.63831,41.74742],[-82.62271,41.74978],[-82.64434,41.83809],[-82.68438,41.7954],[-82.68349,41.73359],[-82.6623,41.733],[-82.63831,41.74742]]]}},{"type":"Feature","id":"Q3272","properties":{"id":"Q3272","regionType":"lake"},"geometry":{"type":"Polygon","coordinates":[[[-96.28032,51.24096],[-96.26384,51.20475],[-96.33566,51.19622],[-96.36215,51.16443],[-96.30828,51.11733],[-96.42,51.10114],[-96.34994,50.77616],[-96.37996,50.71375],[-96.29401,50.62397],[-96.42426,50.63016],[-96.53524,50.73289],[-96.56158,50.71346],[-96.55805,50.67048],[-96.59735,50.66136],[-96.5819,50.58306],[-96.61604,50.54185],[-96.56659,50.48121],[-96.60545,50.42881],[-96.70891,50.38789],[-96.91777,50.42881],[-96.96957,50.55892],[-96.93822,50.60337],[-96.97296,50.62397],[-96.98665,50.70286],[-96.94573,50.82885],[-96.97693,50.88802],[-96.91026,50.99752],[-96.94411,51.04874],[-96.92071,51.09378],[-96.84476,51.1135],[-96.82843,51.17208],[-96.75631,51.23713],[-96.67138,51.26127],[-96.61192,51.34546],[-96.68831,51.33604],[-96.69846,51.36253],[-96.73438,51.36724],[-96.89348,51.21211],[-96.95191,51.18621],[-96.98871,51.21005],[-96.97914,51.26451],[-96.90776,51.3275],[-96.93204,51.34311],[-96.74497,51.53503],[-96.73364,51.61274],[-96.80164,51.61068],[-96.78177,51.66985],[-96.82843,51.67839],[-96.82548,51.72107],[-96.89878,51.72519],[-96.97134,51.6828],[-97.09586,51.65925],[-97.1013,51.62098],[-97.13751,51.59037],[-97.12014,51.51825],[-97.20359,51.45349],[-97.26909,51.44024],[-97.29617,51.64453],[-97.22125,51.80702],[-97.33532,52.03957],[-97.42083,52.04075],[-97.52106,51.98747],[-97.53873,51.92506],[-97.58435,51.92359],[-97.5689,51.96716],[-97.61041,51.99424],[-97.54123,52.0381],[-97.47941,52.13082],[-97.54829,52.13848],[-97.65132,52.10433],[-97.68944,52.14849],[-97.76068,52.13082],[-97.77849,52.10168],[-97.71225,52.08373],[-97.80527,51.92918],[-97.75376,51.87031],[-98.03223,51.94596],[-98.04857,52.08696],[-98.13746,52.13848],[-98.14482,52.23444],[-98.20237,52.29537],[-98.41623,52.36484],[-98.46642,52.43255],[-98.4701,52.50408],[-98.80214,52.71366],[-98.82951,52.75841],[-98.81686,52.79108],[-98.89148,52.84407],[-98.9084,52.89293],[-98.89059,52.92355],[-98.73311,52.97859],[-98.52205,53.00509],[-98.43904,53.0563],[-98.78168,53.09104],[-98.83702,53.03246],[-98.92533,53.06955],[-99.01187,53.04041],[-99.16479,53.16993],[-99.25119,53.19024],[-99.20615,53.26854],[-99.22661,53.27531],[-99.1932,53.37834],[-99.07678,53.45811],[-99.08782,53.48725],[-99.02718,53.57998],[-99.05603,53.60441],[-98.97346,53.70067],[-99.01011,53.77132],[-98.95477,53.81429],[-98.96124,53.85668],[-98.83319,53.89936],[-98.744,53.88994],[-98.69234,53.83784],[-98.37693,53.85727],[-98.06667,53.76572],[-97.98955,53.69154],[-97.88505,53.70626],[-97.90462,53.74924],[-98.03193,53.7772],[-98.09022,53.83784],[-98.24167,53.88582],[-98.28803,53.97619],[-98.31835,53.99209],[-98.27964,54.06274],[-98.23254,54.09482],[-98.2059,54.17813],[-98.14938,54.23494],[-98.15439,54.25937],[-98.03885,54.35622],[-98.03032,54.40861],[-97.99337,54.41391],[-97.91154,54.3621],[-97.99337,54.32442],[-97.9791,54.31294],[-97.7985,54.31795],[-97.88608,54.24789],[-98.14924,54.18666],[-98.17838,54.08805],[-98.151,54.05361],[-98.23357,54.01593],[-98.06843,53.92644],[-98.03841,53.94381],[-98.03105,53.98826],[-97.91007,54.04213],[-97.83603,54.02506],[-97.73669,54.09099],[-97.7258,54.05008],[-97.77348,54.00121],[-97.96879,53.98473],[-97.98042,53.96442],[-97.93185,53.89936],[-97.95422,53.86286],[-97.90153,53.83431],[-97.88181,53.77867],[-97.81528,53.72127],[-97.83265,53.61471],[-97.66501,53.48137],[-97.67252,53.4119],[-97.59171,53.36656],[-97.58936,53.29974],[-97.55889,53.2653],[-97.41863,53.17375],[-97.446,53.14196],[-97.40965,53.04895],[-97.33267,53.01892],[-97.39081,52.9677],[-97.43511,52.96387],[-97.37712,52.89941],[-97.40509,52.87203],[-97.30868,52.75458],[-97.19756,52.68423],[-97.1983,52.63919],[-97.15134,52.58856],[-97.09895,52.44049],[-97.03183,52.40517],[-97.05494,52.38545],[-97.02756,52.35425],[-97.06863,52.33011],[-97.00034,52.27565],[-97.00902,52.25092],[-97.08909,52.24092],[-96.95191,52.09727],[-96.95957,52.07018],[-96.82534,51.96716],[-96.86316,51.86707],[-96.78736,51.86413],[-96.71539,51.82675],[-96.68066,51.77847],[-96.7828,51.75757],[-96.54098,51.54268],[-96.57925,51.49411],[-96.5423,51.47939],[-96.47946,51.39109],[-96.33492,51.29601],[-96.28032,51.24096]],[[-96.6025,51.18621],[-96.69405,51.20564],[-96.76838,51.08613],[-96.85006,51.04168],[-96.83211,51.01342],[-96.7856,51.01165],[-96.69184,51.04168],[-96.62958,51.1503],[-96.6025,51.18621]],[[-96.36068,51.21947],[-96.3364,51.26245],[-96.44163,51.26127],[-96.54849,51.21359],[-96.5713,51.18032],[-96.39409,51.20446],[-96.36068,51.21947]],[[-97.11631,51.70635],[-97.091,51.75934],[-97.15017,51.74668],[-97.20521,51.60156],[-97.15885,51.62069],[-97.12147,51.70193],[-97.11631,51.70635]],[[-97.23274,52.31922],[-97.22626,52.35807],[-97.25776,52.36514],[-97.34386,52.32128],[-97.34974,52.28919],[-97.31369,52.27742],[-97.24112,52.31245],[-97.23274,52.31922]],[[-97.89844,52.33364],[-97.89844,52.37456],[-97.92905,52.41106],[-97.91831,52.45374],[-97.97762,52.54676],[-98.01928,52.51673],[-98.01398,52.43932],[-98.04459,52.45256],[-98.05548,52.43255],[-97.96614,52.29596],[-97.90654,52.32039],[-97.89844,52.33364]]]}},{"type":"Feature","id":"Q1062","properties":{"id":"Q1062","regionType":"lake"},"geometry":{"type":"Polygon","coordinates":[[[-76.08724,43.97046],[-76.13345,43.95663],[-76.14581,43.91689],[-76.21587,43.86037],[-76.24325,43.8745],[-76.22897,43.90129],[-76.30315,43.8586],[-76.24325,43.81916],[-76.20969,43.73732],[-76.20969,43.64813],[-76.16819,43.66844],[-76.21043,43.62341],[-76.21543,43.60133],[-76.18806,43.58661],[-76.24634,43.53833],[-76.33406,43.52097],[-76.41928,43.53392],[-76.63313,43.42706],[-76.71276,43.33875],[-76.75103,43.35377],[-76.93015,43.30078],[-76.95635,43.25692],[-76.98372,43.2631],[-76.98313,43.2843],[-77.36669,43.29784],[-77.58319,43.25722],[-77.74877,43.34464],[-78.10657,43.3941],[-78.22697,43.37997],[-78.38018,43.39616],[-78.68941,43.36142],[-79.17438,43.25957],[-79.33039,43.1901],[-79.5937,43.21601],[-79.69231,43.24132],[-79.77253,43.29166],[-79.77474,43.32934],[-79.61696,43.49418],[-79.58929,43.57101],[-79.50819,43.60015],[-79.4708,43.64813],[-79.37146,43.6446],[-79.09652,43.82505],[-78.95272,43.86567],[-78.85485,43.86331],[-78.60743,43.91542],[-78.50132,43.90129],[-78.27951,43.95869],[-77.90655,43.98577],[-77.80323,44.01903],[-77.67518,44.00431],[-77.73715,44.02551],[-77.70889,44.04464],[-77.60071,44.04523],[-77.53183,44.01785],[-77.57952,44.00431],[-77.47737,43.94868],[-77.25056,43.97017],[-77.28397,43.94544],[-77.32577,43.96251],[-77.30046,43.92336],[-77.25616,43.92101],[-77.16814,43.95663],[-77.23629,43.88068],[-77.12281,43.86184],[-76.84979,43.94691],[-77.00359,43.96251],[-77.04156,43.93808],[-77.04451,43.95663],[-77.01728,43.99725],[-76.90115,44.052],[-76.85023,44.11588],[-77.00904,44.04964],[-77.13399,44.04523],[-77.06629,44.1824],[-77.26234,44.14472],[-77.29899,44.12088],[-77.26425,44.10734],[-77.30649,44.09468],[-77.34005,44.10734],[-77.30531,44.15444],[-77.41511,44.14826],[-77.58643,44.07938],[-77.58364,44.09939],[-77.33622,44.18123],[-77.29398,44.16886],[-77.23629,44.19535],[-77.19228,44.16857],[-77.01419,44.21714],[-77.03936,44.13619],[-76.92176,44.20301],[-76.88746,44.1824],[-77.00374,44.14649],[-77.07247,44.09292],[-77.03156,44.08556],[-77.04451,44.06642],[-76.97371,44.07673],[-76.83669,44.16415],[-76.63799,44.23598],[-76.54424,44.22538],[-76.47712,44.25923],[-76.44136,44.24628],[-76.30727,44.31075],[-75.97391,44.38522],[-75.84453,44.48766],[-75.79199,44.49708],[-75.77021,44.44615],[-75.85292,44.3811],[-76.36615,44.11735],[-76.31154,44.07261],[-76.30433,44.03345],[-76.20969,44.08556],[-76.16127,44.07731],[-76.16127,44.04523],[-76.13272,44.04582],[-76.21219,43.9893],[-76.1439,43.98371],[-76.08179,44.01108],[-76.05795,43.9996],[-76.07193,43.97635],[-76.08724,43.97046]],[[-76.05147,44.34018],[-76.02174,44.30074],[-75.9143,44.3811],[-75.95521,44.36049],[-75.96066,44.37609],[-75.99613,44.34018],[-76.04352,44.34136],[-76.05147,44.34018]],[[-76.15833,44.28514],[-76.15803,44.26777],[-76.12653,44.26865],[-76.0653,44.30339],[-76.1545,44.2922],[-76.15833,44.28514]],[[-76.64049,44.17563],[-76.63681,44.19889],[-76.66007,44.20065],[-76.7943,44.16268],[-76.81461,44.13236],[-76.70319,44.12471],[-76.65889,44.16327],[-76.64049,44.17563]],[[-76.3139,44.28896],[-76.35319,44.26424],[-76.23869,44.27984],[-76.19541,44.31281],[-76.27916,44.30368],[-76.3139,44.28896]],[[-76.41619,44.22273],[-76.43503,44.22332],[-76.25281,44.21625],[-76.18129,44.24098],[-76.37969,44.23362],[-76.41619,44.22273]],[[-76.40853,44.13501],[-76.35996,44.15444],[-76.37969,44.1618],[-76.34628,44.18917],[-76.45961,44.20625],[-76.50229,44.15002],[-76.46917,44.14826],[-76.48963,44.12088],[-76.42443,44.12412],[-76.40853,44.13501]],[[-76.21587,44.03169],[-76.27445,44.01933],[-76.27739,43.97635],[-76.22824,44.00932],[-76.21587,44.03169]]]}},{"type":"Feature","id":"Q15288","properties":{"id":"Q15288","regionType":"lake"},"geometry":{"type":"MultiPolygon","coordinates":[[[[30.07798,61.24287],[30.11066,61.25935],[30.0824,61.27436],[30.09241,61.30763],[30.23753,61.30115],[30.26137,61.32087],[30.19308,61.33441],[30.24842,61.34825],[30.1448,61.35502],[30.21957,61.40035],[30.20691,61.4239],[30.2649,61.45804],[30.35086,61.45128],[30.23723,61.4813],[30.22723,61.52693],[30.45889,61.48571],[30.48803,61.4916],[30.45241,61.5337],[30.52012,61.52192],[30.64581,61.54694],[30.5575,61.60199],[30.59577,61.60199],[30.70351,61.69972],[30.84127,61.77861],[30.90632,61.75977],[30.86482,61.73857],[31.04968,61.7112],[31.07823,61.62289],[31.15889,61.61229],[31.16595,61.6382],[31.23454,61.63614],[31.24896,61.66351],[31.29812,61.59934],[31.33757,61.62259],[31.32344,61.64232],[31.37848,61.62259],[31.52213,61.52693],[31.62516,61.40594],[31.65224,61.39888],[31.65224,61.41625],[31.60456,61.45128],[31.59896,61.48601],[31.73084,61.39181],[31.85683,61.35914],[31.91246,61.31233],[32.50855,61.1366],[32.58155,61.06036],[32.58037,60.99825],[32.62953,60.9956],[32.64425,60.96028],[32.80586,60.86137],[32.8141,60.72155],[32.93273,60.68416],[32.95451,60.65679],[32.78319,60.4575],[32.76229,60.51343],[32.60157,60.54463],[32.5948,60.49989],[32.68693,60.40275],[32.64543,60.36124],[32.57802,60.35241],[32.62659,60.26351],[32.56978,60.19081],[32.29219,60.13399],[32.16414,60.21583],[31.73643,60.25851],[31.58895,60.16696],[31.57041,60.13517],[31.60573,60.14665],[31.60662,60.12929],[31.54598,60.09102],[31.5289,60.05275],[31.57718,59.97975],[31.53715,59.92706],[31.42735,59.90056],[31.32344,59.94354],[31.12739,59.91999],[31.04262,59.9509],[31.09737,59.96415],[31.16124,60.01949],[31.08765,60.06865],[31.11797,60.12899],[31.1059,60.15225],[30.98992,60.20641],[30.85746,60.43513],[30.82361,60.46486],[30.79653,60.44043],[30.76915,60.45073],[30.77592,60.50578],[30.70616,60.58025],[30.53395,60.63],[30.49421,60.72802],[30.53601,60.74245],[30.52512,60.83488],[30.43269,60.86843],[30.46684,60.88933],[30.23458,61.04358],[29.79569,61.21843],[29.91255,61.20695],[29.97672,61.16162],[30.02853,61.15573],[29.98702,61.21107],[29.90254,61.22167],[29.87723,61.23197],[29.91137,61.23197],[29.89872,61.24375],[29.8369,61.25935],[29.89077,61.30733],[30.06886,61.23698],[30.07798,61.24287]],[[30.79682,61.70413],[30.80271,61.73239],[30.71499,61.66116],[30.83627,61.62024],[30.77592,61.68323],[30.80477,61.68794],[30.79682,61.70413]],[[30.85746,61.71179],[30.85746,61.68029],[30.91251,61.64997],[30.9075,61.7006],[30.87159,61.71591],[30.85746,61.71179]],[[30.63168,61.57579],[30.68643,61.56107],[30.61755,61.58904],[30.63168,61.57579]],[[30.56516,61.51898],[30.54926,61.51957],[30.58223,61.49985],[30.61078,61.52693],[30.56516,61.51898]],[[30.33702,61.48542],[30.40473,61.46482],[30.3485,61.48778],[30.33702,61.48542]],[[30.96019,61.41242],[30.88572,61.38916],[30.91133,61.3662],[30.98816,61.36561],[30.9808,61.39593],[31.02525,61.41124],[30.99846,61.41919],[30.96019,61.41242]],[[31.53744,61.39446],[31.54598,61.34825],[31.61957,61.30645],[31.65931,61.3141],[31.62516,61.34854],[31.64606,61.36179],[31.55628,61.39917],[31.53744,61.39446]],[[31.67903,61.3821],[31.81974,61.30291],[31.88567,61.30085],[31.69316,61.38328],[31.67903,61.3821]],[[30.26078,61.37533],[30.35086,61.38916],[30.23458,61.38298],[30.26078,61.37533]],[[29.95906,61.23904],[29.98025,61.23904],[29.91137,61.26553],[29.93963,61.24169],[29.95906,61.23904]],[[30.62197,60.89669],[30.56221,60.86843],[30.61373,60.87461],[30.62197,60.89669]]],[[[30.79682,61.70413],[30.79653,61.70472],[30.79653,61.70502],[30.79682,61.70413]]]]}},{"type":"Feature","id":"Q134485","properties":{"id":"Q134485","regionType":"lake"},"geometry":{"type":"Polygon","coordinates":[[[79.05252,46.46402],[78.99218,46.40721],[78.88414,46.36511],[78.73108,46.39632],[78.63894,46.37365],[78.5468,46.40603],[78.45614,46.4025],[78.41787,46.36747],[78.47704,46.32008],[78.47115,46.29447],[78.44083,46.2874],[78.3069,46.36217],[78.26186,46.33097],[78.10732,46.34127],[78.18238,46.32743],[78.16442,46.31242],[78.04285,46.32478],[77.81148,46.4387],[77.75761,46.41545],[77.83915,46.41545],[77.71375,46.37542],[77.6955,46.38219],[77.7373,46.40927],[77.59512,46.41957],[77.41173,46.50611],[77.25366,46.45107],[77.17978,46.48374],[77.07322,46.4496],[76.92898,46.47844],[76.91249,46.45784],[76.75207,46.53261],[76.39736,46.54085],[76.28108,46.57912],[76.26313,46.57382],[76.28432,46.56028],[76.20837,46.55351],[76.19925,46.52731],[76.06178,46.54732],[76.06855,46.50641],[75.94168,46.50641],[75.96081,46.53143],[75.87398,46.54762],[75.77713,46.50641],[75.71002,46.53084],[75.66733,46.48463],[75.6432,46.49875],[75.53752,46.47079],[75.58521,46.51583],[75.52074,46.55674],[75.4707,46.6268],[75.51014,46.66271],[75.5331,46.62092],[75.58521,46.65595],[75.4916,46.67567],[75.40152,46.62621],[75.44509,46.52495],[75.476,46.50641],[75.43449,46.47844],[75.41418,46.49875],[75.35266,46.45725],[75.33264,46.48933],[75.35236,46.52289],[75.27848,46.52907],[75.2564,46.50935],[75.28348,46.49198],[75.24257,46.47844],[75.27612,46.44901],[75.22726,46.41869],[75.13277,46.41545],[75.08449,46.43753],[75.1466,46.48463],[75.13277,46.49846],[75.0162,46.38896],[74.91023,46.41515],[74.85342,46.26768],[74.78512,46.19144],[74.81162,46.13904],[74.76305,46.09459],[74.6559,46.08252],[74.62823,46.05956],[74.63264,46.03278],[74.52108,45.98921],[74.42394,46.03866],[74.23143,45.98862],[74.32415,45.78904],[74.28706,45.75342],[74.24585,45.77462],[74.23054,45.73164],[74.27617,45.73164],[74.33916,45.6763],[74.32297,45.66011],[74.24968,45.68307],[74.27087,45.6501],[74.25645,45.60801],[74.1596,45.58093],[74.07158,45.52088],[74.09808,45.47702],[74.07011,45.42639],[74.09131,45.37487],[74.07276,45.34985],[74.11309,45.32483],[74.1596,45.35427],[74.16784,45.31865],[74.13988,45.20502],[74.17373,45.08728],[74.06982,45.04283],[74.08101,45.02164],[74.13222,45.039],[74.11191,45.00486],[74.13605,44.96394],[74.09808,44.99102],[74.00182,44.99809],[73.98828,45.02458],[74.03597,45.05313],[73.98857,45.10553],[73.99417,45.13761],[74.03597,45.14203],[73.98151,45.19649],[74.00329,45.21592],[73.89614,45.22062],[73.81313,45.28126],[73.82432,45.30658],[73.72836,45.35427],[73.7625,45.36104],[73.69745,45.39666],[73.63563,45.50145],[73.5379,45.55708],[73.45519,45.57268],[73.42516,45.60742],[73.43723,45.6763],[73.50611,45.67542],[73.52083,45.73223],[73.55939,45.75019],[73.44371,45.78227],[73.4334,45.81347],[73.48786,45.84703],[73.5226,45.81347],[73.57411,45.80994],[73.60472,45.8956],[73.64593,45.90855],[73.63887,45.94388],[73.67272,45.97331],[73.65359,45.98156],[73.70746,45.99804],[73.70098,45.97802],[73.75603,45.97802],[73.72718,46.02659],[73.64064,46.0731],[73.65977,46.1152],[73.63269,46.13875],[73.6686,46.17937],[73.73513,46.18349],[73.76927,46.23088],[73.83109,46.1623],[73.87907,46.20468],[74.00182,46.19026],[74.05039,46.23118],[73.99593,46.22735],[73.99711,46.26503],[73.9609,46.25914],[73.94059,46.29947],[74.07011,46.41545],[74.13399,46.44135],[74.2014,46.42987],[74.24938,46.47167],[74.3792,46.49875],[74.3998,46.56322],[74.53433,46.59707],[74.57112,46.73896],[74.63794,46.74308],[74.61145,46.77251],[74.849,46.77251],[74.88639,46.82108],[74.94702,46.80401],[74.98323,46.83492],[74.99559,46.80666],[74.96998,46.79312],[74.99883,46.77222],[75.06977,46.81078],[75.06448,46.84081],[75.08479,46.84993],[75.10892,46.79371],[75.28584,46.72129],[75.48954,46.73425],[75.6847,46.79371],[75.82187,46.78635],[75.92461,46.83521],[75.96199,46.82108],[75.93962,46.81019],[75.94904,46.76574],[76.04382,46.79871],[76.0765,46.78134],[76.14862,46.80195],[76.36292,46.73896],[76.39029,46.64623],[76.40707,46.66271],[76.51039,46.61532],[76.54807,46.66095],[76.72233,46.68391],[76.72999,46.63151],[76.93545,46.56028],[76.83272,46.65271],[76.84008,46.69097],[76.92044,46.63681],[77.06262,46.63563],[77.14828,46.54732],[77.22776,46.55851],[77.30694,46.61797],[77.46295,46.64211],[77.61926,46.63181],[77.64781,46.64211],[77.61455,46.65653],[77.63486,46.67007],[77.76703,46.64859],[77.89361,46.65771],[78.05845,46.59707],[78.14912,46.60679],[78.18238,46.56028],[78.23183,46.54526],[78.25803,46.47844],[78.30955,46.45725],[78.36724,46.5329],[78.34605,46.57735],[78.36724,46.68391],[78.38019,46.61503],[78.40256,46.60414],[78.41876,46.65918],[78.45967,46.67626],[78.43553,46.64211],[78.45614,46.60119],[78.49382,46.66654],[78.59096,46.74838],[78.74403,46.73896],[78.81791,46.66213],[78.7926,46.6218],[78.923,46.63004],[78.91917,46.65271],[78.84764,46.67626],[78.76846,46.74749],[78.77965,46.78517],[78.88797,46.80666],[79.03191,46.74514],[79.01867,46.81196],[79.11875,46.81608],[79.22561,46.73601],[79.25858,46.66271],[79.22207,46.60414],[79.07548,46.59383],[79.06135,46.47962],[79.05252,46.46402]]]}},{"type":"Feature","id":"Q166162","properties":{"id":"Q166162","regionType":"lake"},"geometry":{"type":"Polygon","coordinates":[[[35.85988,60.8546],[35.80543,60.88933],[35.74332,60.87579],[35.77893,60.91406],[35.56022,60.90788],[35.49458,60.95086],[35.51283,60.98382],[35.4881,61.01267],[35.3683,61.05859],[35.26762,61.00561],[35.22465,61.02474],[35.12338,60.99648],[35.09218,60.99943],[35.1437,61.03446],[35.10808,61.05889],[34.87936,61.09303],[34.92086,61.05388],[34.82549,61.01974],[34.804,61.09922],[34.77162,61.121],[34.81224,61.14955],[34.8093,61.20578],[34.85934,61.23197],[34.9553,61.19724],[35.05656,61.1993],[35.08041,61.2252],[35.25732,61.16986],[35.22641,61.1678],[35.2164,61.14278],[35.07216,61.17752],[35.02654,61.13307],[35.18137,61.04652],[35.32591,61.08479],[35.55698,61.01061],[35.6918,61.12806],[35.59937,61.19106],[35.59613,61.25611],[35.47368,61.36915],[35.37418,61.38298],[35.33621,61.43391],[35.23995,61.48336],[35.05892,61.49513],[35.02831,61.54076],[34.91027,61.53105],[34.82608,61.57167],[34.72305,61.58227],[34.67448,61.64232],[34.3183,61.82806],[34.34185,61.82747],[34.28415,61.88311],[34.308,61.8937],[34.35215,61.8416],[34.48962,61.821],[34.55467,61.77743],[34.57587,61.78361],[34.57852,61.8469],[34.62326,61.85809],[34.62414,61.90636],[34.52141,62.03264],[34.28415,62.12949],[34.30358,62.13714],[34.23647,62.18424],[34.28415,62.21162],[34.25707,62.23458],[34.26384,62.2702],[34.15404,62.33761],[34.07574,62.42268],[34.02335,62.41767],[34.03748,62.40384],[34.0204,62.38058],[33.98979,62.38264],[33.93209,62.45241],[33.93504,62.52453],[33.96889,62.54719],[34.07074,62.51393],[34.07368,62.43769],[34.16405,62.39206],[34.20114,62.33849],[34.37276,62.25989],[34.30034,62.23222],[34.31094,62.18365],[34.74542,62.03323],[34.65535,62.15745],[34.5585,62.23193],[34.62385,62.24429],[34.72334,62.16187],[34.68184,62.25253],[34.43958,62.46389],[34.51052,62.44475],[34.79487,62.25047],[34.77044,62.34114],[34.57027,62.45447],[34.54378,62.5051],[34.47755,62.54778],[34.46165,62.59576],[34.5167,62.54484],[34.70244,62.45918],[34.80341,62.36527],[34.84639,62.2805],[34.85257,62.32142],[34.87435,62.26755],[34.83903,62.25989],[34.88848,62.16658],[35.1019,62.03941],[35.16165,62.03412],[35.18638,62.1183],[35.04185,62.19454],[35.01035,62.22575],[35.05185,62.22575],[35.01035,62.25989],[35.11691,62.22398],[35.15459,62.18247],[35.29147,62.1707],[35.3577,62.12272],[35.40156,62.181],[35.46426,62.17217],[35.57788,62.23281],[35.58819,62.27873],[35.53785,62.38294],[35.3262,62.58222],[35.29677,62.57045],[35.31031,62.52394],[35.28676,62.52659],[35.09454,62.56544],[34.96649,62.6514],[34.92086,62.65728],[34.96237,62.62314],[34.87053,62.6458],[34.84874,62.60165],[34.92086,62.56839],[34.98974,62.4995],[35.02389,62.42385],[34.91527,62.56338],[34.88672,62.56839],[34.89555,62.53601],[34.71392,62.67554],[34.71128,62.64639],[34.77074,62.59576],[34.73983,62.61225],[34.67831,62.68142],[34.56468,62.75325],[34.56233,62.81595],[34.51935,62.86393],[34.48403,62.8548],[34.45842,62.91103],[34.54408,62.9178],[34.71952,62.81271],[34.76544,62.84244],[34.85051,62.84715],[35.0654,62.75648],[34.9762,62.75972],[35.4151,62.65699],[35.41216,62.61872],[35.49634,62.57575],[35.47574,62.6093],[35.51224,62.64021],[35.55698,62.56574],[35.70593,62.55161],[35.80513,62.47831],[35.84693,62.40707],[35.82574,62.31788],[35.76068,62.16717],[35.68798,62.11683],[35.66001,62.05796],[35.7127,62.0088],[35.87195,61.9461],[35.83339,61.90989],[35.86047,61.87634],[35.82574,61.84719],[35.95673,61.80745],[36.0421,61.70649],[36.02649,61.65439],[36.1828,61.57402],[36.23166,61.5125],[36.22313,61.47924],[36.34264,61.46099],[36.43595,61.39593],[36.43242,61.31057],[36.33293,61.25935],[36.45656,61.1837],[36.39504,61.17752],[36.29436,61.10304],[36.20988,61.0739],[36.15866,61.0689],[36.11098,61.09686],[35.98734,60.97529],[35.80543,60.94467],[35.85311,60.93731],[35.81897,60.92289],[35.94937,60.92289],[35.87637,60.85901],[35.85988,60.8546]],[[35.14075,61.98496],[35.14046,62.01793],[35.07069,62.03912],[35.08217,61.94404],[35.13457,61.95964],[35.14075,61.98496]],[[34.68184,61.94404],[34.59265,62.00674],[34.58794,61.9826],[34.65122,61.93815],[34.68184,61.94404]],[[35.3471,61.99791],[35.31943,62.08121],[35.27999,62.09623],[35.23613,62.08121],[35.21552,62.04736],[35.22994,62.01292],[35.1746,61.9514],[35.16047,61.85867],[35.22671,61.84042],[35.22259,61.87634],[35.31943,61.90636],[35.31825,61.9879],[35.3471,61.99791]]]}},{"type":"Feature","id":"Q35342","properties":{"id":"Q35342","regionType":"lake"},"geometry":{"type":"Polygon","coordinates":[[[-69.29464,-16.26527],[-69.37205,-16.23848],[-69.38339,-16.18344],[-69.46964,-16.21405],[-69.50349,-16.20051],[-69.51099,-16.18344],[-69.41591,-16.07511],[-69.43519,-16.01241],[-69.68482,-15.96914],[-69.70616,-15.9294],[-69.67878,-15.90909],[-69.70719,-15.88937],[-69.72205,-15.91969],[-69.74339,-15.91439],[-69.82214,-15.78546],[-69.87689,-15.86111],[-69.80403,-15.91733],[-69.88278,-15.92705],[-69.90044,-15.87907],[-70.0276,-15.8405],[-70.00494,-15.79311],[-70.03673,-15.76721],[-70.03997,-15.71687],[-69.973,-15.70362],[-69.93208,-15.6215],[-69.94518,-15.56704],[-69.86217,-15.63975],[-69.84068,-15.70333],[-69.7562,-15.72246],[-69.79138,-15.69067],[-69.77445,-15.663],[-69.8086,-15.6524],[-69.94974,-15.41044],[-69.93429,-15.37364],[-69.80786,-15.34303],[-69.88542,-15.30182],[-69.71867,-15.29622],[-69.75061,-15.25501],[-69.72102,-15.24],[-69.65759,-15.29593],[-69.64346,-15.34715],[-69.55044,-15.36834],[-69.47214,-15.43104],[-69.43917,-15.49639],[-69.36985,-15.47608],[-69.37191,-15.49639],[-69.3903,-15.49109],[-69.38059,-15.5117],[-69.29361,-15.5688],[-69.30067,-15.6215],[-69.27035,-15.66948],[-69.15746,-15.67507],[-69.19161,-15.70362],[-69.10374,-15.72865],[-69.01838,-15.8143],[-69.02029,-15.92263],[-68.79716,-15.94677],[-68.77008,-15.97679],[-68.84956,-16.05657],[-68.91093,-16.06658],[-68.84956,-16.21052],[-68.78318,-16.18491],[-68.71327,-16.21523],[-68.6176,-16.21287],[-68.57668,-16.2532],[-68.60259,-16.29647],[-68.58213,-16.3265],[-68.69178,-16.31207],[-68.73225,-16.33356],[-68.67824,-16.34769],[-68.76375,-16.41598],[-68.85265,-16.40804],[-68.95671,-16.44336],[-68.86678,-16.47074],[-68.86325,-16.60114],[-69.03324,-16.55345],[-69.09594,-16.49458],[-69.04325,-16.41216],[-69.03103,-16.34151],[-69.0824,-16.26527],[-68.99983,-16.27263],[-68.95008,-16.20905],[-68.88326,-16.26468],[-68.84308,-16.2479],[-68.97864,-16.16636],[-69.01617,-16.11161],[-69.13951,-16.06098],[-69.0824,-16.12133],[-69.1345,-16.19374],[-69.10065,-16.20345],[-69.11331,-16.23466],[-69.26726,-16.28646],[-69.2889,-16.27086],[-69.29464,-16.26527]]]}},{"type":"Feature","id":"Q173862","properties":{"id":"Q173862","regionType":"lake"},"geometry":{"type":"Polygon","coordinates":[[[-84.78202,11.1627],[-84.76774,11.09028],[-84.81955,11.04937],[-84.89814,11.02905],[-84.9342,11.05172],[-85.15262,11.09794],[-85.25741,11.10471],[-85.29598,11.13885],[-85.40886,11.1624],[-85.49717,11.1936],[-85.56282,11.24129],[-85.62802,11.25542],[-85.75033,11.37552],[-85.80272,11.52506],[-85.83348,11.57687],[-85.86321,11.59188],[-85.86454,11.6119],[-85.84408,11.60483],[-85.86057,11.69491],[-85.87131,11.70109],[-85.86454,11.65958],[-85.91915,11.71787],[-85.885,11.76467],[-85.89825,11.85416],[-85.92739,11.87476],[-85.90428,11.89978],[-85.89177,11.87859],[-85.93798,11.94688],[-85.8903,12.07493],[-85.87131,12.09789],[-85.81759,12.09583],[-85.77564,12.11997],[-85.66967,12.06286],[-85.65392,12.0402],[-85.61816,12.03637],[-85.59505,12.05226],[-85.43256,11.86505],[-85.41019,11.88624],[-85.36751,11.87771],[-85.29598,11.83767],[-85.27213,11.79528],[-85.18618,11.75525],[-85.05769,11.5801],[-84.89814,11.42615],[-84.88622,11.36816],[-84.8509,11.33078],[-84.85723,11.31017],[-84.82617,11.30635],[-84.78202,11.24129],[-84.78202,11.1627]],[[-85.87823,11.70786],[-85.78197,11.7111],[-85.79213,11.76173],[-85.84408,11.76938],[-85.87131,11.74848],[-85.8638,11.71345],[-85.87823,11.70786]],[[-85.45258,11.42733],[-85.47245,11.4862],[-85.53559,11.49444],[-85.56149,11.56686],[-85.5977,11.59129],[-85.67276,11.57687],[-85.71368,11.50887],[-85.65848,11.4809],[-85.59019,11.48826],[-85.56635,11.47443],[-85.54736,11.41879],[-85.52528,11.40643],[-85.49761,11.39878],[-85.46347,11.41673],[-85.45258,11.42733]]]}},{"type":"Feature","id":"Q173596","properties":{"id":"Q173596","regionType":"lake"},"geometry":{"type":"Polygon","coordinates":[[[14.11668,59.06663],[14.07105,59.02307],[13.97362,58.99834],[13.97715,58.97744],[14.01424,58.95036],[13.98627,58.88148],[13.95389,58.85057],[13.96596,58.82643],[13.92858,58.80877],[13.87971,58.81318],[13.87177,58.78345],[13.89002,58.77168],[13.84998,58.73959],[13.68691,58.66983],[13.65305,58.67336],[13.6404,58.69956],[13.62421,58.69897],[13.5303,58.65717],[13.47555,58.66512],[13.3631,58.62832],[13.32543,58.60389],[13.27951,58.53619],[13.21357,58.50351],[13.13762,58.51234],[13.1229,58.5356],[13.18443,58.6139],[12.99015,58.60948],[12.94687,58.56916],[12.87593,58.57975],[12.93863,58.54649],[12.91126,58.53884],[12.93127,58.52471],[12.87593,58.49115],[12.67047,58.44258],[12.69166,58.41491],[12.60188,58.36604],[12.55272,58.35692],[12.51269,58.3737],[12.58481,58.41167],[12.63632,58.47761],[12.5904,58.4623],[12.5224,58.39695],[12.32606,58.37605],[12.30369,58.39901],[12.3761,58.46995],[12.45823,58.48349],[12.53388,58.53884],[12.52034,58.55208],[12.63102,58.63951],[12.54036,58.65334],[12.5018,58.68425],[12.49149,58.73017],[12.52034,58.79228],[12.45823,58.77168],[12.41025,58.8126],[12.45146,58.83084],[12.46441,58.80435],[12.51269,58.80641],[12.48354,58.8229],[12.47854,58.91562],[12.45381,58.9218],[12.43056,58.95536],[12.45146,58.95654],[12.53388,58.89531],[12.51092,58.8332],[12.58127,58.81554],[12.59246,58.84203],[12.62926,58.86116],[12.64427,58.95183],[12.67724,58.97096],[12.66723,58.98774],[12.71197,59.03249],[12.69784,59.06663],[12.73169,59.04603],[12.7729,59.07723],[12.83619,59.09518],[12.85739,59.08047],[12.87593,59.09371],[12.89006,59.07252],[12.87593,59.0528],[12.98838,59.04544],[13.07492,59.01129],[13.06786,58.98509],[13.04048,58.97096],[13.08581,58.95654],[13.12496,58.91533],[13.16912,58.91003],[13.19797,58.88148],[13.25949,58.91562],[13.21916,58.96331],[13.22593,58.99746],[13.21004,59.05721],[13.1597,59.13963],[13.1229,59.16877],[13.13615,59.18143],[13.10907,59.21676],[13.11025,59.2512],[13.07198,59.28299],[13.12673,59.27828],[13.13497,59.29476],[13.11554,59.33391],[13.17059,59.36806],[13.17736,59.32861],[13.19738,59.31066],[13.27303,59.30683],[13.2327,59.33715],[13.28039,59.36806],[13.35928,59.36129],[13.38312,59.37483],[13.45083,59.35687],[13.67101,59.40839],[13.65659,59.38867],[13.66954,59.37748],[13.76638,59.39544],[13.76344,59.37483],[13.72635,59.35393],[13.74342,59.32538],[13.80818,59.32655],[13.78463,59.35128],[13.80818,59.36129],[13.83173,59.34009],[13.87,59.34009],[13.85823,59.32273],[13.91327,59.32508],[13.9221,59.30595],[13.94035,59.31154],[13.95213,59.35393],[13.97509,59.35334],[14.01365,59.30683],[14.03749,59.33391],[14.06134,59.32979],[14.07576,59.31301],[14.04044,59.29918],[14.06045,59.24914],[14.05457,59.21205],[14.00894,59.15406],[13.96214,59.13551],[13.9274,59.09077],[13.9589,59.0528],[14.04838,59.06663],[14.04044,59.08694],[14.05987,59.09253],[14.05133,59.11137],[14.06899,59.12168],[14.09666,59.08694],[14.08253,59.06663],[14.10608,59.0631],[14.11668,59.06663]],[[13.19885,58.63421],[13.20474,58.67159],[13.17059,58.69662],[13.10112,58.69279],[13.06138,58.66188],[13.06197,58.64481],[13.10907,58.62832],[13.16382,58.6557],[13.14969,58.6345],[13.18737,58.62597],[13.19885,58.63421]],[[13.56857,59.30683],[13.5618,59.33391],[13.53384,59.34274],[13.46025,59.3348],[13.4314,59.31301],[13.4729,59.3139],[13.49998,59.27121],[13.50705,59.28564],[13.54738,59.27887],[13.52765,59.30683],[13.56857,59.30683]],[[13.83085,58.80053],[13.84233,58.81995],[13.82172,58.83997],[13.77993,58.82555],[13.76609,58.79964],[13.7396,58.83732],[13.71546,58.83997],[13.69103,58.80641],[13.71752,58.75254],[13.81113,58.75961],[13.81495,58.77904],[13.83085,58.80053]]]}},{"type":"Feature","id":"Q125888","properties":{"id":"Q125888","regionType":"lake"},"geometry":{"type":"Polygon","coordinates":[[[31.36612,2.27143],[31.35965,2.20814],[31.38938,2.16104],[31.39467,2.13749],[31.37848,2.12071],[31.4038,2.05831],[31.40527,2.02475],[31.38555,1.99737],[31.40615,1.91466],[31.38113,1.83783],[31.35965,1.82429],[31.3308,1.83282],[31.29577,1.71184],[31.18391,1.61441],[31.1112,1.57879],[31.04968,1.58644],[31.03673,1.55612],[30.94665,1.51756],[30.89838,1.43337],[30.73088,1.23968],[30.7144,1.17492],[30.59047,1.04452],[30.60401,1.03157],[30.57752,1.02803],[30.55603,1.04452],[30.53366,1.0139],[30.53572,1.05806],[30.49775,1.03451],[30.50982,1.09456],[30.48803,1.14078],[30.48627,1.19906],[30.50775,1.21584],[30.45506,1.27147],[30.45241,1.22967],[30.43269,1.22261],[30.42121,1.25411],[30.39236,1.25675],[30.39855,1.29767],[30.38589,1.31033],[30.42209,1.33947],[30.49863,1.50902],[30.54926,1.56525],[30.62138,1.60293],[30.65405,1.66298],[30.73441,1.71567],[30.74501,1.74569],[30.81625,1.79868],[30.91251,1.90671],[31.00494,1.94086],[31.06705,2.00267],[31.15212,2.04506],[31.20157,2.10658],[31.2369,2.11689],[31.24131,2.1475],[31.2943,2.19077],[31.3252,2.2623],[31.36759,2.30999],[31.4509,2.34826],[31.47474,2.40831],[31.46797,2.33589],[31.3726,2.27937],[31.36612,2.27143]]]}},{"type":"Feature","id":"Q116685","properties":{"id":"Q116685","regionType":"lake"},"geometry":{"type":"Polygon","coordinates":[[[37.30197,11.74024],[37.29226,11.79882],[37.27224,11.81648],[37.20984,11.83031],[37.14861,11.8103],[37.123,11.8259],[37.12065,11.85828],[37.10181,11.85033],[37.0865,11.80353],[37.06972,11.83031],[37.0394,11.84121],[37.02615,11.87977],[36.99142,11.88536],[37.01526,12.17089],[37.06825,12.24213],[37.13742,12.28128],[37.16745,12.25891],[37.17599,12.22005],[37.25105,12.20769],[37.27578,12.21564],[37.29491,12.26479],[37.3267,12.28923],[37.36085,12.26892],[37.3947,12.29011],[37.49861,12.30395],[37.60105,12.11202],[37.57367,11.98103],[37.53894,11.92009],[37.49125,11.90597],[37.50567,11.83826],[37.45681,11.8103],[37.38675,11.63191],[37.3267,11.63221],[37.29373,11.664],[37.29903,11.69755],[37.34407,11.70462],[37.30521,11.73111],[37.30197,11.74024]]]}},{"type":"Feature","id":"Q181932","properties":{"id":"Q181932","regionType":"lake"},"geometry":{"type":"Polygon","coordinates":[[[45.03875,40.49638],[44.99371,40.49873],[44.96044,40.51963],[44.96663,40.537],[45.01255,40.55819],[44.97752,40.59057],[44.97811,40.62383],[45.09085,40.60205],[45.22184,40.53346],[45.2969,40.4793],[45.30309,40.45752],[45.35077,40.44781],[45.35784,40.48872],[45.40611,40.46812],[45.49089,40.38569],[45.58361,40.34537],[45.64926,40.27501],[45.66162,40.20113],[45.63012,40.17081],[45.56301,40.17169],[45.50855,40.14608],[45.44409,40.1661],[45.3805,40.13931],[45.28601,40.14755],[45.25422,40.16786],[45.22066,40.24175],[45.22655,40.37186],[45.20712,40.39982],[45.16591,40.38628],[45.12853,40.39982],[45.12146,40.44957],[45.0567,40.48195],[45.03875,40.49638]]]}},{"type":"Feature","id":"Q125309","properties":{"id":"Q125309","regionType":"lake"},"geometry":{"type":"Polygon","coordinates":[[[14.73366,13.08077],[14.76811,13.06988],[14.69863,13.03897],[14.67862,12.99541],[14.68127,12.97775],[14.63711,12.97303],[14.59885,12.99629],[14.57147,12.97156],[14.55086,12.98599],[14.50906,12.97804],[14.47345,12.93712],[14.46197,12.95743],[14.44872,12.92653],[14.43253,12.93624],[14.42341,12.93094],[14.39838,12.9071],[14.41016,12.89444],[14.40663,12.88208],[14.37248,12.87295],[14.34304,12.87913],[14.31861,12.8703],[14.31037,12.88502],[14.26886,12.88826],[14.288,12.90415],[14.27328,12.9383],[14.29359,12.94684],[14.27092,12.98481],[14.24737,12.99923],[14.29388,13.01955],[14.29035,13.04221],[14.27387,13.05811],[14.32479,13.05722],[14.30242,13.10903],[14.27887,13.13611],[14.30684,13.12669],[14.36277,13.06782],[14.38072,13.0637],[14.3713,13.10256],[14.34481,13.11875],[14.30036,13.17261],[14.35629,13.15878],[14.37395,13.19381],[14.43753,13.22354],[14.46903,13.21441],[14.46432,13.2306],[14.53674,13.25356],[14.60768,13.19293],[14.60974,13.21736],[14.65124,13.21589],[14.66743,13.20558],[14.67097,13.16437],[14.71865,13.12787],[14.72424,13.08901],[14.73366,13.08077]]]}},{"type":"Feature","id":"Q125912","properties":{"id":"Q125912","regionType":"lake"},"geometry":{"type":"Polygon","coordinates":[[[29.33324,-2.05131],[29.31558,-2.05955],[29.31558,-2.10106],[29.2882,-2.07309],[29.27466,-2.12755],[29.26318,-2.11842],[29.26819,-2.07986],[29.25435,-2.08722],[29.24788,-2.13167],[29.27466,-2.16935],[29.25229,-2.14816],[29.22433,-2.14963],[29.20608,-2.16817],[29.21373,-2.19731],[29.18312,-2.20585],[29.19636,-2.25207],[29.15839,-2.245],[29.11688,-2.32654],[29.12424,-2.28592],[29.09628,-2.32095],[29.08274,-2.31329],[29.05772,-2.38512],[29.04182,-2.39542],[29.06213,-2.3548],[29.04712,-2.29239],[29.02799,-2.28592],[28.99649,-2.35362],[28.90465,-2.40896],[28.87403,-2.47755],[28.84254,-2.47048],[28.84165,-2.37334],[28.95969,-2.31035],[28.97235,-2.26414],[28.97294,-2.245],[28.88404,-2.32654],[28.92584,-2.25265],[28.91201,-2.2241],[28.89081,-2.25207],[28.87668,-2.245],[28.86344,-2.25884],[28.8705,-2.2241],[28.85814,-2.20703],[28.87668,-2.18289],[28.86344,-2.16935],[28.89788,-2.14992],[28.85667,-2.14197],[28.96705,-2.05337],[28.94233,-1.9839],[28.91996,-1.98331],[28.90494,-2.01481],[28.91672,-2.02364],[28.89081,-2.05337],[28.88404,-2.01157],[28.91201,-1.9633],[28.9282,-1.96771],[28.94645,-1.94387],[28.99384,-1.83348],[29.02416,-1.80287],[29.01445,-1.75165],[29.04771,-1.73958],[29.09275,-1.67099],[29.08274,-1.61447],[29.01445,-1.69013],[29.02799,-1.62949],[29.05919,-1.58651],[29.25465,-1.6966],[29.24788,-1.72074],[29.27201,-1.74105],[29.26142,-1.77902],[29.2882,-1.86763],[29.27584,-1.88735],[29.33148,-1.97124],[29.34973,-1.97006],[29.36386,-2.03571],[29.36121,-2.05131],[29.34001,-2.04483],[29.33324,-2.05131]],[[29.09952,-1.95564],[29.11512,-1.92797],[29.07597,-1.91561],[29.04418,-1.97154],[29.04182,-1.99803],[29.06184,-2.00039],[29.05595,-2.03218],[28.9803,-2.2035],[29.00767,-2.19731],[29.01445,-2.2241],[29.02799,-2.21733],[29.01445,-2.25884],[29.03623,-2.26207],[29.09392,-2.22027],[29.08951,-2.17406],[29.10953,-2.13403],[29.07597,-2.06691],[29.11512,-2.02688],[29.09628,-1.95711],[29.09952,-1.95564]]]}},{"type":"Feature","id":"Q202905","properties":{"id":"Q202905","regionType":"lake"},"geometry":{"type":"Polygon","coordinates":[[[-80.62839,27.01156],[-80.6147,26.93796],[-80.62044,26.89734],[-80.63604,26.86614],[-80.68741,26.81404],[-80.69418,26.74898],[-80.71832,26.7428],[-80.73201,26.76959],[-80.72524,26.69894],[-80.74172,26.68775],[-80.81413,26.70336],[-80.89597,26.74898],[-80.931,26.77842],[-80.96559,26.84759],[-80.98531,26.85849],[-80.97868,26.87909],[-81.02004,26.87203],[-81.05684,26.88586],[-81.0692,26.89705],[-81.07788,26.94562],[-81.09908,26.95445],[-81.10202,26.97564],[-81.03299,27.00302],[-80.95793,27.05071],[-80.96029,27.06572],[-80.92717,27.07425],[-80.92011,27.09515],[-80.8184,27.19082],[-80.78853,27.19641],[-80.75188,27.18788],[-80.67917,27.11341],[-80.65694,27.07808],[-80.62839,27.01156]]]}},{"type":"Feature","id":"Q192770","properties":{"id":"Q192770","regionType":"lake"},"geometry":{"type":"Polygon","coordinates":[[[28.05541,61.08891],[28.07601,61.08803],[28.00007,61.1051],[27.98653,61.09421],[28.00566,61.07684],[27.9303,61.06183],[27.9041,61.0739],[27.93825,61.10128],[27.92795,61.11335],[27.80785,61.15573],[27.98329,61.2043],[28.08808,61.18811],[28.17021,61.13395],[28.26087,61.15573],[28.23968,61.17752],[28.13901,61.18193],[28.05482,61.23727],[28.0404,61.27583],[27.84582,61.23904],[27.65743,61.25935],[27.69452,61.23639],[27.66331,61.19724],[27.47993,61.22461],[27.47875,61.25552],[27.4552,61.2408],[27.43165,61.26553],[27.38337,61.24581],[27.42665,61.28084],[27.49317,61.27318],[27.32862,61.35502],[27.32185,61.32087],[27.23914,61.32087],[27.28093,61.33441],[27.26651,61.36179],[27.28682,61.37562],[27.2462,61.38298],[27.25827,61.39476],[27.36277,61.43685],[27.21882,61.46482],[27.24826,61.49572],[27.28093,61.48542],[27.29448,61.50573],[27.38337,61.45804],[27.37601,61.47482],[27.4864,61.46482],[27.2774,61.53693],[27.27387,61.65939],[27.3557,61.68323],[27.30802,61.62259],[27.33745,61.59904],[27.356,61.6329],[27.38337,61.62259],[27.29448,61.5337],[27.52791,61.51338],[27.4864,61.5337],[27.49994,61.54694],[27.42488,61.5543],[27.47875,61.5649],[27.4658,61.64997],[27.51407,61.62878],[27.49052,61.59993],[27.49994,61.57138],[27.57,61.56578],[27.73278,61.62259],[27.62328,61.61641],[27.6012,61.6382],[27.75309,61.64232],[27.80137,61.69766],[27.73573,61.70354],[27.67126,61.75977],[27.59561,61.77331],[27.61592,61.81481],[27.67803,61.80069],[27.65743,61.78685],[27.71218,61.77331],[27.70894,61.7424],[27.80137,61.76654],[27.83198,61.70148],[27.86319,61.7112],[27.91352,61.68176],[27.94561,61.64232],[27.9041,61.61553],[27.93207,61.62259],[28.01596,61.54488],[28.03451,61.48542],[28.13047,61.52693],[28.12017,61.55047],[28.1443,61.56784],[28.18022,61.51662],[28.2335,61.57461],[28.2123,61.58227],[28.26264,61.66145],[28.26087,61.73239],[28.22555,61.72562],[28.24292,61.74299],[28.33535,61.76654],[28.30886,61.74593],[28.40482,61.73857],[28.35654,61.78008],[28.41865,61.76654],[28.44426,61.7371],[28.44515,61.79303],[28.52786,61.75212],[28.53316,61.76889],[28.47929,61.80069],[28.53463,61.8416],[28.47311,61.85573],[28.67534,61.8101],[28.84931,61.81158],[28.85932,61.84425],[28.82193,61.84837],[28.8499,61.86221],[28.83165,61.88134],[28.66327,61.89665],[28.60351,61.92402],[28.77425,61.92402],[28.74687,61.93786],[28.3951,62.03176],[28.30886,62.07503],[28.48694,62.03412],[28.42483,62.06679],[28.27471,62.10888],[28.2123,62.10241],[28.28766,62.08121],[28.10133,62.11153],[28.07101,62.08916],[27.88438,62.14332],[27.86319,62.15745],[27.98653,62.1707],[27.93354,62.19955],[27.91765,62.24576],[27.8835,62.25253],[27.88585,62.28285],[27.82198,62.32818],[27.93825,62.32142],[27.90322,62.3485],[27.81786,62.34526],[27.86996,62.37676],[27.81874,62.40384],[27.7737,62.47213],[27.73632,62.46477],[27.77164,62.39442],[27.73955,62.38294],[27.57883,62.46271],[27.62505,62.40766],[27.55823,62.39324],[27.44637,62.45329],[27.50671,62.47213],[27.3766,62.52011],[27.41811,62.47213],[27.25415,62.46507],[27.27416,62.48597],[27.26269,62.5048],[27.16407,62.55426],[27.11992,62.60047],[27.1208,62.63285],[27.19469,62.56103],[27.32892,62.49303],[27.32921,62.52482],[27.37042,62.53365],[27.33863,62.58222],[27.39368,62.55014],[27.38867,62.58369],[27.42135,62.58517],[27.44519,62.51216],[27.55146,62.55426],[27.5544,62.50569],[27.73955,62.41061],[27.59561,62.53071],[27.65625,62.52188],[27.69805,62.47831],[27.73573,62.51481],[27.50701,62.60577],[27.51407,62.62314],[27.55999,62.58517],[27.6433,62.57457],[27.58531,62.66847],[27.63653,62.71233],[27.61592,62.74589],[27.66067,62.72558],[27.68009,62.75619],[27.64389,62.80035],[27.60326,62.79151],[27.6483,62.82625],[27.69834,62.81977],[27.6433,62.83537],[27.63653,62.86334],[27.68922,62.87894],[27.69805,62.9178],[27.65007,62.93163],[27.60974,62.9178],[27.61592,62.8969],[27.56971,62.90013],[27.5544,62.88365],[27.57559,62.84156],[27.55087,62.83125],[27.47728,62.88483],[27.39014,62.88983],[27.40133,62.94164],[27.3766,62.95135],[27.39691,62.97932],[27.2462,63.02701],[27.30066,63.04761],[27.17114,63.06115],[27.18468,63.08176],[27.16407,63.10972],[27.26651,63.09589],[27.12993,63.18478],[27.2462,63.21216],[27.16407,63.30842],[27.19822,63.32873],[27.22501,63.29812],[27.26651,63.30135],[27.22765,63.33256],[27.22471,63.36906],[27.19822,63.34933],[27.20146,63.38525],[27.15995,63.43058],[27.17761,63.50741],[27.02337,63.5389],[27.00718,63.52419],[27.04751,63.49328],[26.97921,63.49328],[26.9589,63.52124],[26.97185,63.5392],[26.89709,63.54862],[26.91151,63.56216],[26.87736,63.59101],[26.92799,63.5916],[26.97303,63.55922],[27.03544,63.56628],[27.07194,63.53861],[27.14671,63.56216],[27.19704,63.5183],[27.19086,63.47267],[27.26033,63.445],[27.28682,63.39025],[27.21205,63.44883],[27.17761,63.4244],[27.27446,63.36906],[27.27416,63.34256],[27.36542,63.36906],[27.34805,63.304],[27.39574,63.30253],[27.34187,63.28781],[27.30802,63.23924],[27.36277,63.21216],[27.32185,63.19833],[27.37042,63.19156],[27.32185,63.18478],[27.3766,63.17124],[27.32244,63.15505],[27.25474,63.18537],[27.21882,63.17124],[27.30802,63.11649],[27.27416,63.10972],[27.3766,63.08176],[27.32862,63.08853],[27.40015,63.01288],[27.62976,62.97932],[27.57559,63.03319],[27.64006,63.01258],[27.71836,62.94046],[27.77193,62.93134],[27.81638,62.97961],[27.74632,62.98609],[27.76752,63.02023],[27.70541,63.06792],[27.74044,63.09854],[27.7737,63.08176],[27.83198,63.11649],[27.86996,63.06792],[27.82198,63.03024],[27.89027,62.99992],[27.95003,63.04584],[28.1864,62.99168],[28.27677,63.0432],[28.37685,63.04761],[28.37715,63.02082],[28.26705,63.01405],[28.34889,62.98609],[28.23997,62.9908],[28.21996,62.96695],[28.1237,62.95135],[28.18522,62.94517],[28.1237,62.88983],[28.24645,62.84891],[28.13047,62.84156],[28.15726,62.82919],[28.13047,62.80123],[28.17933,62.78327],[28.2335,62.71939],[28.19876,62.6982],[28.24704,62.71292],[28.27589,62.6932],[28.27383,62.65728],[28.2335,62.64345],[28.48665,62.57398],[28.6512,62.55426],[28.62324,62.54101],[28.71449,62.47272],[28.89199,62.4265],[28.96617,62.38294],[28.83636,62.39648],[28.89758,62.35556],[28.79367,62.39383],[28.60734,62.41914],[28.52462,62.48567],[28.45898,62.50569],[28.54317,62.50863],[28.6512,62.47213],[28.60705,62.50775],[28.51108,62.56073],[28.35654,62.60253],[28.37685,62.5884],[28.35801,62.56898],[28.26705,62.58222],[28.20524,62.52747],[28.20259,62.47655],[28.1708,62.44475],[28.21937,62.42385],[28.06777,62.4421],[28.05541,62.45918],[28.1443,62.47831],[28.1552,62.52394],[28.11693,62.54719],[28.13753,62.60253],[28.02744,62.66405],[28.1237,62.66405],[27.95209,62.76944],[27.88968,62.72528],[27.76752,62.6982],[27.78783,62.68437],[27.71895,62.65081],[27.79401,62.62314],[27.86319,62.62932],[27.82963,62.60636],[27.71218,62.62314],[27.72572,62.5884],[27.779,62.58752],[27.81521,62.53365],[27.89027,62.4995],[27.89851,62.4736],[27.86996,62.45182],[27.89233,62.43268],[28.00713,62.40384],[28.05187,62.42768],[28.04805,62.37676],[27.925,62.28668],[27.93943,62.25842],[28.07601,62.23193],[28.06924,62.24576],[28.17786,62.25253],[28.1443,62.27314],[28.27383,62.24576],[28.29914,62.2493],[28.2335,62.2805],[28.34212,62.29433],[28.37685,62.2805],[28.34948,62.2649],[28.36331,62.23958],[28.54906,62.20396],[28.5626,62.23193],[28.58909,62.21839],[28.57202,62.2699],[28.62206,62.26931],[28.61823,62.30699],[28.6615,62.29404],[28.7401,62.32818],[28.65444,62.36321],[28.64443,62.37676],[28.72715,62.35556],[28.63766,62.39648],[28.66091,62.39942],[28.81075,62.33819],[28.82193,62.32818],[28.77748,62.31788],[28.79132,62.29404],[28.9803,62.16364],[28.79456,62.24576],[28.8393,62.19454],[28.93202,62.16364],[28.68535,62.20455],[28.84254,62.13567],[28.76041,62.12949],[28.87374,62.11889],[29.04182,62.16364],[29.22668,62.15745],[29.06213,62.19778],[29.09804,62.20602],[29.32206,62.15893],[29.34325,62.16364],[29.31322,62.17688],[29.41154,62.22575],[29.27466,62.24576],[29.31558,62.25253],[29.2882,62.27314],[29.31558,62.28668],[29.2882,62.31464],[29.30175,62.33496],[29.26848,62.38647],[29.2205,62.40384],[29.31558,62.41767],[29.3356,62.44829],[29.24052,62.56103],[29.20608,62.55426],[29.28143,62.6093],[29.36592,62.59429],[29.3774,62.57457],[29.32235,62.58222],[29.36739,62.51687],[29.398,62.50569],[29.38888,62.53395],[29.41272,62.5519],[29.41154,62.52305],[29.47365,62.4995],[29.47277,62.48096],[29.66234,62.38588],[29.69266,62.3903],[29.67706,62.42739],[29.56932,62.47213],[29.63143,62.47537],[29.57609,62.4995],[29.57168,62.52659],[29.65174,62.55426],[29.58963,62.60253],[29.64203,62.62373],[29.69943,62.62932],[29.8001,62.57633],[29.81629,62.5575],[29.80246,62.52747],[29.89459,62.44122],[29.94729,62.44888],[29.91137,62.41061],[29.85044,62.42385],[29.84809,62.39383],[29.81629,62.38294],[29.82483,62.35438],[29.74123,62.35556],[29.85662,62.30758],[29.74741,62.32142],[29.7221,62.3014],[29.65704,62.32612],[29.62378,62.31464],[29.65763,62.28433],[29.54195,62.29404],[29.65469,62.20661],[29.73976,62.18601],[29.76802,62.19101],[29.77538,62.21839],[29.87222,62.17541],[29.97496,62.17099],[30.02029,62.13184],[29.91196,62.08504],[29.80099,62.15333],[29.66617,62.15745],[29.69943,62.13567],[29.68501,62.12301],[29.50809,62.17806],[29.53429,62.14215],[29.50721,62.09063],[29.52163,62.08121],[29.41773,62.10241],[29.56638,61.98407],[29.67235,61.9514],[29.607,62.01645],[29.66617,62.03412],[29.80246,61.9305],[29.75477,61.90312],[29.78892,61.88929],[29.77479,61.87575],[29.70708,61.88929],[29.74123,61.8416],[29.71857,61.81894],[29.63143,61.84837],[29.68589,61.82806],[29.63673,61.8001],[29.47984,61.78008],[29.52782,61.75212],[29.47042,61.74888],[29.43862,61.71826],[29.41154,61.75212],[29.38387,61.71797],[29.43215,61.69766],[29.30204,61.68912],[29.32912,61.66351],[29.24729,61.62642],[29.28143,61.61553],[29.25288,61.60169],[29.04182,61.61553],[29.12424,61.56784],[29.10334,61.56196],[28.77425,61.6903],[28.72185,61.68941],[28.70654,61.63614],[28.66504,61.67087],[28.65179,61.63878],[28.59674,61.64232],[28.61735,61.6014],[28.76011,61.62142],[28.85667,61.57461],[28.77366,61.59698],[28.68535,61.58904],[28.66239,61.56961],[28.69918,61.5543],[28.66504,61.53988],[28.70654,61.5337],[28.65827,61.50985],[28.688,61.51397],[28.70654,61.47924],[28.67033,61.46334],[28.53463,61.49896],[28.58909,61.43067],[28.55906,61.40447],[28.35007,61.39858],[28.34683,61.37268],[28.47311,61.36915],[28.41777,61.34619],[28.29826,61.35296],[28.34536,61.3247],[28.4525,61.3141],[28.55494,61.35502],[28.55494,61.33441],[28.67858,61.34825],[28.6512,61.37562],[28.66916,61.37209],[28.86668,61.28731],[28.88404,61.26936],[28.86491,61.22638],[28.39599,61.11276],[28.32151,61.0739],[28.12723,61.05948],[28.04628,61.08656],[28.05541,61.08891]],[[28.56554,61.24581],[28.62235,61.20254],[28.67858,61.21843],[28.6041,61.24198],[28.56554,61.24581]],[[27.9515,61.48424],[27.97299,61.47924],[27.9462,61.52752],[27.84553,61.51074],[27.74809,61.544],[27.71218,61.5337],[27.71571,61.49513],[27.75869,61.48895],[27.78783,61.45128],[27.71777,61.45098],[27.69216,61.47718],[27.49994,61.47924],[27.80137,61.43067],[27.71218,61.4027],[27.81756,61.40418],[27.90381,61.43685],[27.91971,61.45422],[27.8835,61.48542],[27.90263,61.48778],[27.9515,61.48424]],[[27.66979,61.28672],[27.71895,61.27318],[27.67803,61.28731],[27.67126,61.33441],[27.63653,61.34118],[27.65007,61.36179],[27.61651,61.38916],[27.52791,61.38916],[27.42135,61.43067],[27.30066,61.39593],[27.41193,61.35884],[27.55587,61.34766],[27.58266,61.32823],[27.44077,61.335],[27.59708,61.26141],[27.65743,61.28731],[27.66979,61.28672]],[[28.23997,61.39417],[28.29002,61.39947],[28.28766,61.41625],[28.5414,61.43685],[28.45898,61.50573],[28.41012,61.5128],[28.39069,61.4916],[28.35654,61.49896],[28.37685,61.46482],[28.34271,61.44598],[28.18522,61.45128],[28.21348,61.45098],[28.21937,61.41036],[28.23997,61.39417]],[[28.24262,61.53899],[28.22555,61.51338],[28.32917,61.5337],[28.36331,61.51957],[28.38392,61.55783],[28.43249,61.54076],[28.47311,61.58227],[28.38392,61.58904],[28.26647,61.55342],[28.24262,61.53899]],[[28.29119,61.69412],[28.27383,61.64232],[28.3012,61.63614],[28.28089,61.60876],[28.32917,61.64232],[28.36007,61.60788],[28.5414,61.62259],[28.50608,61.67646],[28.4525,61.69766],[28.50049,61.71797],[28.40482,61.70502],[28.43161,61.68323],[28.41453,61.65733],[28.37685,61.67087],[28.36949,61.72651],[28.30503,61.73239],[28.28119,61.70855],[28.29119,61.69412]],[[28.85814,61.90371],[28.89758,61.91666],[28.88404,61.90312],[28.92054,61.89488],[29.00767,61.78008],[29.11159,61.77949],[29.17223,61.75212],[29.23404,61.78361],[29.19254,61.80745],[29.30175,61.821],[29.2938,61.8469],[29.31264,61.85485],[29.29174,61.87545],[29.34325,61.94404],[29.33089,61.96936],[29.51398,61.94404],[29.45952,61.97877],[29.43892,62.01969],[29.46423,62.02852],[29.40124,62.06473],[29.36386,62.12272],[29.26819,62.1501],[29.29939,62.1027],[29.24788,62.04766],[29.2882,62.02646],[29.29498,61.98496],[29.1999,62.01969],[29.22668,62.0403],[29.15839,62.08121],[29.24729,62.08004],[29.22639,62.1342],[29.18312,62.14126],[29.14191,62.13685],[29.12395,62.10918],[29.00355,62.1289],[28.87757,62.09122],[28.69918,62.07503],[28.70654,62.0612],[28.67858,62.05501],[28.68829,62.02293],[28.87668,61.93786],[28.82546,61.90989],[28.85814,61.90371]],[[27.81521,62.47831],[27.78989,62.52865],[27.65743,62.56103],[27.76458,62.51776],[27.80461,62.47743],[27.81521,62.47831]],[[27.84258,62.92516],[27.82198,62.93163],[27.87467,62.81771],[27.91647,62.82507],[28.05187,62.73441],[28.08219,62.74589],[28.04187,62.75325],[28.07572,62.76237],[28.16521,62.74589],[28.04805,62.78003],[28.1237,62.82213],[28.04187,62.83537],[28.11693,62.84891],[28.04805,62.86334],[28.13047,62.87688],[28.03451,62.88365],[28.08219,62.8969],[28.02744,62.91103],[28.08955,62.92486],[28.05541,62.97932],[28.01302,62.98079],[27.9933,62.94517],[27.9041,62.93428],[27.8835,62.94517],[27.91765,62.95871],[27.86054,62.96754],[27.84935,62.95135],[27.9041,62.9178],[27.86172,62.91515],[27.84258,62.92516]]]}},{"type":"Feature","id":"Q272463","properties":{"id":"Q272463","regionType":"lake"},"geometry":{"type":"Polygon","coordinates":[[[-109.18068,59.09047],[-109.2369,59.13787],[-109.27679,59.13993],[-109.39262,59.08665],[-109.92056,59.01129],[-110.21169,58.90208],[-110.38551,58.80376],[-110.44365,58.74931],[-110.47956,58.6713],[-110.35637,58.69662],[-110.36932,58.63774],[-110.40936,58.60566],[-110.58627,58.64805],[-110.63028,58.61478],[-110.77084,58.62832],[-110.786,58.6189],[-110.76127,58.54001],[-110.83913,58.47761],[-110.85591,58.48762],[-110.84266,58.63745],[-110.94495,58.64392],[-111.0415,58.55944],[-111.05902,58.50793],[-111.08595,58.51087],[-111.12348,58.54266],[-111.09611,58.57975],[-111.11598,58.60036],[-111.07491,58.62096],[-111.13114,58.61743],[-111.16705,58.64628],[-111.14394,58.66188],[-111.28789,58.69662],[-111.30363,58.74813],[-111.32954,58.75725],[-111.30128,58.78345],[-111.17132,58.79964],[-111.13408,58.76815],[-111.18515,58.72046],[-111.16381,58.70309],[-110.91081,58.79258],[-110.81426,58.83997],[-110.82014,58.88059],[-110.70505,58.95036],[-110.66751,59.02189],[-110.56022,59.10608],[-110.38978,59.12786],[-109.96369,59.34363],[-109.82872,59.35393],[-109.86728,59.39544],[-109.76558,59.40574],[-109.74616,59.42222],[-109.83491,59.42222],[-109.74925,59.49287],[-109.48608,59.60767],[-109.15419,59.6012],[-109.13564,59.55498],[-109.06382,59.52083],[-109.04542,59.48139],[-108.83495,59.53202],[-108.75591,59.50406],[-108.94445,59.37483],[-108.71559,59.38278],[-108.61786,59.40633],[-108.5606,59.45019],[-108.44389,59.45696],[-108.3756,59.43635],[-108.28316,59.47727],[-108.14511,59.47609],[-108.12244,59.4705],[-108.12862,59.45019],[-107.86399,59.41604],[-107.52268,59.41221],[-107.25289,59.32243],[-106.88847,59.34775],[-106.90142,59.31772],[-106.64988,59.31743],[-106.63531,59.31301],[-106.66254,59.293],[-106.64017,59.28917],[-106.01833,59.27887],[-106.79913,59.25208],[-106.78603,59.26503],[-106.80531,59.27563],[-106.90893,59.26503],[-106.89597,59.27887],[-106.93292,59.28888],[-107.0904,59.28652],[-107.16326,59.30889],[-107.45026,59.293],[-107.51311,59.31537],[-107.55329,59.30683],[-107.53901,59.28564],[-107.59053,59.28888],[-107.63512,59.30683],[-107.60171,59.32655],[-107.66912,59.34569],[-107.75861,59.34009],[-107.7486,59.31949],[-107.83441,59.23795],[-107.80644,59.21676],[-107.83426,59.2041],[-107.90123,59.2247],[-108.19441,59.152],[-108.60196,59.14081],[-108.85173,59.10137],[-108.90692,59.13316],[-109.05425,59.08841],[-109.17008,59.08694],[-109.18068,59.09047]]]}},{"type":"Feature","id":"Q192215","properties":{"id":"Q192215","regionType":"lake"},"geometry":{"type":"Polygon","coordinates":[[[100.76688,51.44731],[100.79602,51.41228],[100.78071,51.34311],[100.78896,51.31632],[100.76923,51.30248],[100.776,51.2545],[100.7083,51.12822],[100.74186,51.06905],[100.6824,51.03932],[100.67239,51.02107],[100.71154,50.99576],[100.65708,50.91951],[100.51196,50.84445],[100.494,50.8],[100.52903,50.79058],[100.51019,50.76527],[100.43984,50.73348],[100.42306,50.63222],[100.44691,50.63016],[100.46045,50.65047],[100.49489,50.63751],[100.48105,50.59307],[100.43307,50.58924],[100.47428,50.56245],[100.42277,50.55509],[100.38862,50.52772],[100.3221,50.54273],[100.26293,50.52566],[100.22849,50.53537],[100.19316,50.47944],[100.19316,50.45265],[100.16697,50.48915],[100.15902,50.53449],[100.1652,50.56186],[100.2067,50.60337],[100.20288,50.63457],[100.26205,50.67843],[100.24085,50.69904],[100.24703,50.89449],[100.33534,51.13558],[100.26676,51.26893],[100.26676,51.32839],[100.29148,51.35017],[100.32357,51.32956],[100.40511,51.34664],[100.43189,51.36665],[100.46751,51.42523],[100.45839,51.4426],[100.36654,51.432],[100.36036,51.45614],[100.4316,51.52031],[100.50548,51.54592],[100.52285,51.61068],[100.54964,51.61981],[100.61528,51.59037],[100.6456,51.51472],[100.67857,51.48028],[100.7448,51.45673],[100.76688,51.44731]]]}},{"type":"Feature","id":"Q19253","properties":{"id":"Q19253","regionType":"lake"},"geometry":{"type":"Polygon","coordinates":[[[27.46697,58.22092],[27.46226,58.25772],[27.41046,58.29186],[27.41104,58.37752],[27.23708,58.42403],[27.22972,58.52088],[27.16113,58.66306],[27.07459,58.7443],[26.95537,58.79582],[26.94654,58.81966],[26.96479,58.87618],[27.04456,58.94418],[27.28712,59.00158],[27.53703,59.01629],[27.73396,58.99363],[27.71895,58.95036],[27.72719,58.91503],[27.79401,58.86264],[27.80137,58.81995],[27.78047,58.78522],[27.76193,58.66747],[27.82992,58.57298],[27.83316,58.47201],[27.78577,58.42256],[27.78783,58.46995],[27.70953,58.41991],[27.66067,58.36398],[27.62976,58.35692],[27.65124,58.30864],[27.54321,58.32248],[27.50671,58.23711],[27.46697,58.22092]],[[27.46962,58.38783],[27.52791,58.3737],[27.47463,58.39195],[27.46962,58.38783]]]}},{"type":"Feature","id":"Q199938","properties":{"id":"Q199938","regionType":"lake"},"geometry":{"type":"Polygon","coordinates":[[[104.60421,12.43317],[104.6204,12.37901],[104.49618,12.51088],[104.44172,12.52295],[104.40757,12.50941],[104.21241,12.58065],[104.14853,12.66307],[104.15118,12.6928],[104.13323,12.69368],[104.14,12.74196],[104.11704,12.7605],[104.12705,12.7973],[104.11115,12.78935],[104.09231,12.82468],[104.07877,12.80407],[104.02343,12.78317],[104.00989,12.81084],[103.98634,12.80171],[103.95573,12.84499],[103.94071,12.83409],[103.92393,12.8441],[103.85947,12.90651],[103.8527,12.865],[103.84593,12.91328],[103.81002,12.91917],[103.77734,12.99953],[103.74967,13.00954],[103.77764,13.03691],[103.72701,13.07842],[103.71435,13.10992],[103.68874,13.22854],[103.70463,13.26092],[103.82591,13.24915],[103.83975,13.22854],[103.90245,13.22472],[104.01136,13.17968],[104.07377,13.10874],[104.12705,12.96185],[104.16943,12.90239],[104.23949,12.74549],[104.27776,12.73578],[104.39138,12.75668],[104.45585,12.72901],[104.47646,12.66336],[104.44908,12.60537],[104.49029,12.56063],[104.44408,12.54797],[104.45585,12.52972],[104.49206,12.54356],[104.5003,12.52913],[104.52503,12.56446],[104.5212,12.52678],[104.57919,12.4997],[104.59391,12.46614],[104.52503,12.49558],[104.58213,12.44053],[104.60421,12.43317]]]}},{"type":"Feature","id":"Q223#island","properties":{"id":"Q223#island","regionType":"island"},"geometry":{"type":"MultiPolygon","coordinates":[[[[-33.39834,83.57725],[-29.95288,83.56484],[-25.79507,83.26099],[-31.99268,83.08535],[-32.03272,82.98345],[-29.96357,83.1105],[-27.00205,83.06719],[-25.12339,83.15962],[-24.47031,82.87739],[-22.5249,82.78916],[-21.6918,82.68252],[-21.52065,82.59541],[-21.99395,82.46279],[-23.11807,82.32471],[-29.5794,82.16118],[-29.8874,82.05483],[-29.81099,81.95547],[-29.54385,81.93994],[-27.8395,82.04888],[-25.14883,82.00112],[-24.58916,81.88281],[-24.29307,81.70098],[-23.49614,81.77305],[-23.17983,81.98945],[-22.94009,82.03052],[-21.33799,82.0687],[-21.13032,81.93423],[-21.14658,81.69517],[-21.50391,81.4375],[-23.07246,80.92671],[-23.19639,80.84736],[-23.20366,80.78926],[-23.11773,80.77817],[-22.82568,80.91265],[-20.88975,81.27637],[-19.62993,81.63989],[-19.22476,81.64004],[-19.15298,81.51221],[-17.45605,81.39771],[-16.1207,81.77661],[-15.45064,81.83696],[-14.24199,81.81387],[-12.43442,81.68252],[-11.42554,81.48062],[-13.12622,81.08779],[-14.45234,80.99312],[-14.49014,80.97329],[-14.22856,80.87046],[-14.50356,80.76328],[-16.7606,80.57339],[-15.93726,80.42764],[-16.48877,80.25195],[-18.07095,80.17207],[-19.4292,80.25772],[-20.15015,80.01123],[-20.18135,79.85796],[-20.06885,79.77378],[-19.35303,79.73418],[-19.28359,79.68315],[-19.41401,79.34883],[-19.1522,79.32539],[-19.01133,79.25146],[-18.99199,79.17837],[-19.72305,79.06504],[-20.05049,78.8418],[-20.61558,78.80391],[-21.13374,78.65864],[-20.95566,78.55503],[-21.19477,78.37983],[-21.39727,78.07358],[-21.74756,77.79063],[-21.72959,77.70855],[-21.57891,77.65137],[-21.37969,77.69756],[-21.13189,77.84722],[-20.8626,77.91187],[-19.49043,77.7189],[-19.29609,77.58525],[-19.52412,77.57197],[-20.16206,77.68984],[-20.68081,77.61899],[-20.46377,77.44731],[-20.23193,77.36841],[-19.30029,77.22236],[-18.90342,77.28047],[-18.44263,77.25938],[-18.29238,77.13286],[-18.33726,76.92119],[-18.60576,76.76328],[-19.86494,76.9144],[-20.48672,76.9208],[-20.94209,76.88701],[-21.6147,76.68789],[-22.33433,76.7937],[-22.60664,76.68076],[-21.87734,76.57349],[-21.75811,76.40054],[-21.48823,76.27187],[-20.8874,76.304],[-20.10361,76.21909],[-19.86289,76.12065],[-19.95772,75.99668],[-19.50898,75.75752],[-19.39951,75.49443],[-19.37529,75.29819],[-19.52637,75.18022],[-19.79849,75.15747],[-20.19868,75.30796],[-20.48496,75.31426],[-20.90586,75.15693],[-21.64932,75.02344],[-22.23286,75.11973],[-21.69512,74.96445],[-20.98579,75.07437],[-20.78569,74.89175],[-20.79531,74.80596],[-21.03848,74.65415],[-20.86157,74.63594],[-20.61113,74.72822],[-20.41709,74.97519],[-20.21426,75.01924],[-19.98491,74.97519],[-19.53779,74.62456],[-19.28701,74.54639],[-19.2251,74.47949],[-19.27158,74.34263],[-19.64624,74.25796],[-20.25644,74.28281],[-20.23057,74.20464],[-21.12944,74.11089],[-21.95493,74.24429],[-21.76196,74.48276],[-21.98262,74.56748],[-21.92017,74.43921],[-21.97271,74.39004],[-22.33433,74.28638],[-22.19565,74.20571],[-22.33525,74.06343],[-22.13481,73.99048],[-21.02222,73.94126],[-20.36728,73.84824],[-20.50967,73.49287],[-20.63672,73.46357],[-21.548,73.43169],[-22.34688,73.26924],[-23.2332,73.39771],[-23.7606,73.54312],[-24.15771,73.76445],[-24.45127,73.62852],[-24.67725,73.6022],[-25.52129,73.85161],[-24.77832,73.53989],[-25.66543,73.29282],[-26.0623,73.25303],[-27.27041,73.43628],[-26.54185,73.24898],[-26.72861,73.17139],[-27.56162,73.13848],[-27.34805,73.06782],[-27.18989,73.13242],[-26.75322,73.12109],[-25.39902,73.27578],[-25.05703,73.39648],[-24.13267,73.40937],[-23.89898,73.39829],[-22.99604,73.17158],[-22.8523,73.08398],[-22.03633,72.91846],[-22.00674,72.63545],[-22.07481,72.39922],[-22.28023,72.34477],[-22.23926,72.22026],[-22.29321,72.11953],[-24.06904,72.49873],[-24.35859,72.6873],[-24.62998,73.03765],[-26.65762,72.71582],[-26.39209,72.6728],[-24.81333,72.90151],[-24.65,72.58252],[-24.70068,72.50635],[-25.20371,72.39297],[-25.11787,72.34697],[-24.57236,72.42021],[-22.49687,71.91382],[-22.37022,71.76982],[-21.95967,71.74468],[-22.50322,71.50044],[-22.47964,71.38345],[-22.41758,71.24868],[-22.29902,71.43232],[-21.96143,71.5082],[-21.75225,71.47832],[-21.67119,71.20596],[-21.67451,70.8563],[-21.52266,70.52622],[-21.94351,70.44346],[-22.38413,70.4624],[-22.43701,70.86001],[-22.52607,70.80781],[-22.60967,70.49331],[-22.69067,70.4373],[-23.32783,70.45098],[-23.97139,70.64946],[-24.22852,70.92339],[-24.26572,71.04634],[-24.56221,71.22353],[-25.88516,71.57192],[-27.08721,71.62656],[-27.1623,71.6022],[-27.10703,71.53267],[-25.84273,71.48018],[-25.69941,71.36831],[-25.66758,71.26533],[-26.01411,71.09282],[-26.71792,70.95049],[-28.39844,70.99292],[-27.99219,70.89521],[-27.9793,70.8395],[-28.14565,70.65566],[-29.07207,70.44497],[-28.54092,70.4769],[-27.59609,70.40669],[-26.74727,70.47554],[-26.5084,70.39663],[-27.32812,70.21714],[-27.56084,70.12446],[-27.62886,70.02822],[-27.38418,69.9916],[-27.02773,70.20122],[-26.15571,70.2456],[-25.52988,70.35317],[-23.66733,70.13931],[-22.20659,70.10791],[-22.43511,69.98574],[-23.08823,69.88296],[-23.04956,69.79273],[-23.86572,69.73672],[-23.70898,69.62725],[-23.7394,69.58862],[-24.29668,69.58555],[-24.2209,69.4793],[-24.29556,69.43931],[-25.18857,69.26055],[-25.09243,69.16519],[-25.54404,69.0457],[-25.698,68.88989],[-26.48291,68.67593],[-29.24951,68.29878],[-29.86851,68.31157],[-30.19551,68.19898],[-30.72002,68.25117],[-30.61074,68.11792],[-30.97856,68.06133],[-31.41948,68.12847],[-32.32744,68.4373],[-32.18013,68.25728],[-32.36685,68.21304],[-32.15596,68.06318],[-32.16455,67.99111],[-33.10815,67.6582],[-33.50444,67.377],[-33.52798,67.25815],[-34.10166,66.72593],[-34.2689,66.62505],[-34.42285,66.63018],[-34.63281,66.43477],[-35.18857,66.25029],[-35.41172,66.26152],[-35.86724,66.44141],[-35.63008,66.13994],[-36.3792,65.83081],[-36.38896,65.95972],[-36.52725,66.00772],[-36.66519,65.79009],[-36.93242,65.78257],[-37.06279,65.87144],[-37.31602,65.79023],[-37.41006,65.65635],[-37.7542,65.59307],[-37.95479,65.63359],[-38.00127,65.70962],[-37.79736,65.85679],[-37.78784,65.97798],[-37.27871,66.30439],[-38.15664,66.3856],[-37.75234,66.26152],[-37.96943,66.14111],[-38.13994,65.90352],[-38.52036,66.00967],[-38.21636,65.83833],[-38.20337,65.71172],[-38.63672,65.62436],[-40.17354,65.55615],[-39.57793,65.34077],[-39.93726,65.1416],[-40.25312,65.04888],[-40.66758,65.10874],[-41.08442,65.10083],[-41.08867,65.03535],[-40.96602,64.86885],[-40.65547,64.91533],[-40.18223,64.47993],[-40.47764,64.34443],[-40.69853,64.32974],[-40.68643,64.26694],[-40.78174,64.22178],[-41.58101,64.29834],[-41.03057,64.12104],[-40.61777,64.13174],[-40.65234,63.92773],[-40.55039,63.72524],[-40.77153,63.62617],[-40.77519,63.53364],[-41.04873,63.51382],[-41.05615,63.41226],[-41.15225,63.34893],[-41.10771,63.27378],[-41.38789,63.06186],[-41.84448,63.07026],[-42.17451,63.20879],[-42.09399,63.11675],[-41.63447,62.97246],[-41.90898,62.73711],[-42.05825,62.69399],[-42.94165,62.72022],[-42.15298,62.56846],[-42.24316,62.46606],[-42.19795,62.39712],[-42.32148,62.15273],[-42.14307,62.01353],[-42.11021,61.85723],[-42.24971,61.77139],[-42.5853,61.71748],[-42.32363,61.68174],[-42.646,61.06411],[-42.71704,60.76748],[-43.04409,60.52368],[-43.92271,60.59536],[-43.83115,60.52197],[-43.21299,60.39067],[-43.1229,60.06123],[-43.32012,59.92813],[-43.95503,60.02549],[-43.65791,59.85864],[-43.90654,59.81548],[-44.11699,59.83193],[-44.06548,59.9248],[-44.41294,59.92261],[-44.45347,60.01455],[-44.23135,60.18027],[-44.17612,60.24439],[-44.22436,60.27354],[-44.61328,60.01665],[-45.37925,60.20293],[-45.36777,60.37295],[-44.97471,60.45723],[-44.75674,60.6646],[-45.08272,60.50718],[-45.38052,60.44492],[-46.04663,60.61572],[-46.14194,60.77651],[-45.87988,61.09414],[-45.87022,61.21831],[-46.01172,61.09683],[-46.58242,60.96206],[-46.87446,60.81641],[-47.79624,60.82886],[-47.72993,60.72949],[-47.82793,60.72476],[-48.18081,60.76924],[-48.24194,60.80684],[-48.20518,60.85591],[-47.77031,60.99775],[-48.38643,61.00474],[-48.42817,61.1874],[-48.92207,61.27744],[-49.04922,61.52388],[-49.28906,61.58994],[-49.19311,61.68565],[-49.31123,61.7478],[-49.38027,61.89019],[-48.82871,62.07969],[-49.12046,62.1126],[-49.34853,62.0102],[-49.62378,61.99858],[-49.66772,62.15088],[-49.55347,62.23271],[-50.31924,62.47319],[-50.25933,62.57808],[-50.29873,62.72197],[-49.79312,63.04463],[-50.09224,62.97676],[-50.39009,62.82202],[-51.46885,63.64229],[-51.53818,63.75801],[-51.45107,63.90478],[-51.54751,64.0061],[-50.26069,64.21426],[-50.48662,64.20889],[-50.43706,64.31284],[-51.54228,64.09702],[-51.70786,64.20508],[-51.23154,64.5606],[-50.83491,64.55898],[-50.84922,64.64468],[-50.68433,64.67817],[-50.35513,64.68257],[-50.1582,64.48955],[-50.00898,64.44727],[-50.12163,64.70376],[-50.29888,64.77856],[-50.51699,64.7665],[-50.96064,65.20112],[-50.72158,64.79761],[-50.89106,64.69522],[-51.2206,64.62847],[-51.13896,64.78574],[-51.25537,64.75811],[-51.75811,64.27993],[-51.92261,64.21875],[-52.09341,64.41592],[-52.08887,64.68154],[-52.25903,65.15493],[-52.44761,65.20513],[-52.53769,65.32881],[-51.61914,65.71318],[-51.0919,65.77578],[-51.72344,65.72349],[-52.34824,65.46133],[-52.55127,65.46138],[-52.76094,65.59082],[-53.19897,65.59404],[-53.23374,65.77085],[-53.10635,65.97715],[-53.39204,66.04834],[-52.0561,66.50732],[-51.225,66.88154],[-53.03579,66.20142],[-53.6147,66.15449],[-53.63472,66.41367],[-53.41875,66.64853],[-53.03828,66.82681],[-52.38687,66.88115],[-53.4436,66.92466],[-53.68716,66.98647],[-53.88442,67.13555],[-53.79858,67.41816],[-52.96953,67.68726],[-52.51201,67.76128],[-50.61348,67.52793],[-51.17104,67.6936],[-50.88701,67.78355],[-50.96885,67.80664],[-51.76523,67.73784],[-52.34482,67.83691],[-52.97959,67.75776],[-53.4188,67.57456],[-53.73521,67.54902],[-53.57798,67.83682],[-53.35293,67.97051],[-53.15156,68.20776],[-51.59687,68.05478],[-51.16914,68.3852],[-51.4561,68.39351],[-51.63242,68.27305],[-52.19853,68.2208],[-52.78003,68.30986],[-53.38315,68.29736],[-53.03945,68.61089],[-52.60459,68.70874],[-52.30278,68.70112],[-51.62315,68.53481],[-51.1333,68.59844],[-50.80063,68.79126],[-51.24941,68.73994],[-51.08486,69.12827],[-50.29736,69.1706],[-50.53662,69.24785],[-51.07695,69.20947],[-50.89224,69.41177],[-50.8041,69.66304],[-50.34946,69.79624],[-50.5,69.93579],[-50.32295,70.02715],[-50.80234,70.00322],[-51.10571,70.05742],[-51.49907,69.98716],[-52.25464,70.05894],[-53.02305,70.3019],[-54.01445,70.42168],[-54.53076,70.69927],[-54.16582,70.82012],[-52.80195,70.75059],[-51.52446,70.43945],[-50.94687,70.36362],[-50.68213,70.39687],[-51.32285,70.58877],[-51.33989,70.68755],[-51.25659,70.85269],[-51.77432,71.01045],[-51.01895,71.00132],[-51.37666,71.11904],[-53.00757,71.17998],[-53.11704,71.31289],[-52.74941,71.50151],[-51.96728,71.59912],[-51.77861,71.68291],[-52.1958,71.62998],[-52.6563,71.67227],[-53.16753,71.53594],[-53.44009,71.579],[-53.47602,71.64019],[-53.14453,71.80742],[-53.33369,71.78975],[-53.42012,71.99976],[-53.80986,72.29258],[-53.65215,72.36265],[-53.92773,72.3188],[-53.79287,72.13408],[-53.4625,71.89356],[-53.77969,71.67852],[-54.01992,71.65786],[-53.91206,71.52593],[-53.96299,71.45898],[-54.68906,71.36724],[-55.33643,71.42676],[-55.59404,71.55352],[-55.66934,71.6915],[-55.54922,71.76826],[-55.31558,72.11069],[-54.84014,72.3561],[-54.89634,72.39419],[-55.32012,72.19956],[-55.58145,72.17886],[-55.65947,72.22261],[-55.63584,72.30044],[-55.2957,72.35439],[-55.60171,72.45347],[-54.92495,72.57197],[-54.74004,72.70019],[-54.73794,72.87251],[-55.0731,73.01514],[-55.28892,72.9332],[-55.66855,73.00791],[-55.69277,73.11284],[-55.35869,73.20293],[-55.28828,73.3271],[-55.4457,73.4605],[-55.73887,73.38398],[-55.87554,73.50464],[-56.10405,73.55815],[-55.96841,73.75957],[-55.83828,73.75972],[-56.22539,74.1291],[-56.49316,74.18218],[-57.23057,74.12529],[-56.70635,74.21919],[-56.63896,74.27837],[-56.71768,74.42925],[-56.25547,74.52681],[-56.87114,74.69497],[-57.19087,74.89375],[-57.81318,75.03999],[-58.25332,75.27895],[-58.56553,75.35273],[-58.60347,75.3853],[-58.24966,75.50669],[-58.51621,75.68906],[-61.18823,76.15786],[-62.74287,76.25215],[-63.29131,76.35205],[-63.84307,76.21714],[-64.30728,76.3165],[-65.36992,76.13057],[-65.95405,76.2417],[-66.46577,76.13916],[-66.87402,76.21787],[-67.07871,76.19482],[-66.67481,75.97739],[-66.82617,75.9688],[-68.31728,76.09077],[-69.48408,76.39917],[-68.86499,76.56138],[-68.11426,76.65063],[-69.25205,76.68613],[-69.67383,76.73589],[-69.88809,76.82705],[-69.69424,76.98945],[-70.44131,76.80737],[-70.61313,76.82183],[-70.79282,76.86909],[-70.73467,76.929],[-71.15488,77.07388],[-70.60371,77.19385],[-68.97832,77.19531],[-68.5916,77.34253],[-68.13555,77.37959],[-66.93799,77.36421],[-66.38945,77.28027],[-66.45308,77.39307],[-66.26645,77.51538],[-66.44536,77.61567],[-66.82354,77.68662],[-67.68809,77.52378],[-68.62153,77.60186],[-68.97456,77.49263],[-69.35137,77.46714],[-69.97676,77.54766],[-70.11816,77.5835],[-70.12637,77.63779],[-70.56191,77.71719],[-70.11445,77.84136],[-71.27163,77.81314],[-72.15855,77.95693],[-72.81807,78.19434],[-72.5813,78.2791],[-72.71479,78.36231],[-72.47251,78.48203],[-71.65132,78.62314],[-70.90576,78.63848],[-68.99346,78.85742],[-68.92393,78.88193],[-69.03052,78.94287],[-68.37705,79.03784],[-67.35454,79.12334],[-66.07534,79.11821],[-65.82554,79.17373],[-65.28779,79.4373],[-64.79229,80.00064],[-64.17915,80.09927],[-64.43994,80.14185],[-65.81045,80.02407],[-66.84365,80.07622],[-67.14131,80.16645],[-67.19316,80.28008],[-66.9959,80.41299],[-66.61006,80.52959],[-65.64521,80.68506],[-64.51553,81.0],[-63.72197,81.05732],[-63.05859,80.8856],[-63.23521,81.08335],[-63.2125,81.14311],[-62.99326,81.20698],[-61.43599,81.13359],[-61.16206,81.28149],[-61.1,81.39609],[-61.23569,81.69458],[-61.20293,81.74688],[-60.43237,81.92017],[-59.28193,81.88403],[-56.61514,81.36289],[-58.81675,81.92041],[-59.26802,81.98208],[-58.71738,82.09307],[-55.54868,82.24575],[-54.54888,82.35063],[-53.9873,82.27925],[-53.67134,82.16406],[-53.58203,82.06157],[-53.55566,81.65327],[-53.04121,81.871],[-52.92554,82.03838],[-53.10195,82.11894],[-53.11074,82.25122],[-53.02256,82.32173],[-52.77559,82.32173],[-50.89443,81.89521],[-49.54106,81.91807],[-50.71314,82.23735],[-50.98994,82.46016],[-50.03711,82.47241],[-48.86118,82.40542],[-44.72949,81.77983],[-44.53242,81.84893],[-44.63711,82.10444],[-44.54707,82.26006],[-44.23887,82.36816],[-44.32656,82.47173],[-45.55654,82.74702],[-42.65073,82.74146],[-41.87647,82.68032],[-41.35728,82.70498],[-41.36963,82.75],[-44.76196,82.88354],[-46.13682,82.85884],[-46.47817,82.9519],[-46.16904,83.06387],[-45.4146,83.01768],[-43.00928,83.2646],[-41.30015,83.10078],[-40.35684,83.33218],[-38.9311,83.17534],[-38.15625,82.99863],[-37.93477,83.16074],[-38.53955,83.25815],[-38.74956,83.37085],[-38.07109,83.41211],[-37.72334,83.49775],[-36.80449,83.46582],[-36.60649,83.53696],[-33.83735,83.52998],[-33.39834,83.57725]]],[[[-19.61055,82.07812],[-19.31455,82.12319],[-18.66475,81.84648],[-19.03145,81.8272],[-19.59448,81.99126],[-19.61055,82.07812]]],[[[-17.58603,74.99277],[-18.6708,75.00166],[-18.89131,75.07217],[-18.88247,75.19565],[-18.85606,75.31914],[-18.63555,75.38965],[-18.45034,75.32798],[-18.00054,75.40732],[-17.88589,75.20444],[-17.7624,75.14277],[-17.49785,75.15151],[-17.39199,75.03691],[-17.58603,74.99277]]],[[[-18.58262,76.04233],[-18.69727,76.01587],[-19.08535,76.43037],[-19.05889,76.69497],[-18.73262,76.64204],[-18.66201,76.40391],[-18.58262,76.04233]]],[[[-17.72949,77.7064],[-17.95371,77.64233],[-18.22002,77.66836],[-17.90371,77.8626],[-17.68145,77.85859],[-17.64136,77.78247],[-17.72949,77.7064]]],[[[-18.99717,77.97378],[-19.12949,77.93852],[-19.29702,78.18545],[-19.3147,78.34419],[-18.9354,78.42358],[-18.95303,78.21191],[-18.88247,78.11489],[-18.99717,77.97378]]],[[[-18.03584,79.71123],[-18.66201,79.72002],[-19.03242,79.77295],[-19.13828,79.85234],[-18.99717,79.94048],[-18.54736,80.01108],[-17.47139,80.02871],[-17.40083,79.94048],[-17.6125,79.82588],[-18.03584,79.71123]]],[[[-25.72681,71.04204],[-25.43232,70.92134],[-25.39365,70.83467],[-25.46777,70.77969],[-25.34634,70.69331],[-26.21787,70.45405],[-26.60469,70.55337],[-28.03525,70.48682],[-27.93955,70.61528],[-27.71421,70.71279],[-27.70894,70.89712],[-26.62178,70.87564],[-25.8189,71.04365],[-25.72681,71.04204]]],[[[-36.98691,65.57559],[-37.18682,65.53135],[-37.2229,65.69546],[-37.04751,65.72227],[-36.95308,65.66333],[-36.98691,65.57559]]],[[[-47.30752,82.5334],[-47.35122,82.59922],[-47.27227,82.65693],[-46.39917,82.69214],[-45.41138,82.57754],[-44.7499,82.40112],[-44.86455,82.08364],[-45.06743,82.06602],[-46.7519,82.34819],[-47.30752,82.5334]]],[[[-72.37441,77.35542],[-72.49492,77.38555],[-72.48955,77.43164],[-72.08906,77.46709],[-71.43345,77.39438],[-72.02353,77.31646],[-72.37441,77.35542]]],[[[-55.23467,72.8248],[-55.01689,72.79111],[-55.52363,72.56841],[-56.2148,72.71919],[-55.99356,72.78227],[-55.42793,72.78862],[-55.23467,72.8248]]],[[[-53.95781,71.12773],[-53.58447,71.29707],[-53.43213,71.15342],[-53.5352,71.04082],[-53.94116,71.1043],[-53.95781,71.12773]]],[[[-52.11939,70.87065],[-52.10674,70.96802],[-51.96982,70.97647],[-51.60693,70.86885],[-51.80869,70.85254],[-52.11939,70.87065]]],[[[-54.37163,70.31728],[-53.29673,70.20537],[-52.73115,69.94473],[-52.04531,69.80723],[-51.90019,69.60479],[-52.1126,69.48911],[-52.77046,69.36392],[-53.79316,69.26421],[-54.18272,69.40352],[-53.6583,69.46514],[-53.825,69.54033],[-54.73413,69.61055],[-54.91914,69.71362],[-54.78789,69.94985],[-54.32261,69.9419],[-54.77363,70.05254],[-54.83047,70.16108],[-54.70596,70.25615],[-54.37163,70.31728]]],[[[-51.20205,69.525],[-51.31489,69.67407],[-51.35029,69.85479],[-51.09458,69.92417],[-50.679,69.84853],[-50.91172,69.75669],[-51.01367,69.55249],[-51.17041,69.51714],[-51.20205,69.525]]],[[[-46.49634,60.68667],[-46.78999,60.77983],[-46.20522,60.94351],[-46.38154,60.6603],[-46.49634,60.68667]]]]}},{"type":"Feature","id":"Q40285","properties":{"id":"Q40285","regionType":"island"},"geometry":{"type":"MultiPolygon","coordinates":[[[[132.64958,-0.36508],[133.07715,-0.51182],[133.39137,-0.72198],[133.97451,-0.74434],[134.11152,-0.84678],[134.03602,-0.9566],[134.25957,-1.36299],[134.21699,-1.5291],[134.08693,-1.68157],[134.16456,-2.31927],[134.46376,-2.86089],[134.53248,-2.83294],[134.4833,-2.58301],[134.56689,-2.51045],[134.62744,-2.53672],[134.70106,-2.95745],[134.77223,-2.97637],[134.84336,-2.90918],[134.81837,-3.13506],[135.00196,-3.33502],[135.34059,-3.38848],[135.50514,-3.34686],[135.9264,-2.96465],[136.01639,-2.73204],[136.23671,-2.59503],[136.38994,-2.27334],[136.74903,-2.25079],[137.17836,-2.10503],[137.23341,-2.05975],[137.12344,-1.84092],[137.6166,-1.56582],[137.91113,-1.48379],[138.0746,-1.60906],[138.6498,-1.79111],[138.84254,-1.94842],[139.78053,-2.35345],[140.15459,-2.35],[140.33204,-2.45452],[140.62256,-2.4458],[140.72051,-2.50811],[140.72364,-2.63274],[141.18564,-2.62783],[141.98574,-2.96357],[142.06276,-3.05889],[142.94886,-3.33392],[143.50898,-3.43115],[144.02125,-3.80181],[144.23854,-3.86761],[144.27814,-3.81455],[144.47773,-3.82529],[144.55763,-3.9782],[144.84346,-4.10147],[145.05067,-4.34063],[145.33457,-4.38525],[145.76699,-4.82305],[145.75941,-5.47588],[146.40342,-5.6166],[147.11622,-5.96795],[147.42275,-5.96621],[147.80205,-6.31523],[147.85449,-6.55117],[147.81045,-6.70361],[146.97718,-6.73919],[146.95606,-6.95342],[147.10823,-7.1753],[147.18824,-7.46136],[147.3653,-7.53377],[147.72657,-7.93084],[147.92842,-7.97283],[148.12676,-8.10361],[148.22926,-8.5534],[148.45117,-8.69453],[148.58546,-9.0628],[148.75807,-9.10259],[149.19834,-9.03125],[149.26406,-9.18076],[149.18263,-9.36688],[149.22645,-9.48553],[149.44117,-9.58929],[150.01103,-9.68818],[149.73072,-9.80828],[149.85426,-10.01373],[150.62709,-10.27679],[150.84951,-10.23603],[150.63682,-10.33799],[150.39967,-10.299],[150.36134,-10.39849],[150.64717,-10.51797],[150.46539,-10.64041],[150.31992,-10.65488],[150.01916,-10.57797],[149.97177,-10.50745],[150.08143,-10.46002],[149.9546,-10.42523],[149.93304,-10.47152],[149.7483,-10.33709],[148.83769,-10.23398],[148.68922,-10.10369],[148.67025,-10.15994],[148.43057,-10.19141],[148.1548,-10.06951],[148.05137,-10.12832],[147.86744,-10.04217],[147.75681,-10.06335],[147.56162,-9.91897],[147.30995,-9.53777],[147.01719,-9.38789],[146.92539,-9.24717],[146.97511,-9.03228],[146.85625,-9.0877],[146.63086,-8.95117],[146.60621,-8.80084],[146.56568,-8.81707],[146.29648,-8.45557],[146.09962,-8.08209],[145.81094,-7.99277],[145.79115,-7.91082],[145.50922,-7.93605],[145.07447,-7.77496],[144.98118,-7.80391],[144.88535,-7.73359],[144.85206,-7.56817],[144.84032,-7.63443],[144.7213,-7.63213],[144.65345,-7.56011],[144.65671,-7.61334],[144.55035,-7.5773],[144.52223,-7.49493],[144.46171,-7.59201],[144.40699,-7.51287],[144.43125,-7.6794],[144.3108,-7.60919],[144.30652,-7.68993],[144.2693,-7.62957],[144.2284,-7.65691],[144.22539,-7.76494],[143.89824,-7.67383],[143.64613,-7.43719],[143.94228,-7.94424],[143.80372,-7.93133],[143.88799,-8.01768],[143.7793,-8.02822],[143.48878,-7.98785],[143.3639,-7.89532],[143.54219,-8.0291],[143.61377,-8.20039],[143.06836,-8.31168],[142.70021,-8.26031],[142.52412,-8.32168],[142.44756,-8.31621],[142.35987,-8.16583],[142.14588,-8.21624],[142.3251,-8.19834],[142.45204,-8.37213],[142.78749,-8.34458],[143.11182,-8.47451],[143.37725,-8.76221],[143.36621,-8.96104],[142.64717,-9.32783],[142.21046,-9.15777],[141.62158,-9.21133],[141.34559,-9.14031],[141.1332,-9.22129],[140.78652,-8.97373],[140.36329,-8.48956],[140.00293,-8.19551],[140.15162,-7.88348],[139.93477,-8.10117],[139.38565,-8.18906],[139.21876,-7.97845],[139.28773,-7.97222],[139.21705,-7.95025],[139.19297,-8.08613],[138.9335,-8.2624],[138.85615,-8.14512],[139.09291,-7.55877],[138.74795,-7.25146],[138.86484,-7.20137],[139.15699,-7.24188],[139.23988,-7.14984],[139.04902,-7.20059],[138.8457,-7.13633],[138.6002,-6.91074],[138.93141,-6.84136],[139.19203,-6.97173],[138.72666,-6.73115],[138.70325,-6.64458],[138.82887,-6.70477],[138.43867,-6.34336],[138.29629,-5.94902],[138.40382,-5.83453],[138.19961,-5.80703],[138.3628,-5.67755],[138.08711,-5.70918],[138.07081,-5.40887],[138.03414,-5.452],[137.92457,-5.32745],[137.84033,-5.35049],[137.80787,-5.25176],[137.30664,-5.01436],[137.27857,-4.93536],[137.1959,-4.99043],[137.10157,-4.88812],[137.02969,-4.92871],[136.96913,-4.86846],[136.62384,-4.82031],[135.95021,-4.50506],[135.19561,-4.45068],[134.7542,-4.19541],[134.67969,-4.0791],[134.70654,-3.95479],[134.96766,-3.9356],[134.67555,-3.90716],[134.54688,-3.9793],[134.33326,-3.86761],[134.35832,-3.91935],[134.26621,-3.9458],[134.12733,-3.74407],[134.12633,-3.79807],[133.97383,-3.81797],[133.83802,-3.58929],[133.79948,-3.6424],[133.67832,-3.47949],[133.69717,-3.24815],[133.84632,-3.08587],[133.92921,-3.11346],[133.86036,-2.92169],[133.66798,-3.1209],[133.65312,-3.36436],[133.59941,-3.41611],[133.51393,-3.37713],[133.54228,-3.51641],[133.4087,-3.72137],[133.40088,-3.89902],[133.24873,-4.06231],[132.96856,-4.09492],[132.87012,-4.00742],[132.75391,-3.70361],[132.93165,-3.55291],[132.84553,-3.46738],[132.81153,-3.28045],[132.73324,-3.27961],[132.32557,-2.94549],[132.05391,-2.91455],[131.99686,-2.83784],[132.0442,-2.80218],[131.97119,-2.78857],[132.23066,-2.68037],[132.57549,-2.72715],[132.72804,-2.81207],[133.03379,-2.4874],[133.19102,-2.43779],[133.38063,-2.5108],[133.38063,-2.67523],[133.43063,-2.51859],[133.45008,-2.64117],[133.47022,-2.52813],[133.51856,-2.58843],[133.60869,-2.54717],[133.68226,-2.71624],[133.72485,-2.51339],[133.81678,-2.64788],[133.81935,-2.47613],[133.75332,-2.45068],[133.84999,-2.42303],[133.90821,-2.47613],[133.8692,-2.41634],[134.00501,-2.38726],[133.90405,-2.37887],[133.96339,-2.32525],[133.90115,-2.33672],[133.94972,-2.20233],[133.92872,-2.273],[133.80838,-2.27176],[133.94972,-2.16814],[133.90713,-2.17422],[133.9402,-2.10638],[133.70419,-2.19017],[132.96279,-2.27256],[132.63106,-2.24668],[132.56031,-2.1845],[132.30762,-2.24228],[132.12217,-2.09238],[132.08101,-2.03478],[132.12684,-1.99688],[132.02344,-1.99033],[131.95629,-1.78534],[132.02369,-1.67474],[131.93569,-1.70309],[131.98207,-1.53753],[131.80515,-1.5527],[131.79103,-1.49664],[131.73145,-1.54121],[131.27699,-1.3731],[131.1792,-1.44834],[130.9959,-1.42471],[131.04619,-1.28408],[131.18141,-1.216],[131.25392,-1.07916],[131.25723,-0.85547],[131.87635,-0.68853],[132.12842,-0.4541],[132.4779,-0.34957],[132.64958,-0.36508]]],[[[147.10011,-9.44549],[147.10646,-9.45257],[147.10671,-9.45374],[147.10011,-9.44549]]],[[[140.05665,-7.99493],[140.1025,-7.94098],[140.05678,-7.9954],[140.05665,-7.99493]]],[[[139.16712,-7.19427],[139.15931,-7.20196],[139.14698,-7.20513],[139.16712,-7.19427]]]]}},{"type":"Feature","id":"Q36117","properties":{"id":"Q36117","regionType":"island"},"geometry":{"type":"Polygon","coordinates":[[[116.83302,6.90198],[116.7837,6.59278],[116.84535,6.59321],[116.97364,6.70923],[117.12852,6.9689],[117.25244,6.91924],[117.23023,6.81873],[117.29579,6.63752],[117.6457,6.47368],[117.69561,6.27231],[117.60011,6.19898],[117.64453,6.00185],[117.61719,5.94072],[117.46852,5.8697],[117.77418,5.90919],[118.00381,6.05332],[118.11582,5.8625],[117.92091,5.81019],[117.96022,5.68836],[118.1338,5.6908],[118.24912,5.82056],[118.35153,5.80646],[118.56309,5.68452],[118.56532,5.52711],[118.59991,5.59066],[118.92798,5.44461],[118.94813,5.38972],[118.97185,5.42541],[119.17842,5.43091],[119.25557,5.36592],[119.24971,5.19873],[119.13223,5.10049],[118.67207,4.96406],[118.35707,5.03998],[118.13636,4.88355],[118.27735,4.69636],[118.50477,4.50355],[118.5625,4.50215],[118.59512,4.46065],[118.54834,4.37925],[118.0082,4.25024],[117.87726,4.27179],[117.65589,4.42536],[117.60572,4.38319],[117.64466,4.29281],[117.56621,4.1623],[117.495,4.129],[117.37293,4.17091],[117.39564,4.1001],[117.55938,3.98833],[117.56547,3.9347],[117.5232,3.93073],[117.72822,3.79673],[117.70191,3.77985],[117.77725,3.68926],[117.62988,3.63633],[117.46852,3.79352],[117.50097,3.69215],[117.4521,3.62994],[117.09034,3.64704],[117.03028,3.59553],[117.16641,3.59199],[117.34629,3.42661],[117.38467,3.36538],[117.32192,3.24364],[117.26991,3.23554],[117.61065,3.06435],[117.56483,2.98475],[117.63789,2.95083],[117.54371,2.92335],[117.69766,2.88731],[117.61939,2.82673],[117.78594,2.74678],[117.81617,2.62269],[118.0666,2.31782],[118.0416,2.21543],[117.95533,2.18342],[117.89738,2.09576],[117.82606,2.10773],[117.88106,2.06065],[117.74977,2.03266],[117.86465,1.96841],[117.85719,1.89887],[117.92384,1.82038],[118.45606,1.39576],[118.63896,1.31899],[118.85682,1.05939],[118.96348,1.04429],[118.98496,0.98213],[118.89238,0.88687],[118.54542,0.81476],[118.19377,0.87563],[118.09551,0.92915],[117.98939,1.07984],[117.89381,1.11469],[117.97734,0.96382],[117.96426,0.88955],[117.74293,0.74171],[117.46974,0.10999],[117.4954,0.03587],[117.43385,-0.26263],[117.48701,-0.38841],[117.44129,-0.52398],[117.51964,-0.47588],[117.55116,-0.68853],[117.4828,-0.69842],[117.57322,-0.72566],[117.5625,-0.7709],[117.33118,-0.88023],[117.28126,-0.80792],[117.25013,-0.90801],[117.07022,-1.11269],[116.91397,-1.22363],[116.79707,-1.18379],[116.74305,-1.02361],[116.7151,-1.12359],[116.75342,-1.32734],[116.56739,-1.44537],[116.47793,-1.63281],[116.22218,-1.78851],[116.42432,-1.78486],[116.42354,-2.05254],[116.28309,-2.16814],[116.52813,-2.20791],[116.54922,-2.41084],[116.5293,-2.51055],[116.30397,-2.52447],[116.29676,-2.60699],[116.37549,-2.57803],[116.37415,-2.62327],[116.35322,-2.83271],[116.28887,-2.95879],[116.21756,-2.97109],[116.13746,-2.8222],[116.10548,-2.99676],[116.16127,-3.00225],[116.25723,-3.12637],[116.167,-3.15508],[115.95615,-3.59502],[114.69356,-4.16973],[114.62529,-4.11172],[114.55006,-3.34686],[114.446,-3.48184],[114.34434,-3.44443],[114.30166,-3.36475],[114.36451,-3.21038],[114.23633,-3.36113],[114.12764,-3.32725],[114.11744,-3.18926],[114.09388,-3.27996],[113.96507,-3.38846],[113.70508,-3.45527],[113.63359,-3.41992],[113.61134,-3.17303],[113.4861,-3.17352],[113.34855,-3.24136],[113.3025,-3.16131],[113.34316,-3.24648],[113.03504,-2.92169],[113.00638,-3.04551],[112.94081,-3.10516],[112.97148,-3.18711],[112.75801,-3.32217],[112.60029,-3.40049],[112.30262,-3.3128],[112.20277,-3.3283],[111.95488,-3.52969],[111.8581,-3.55186],[111.82207,-3.53252],[111.83241,-3.06048],[111.73341,-2.80218],[111.75392,-2.73736],[111.62549,-2.97549],[111.32398,-2.92474],[110.93008,-3.07109],[110.82969,-2.99512],[110.95582,-2.87786],[110.70312,-3.0209],[110.54933,-2.86639],[110.30254,-2.98535],[110.25606,-2.96611],[110.19541,-2.55706],[110.28041,-2.51702],[110.22096,-2.53167],[110.17414,-2.46026],[110.09242,-1.94842],[109.95986,-1.86279],[110.06837,-1.43133],[110.04396,-1.30364],[109.98155,-1.27118],[109.93434,-1.1115],[109.74037,-0.96649],[109.76344,-0.86968],[109.70436,-0.9586],[109.48854,-0.8504],[109.28887,-0.8458],[109.26178,-0.78897],[109.30491,-0.68885],[109.50636,-0.71514],[109.35487,-0.61895],[109.42384,-0.61273],[109.25703,-0.57744],[109.13027,-0.44541],[109.14319,-0.20388],[109.22462,-0.23602],[109.19463,-0.00942],[109.3003,0.01166],[108.94453,0.35566],[108.90586,0.79395],[108.98072,0.95722],[108.95859,1.13462],[109.26612,1.39576],[109.13722,1.26343],[109.01025,1.23965],[109.07588,1.4959],[109.27198,1.69501],[109.37852,1.92271],[109.62891,2.02754],[109.69276,1.87434],[109.9275,1.69343],[110.29054,1.67512],[110.34922,1.71973],[110.48836,1.65093],[110.46534,1.62171],[110.73483,1.53287],[110.67762,1.44977],[110.74342,1.46357],[110.77076,1.52372],[110.89492,1.53247],[111.14186,1.37275],[111.38331,1.35486],[111.12344,1.44902],[111.02871,1.55781],[111.11486,1.68992],[111.17933,1.62824],[111.26735,1.62855],[111.12767,1.70582],[111.26512,2.12639],[111.33619,2.11329],[111.37782,2.16297],[111.32887,2.12989],[111.20889,2.19766],[111.24,2.2176],[111.20254,2.24487],[111.20859,2.37964],[111.24327,2.435],[111.36537,2.34199],[111.49317,2.3473],[111.44276,2.48145],[111.52113,2.49195],[111.44095,2.52307],[111.44326,2.63433],[111.5125,2.74302],[111.72773,2.85381],[112.01344,2.88709],[113.0077,3.16291],[113.44609,3.74058],[113.73658,4.00245],[113.94654,4.27497],[114.0125,4.57524],[114.32643,4.6081],[114.52906,4.69501],[114.74082,4.88101],[114.99541,5.02236],[115.04766,5.01636],[114.98146,4.89027],[115.01564,4.91755],[115.04786,4.80305],[115.13014,4.85322],[115.11701,4.89975],[115.37013,4.91212],[115.55677,5.06843],[115.60499,5.21332],[115.46689,5.2541],[115.41904,5.41318],[115.60391,5.60342],[115.60475,5.52088],[115.61778,5.5667],[115.76222,5.5243],[115.8484,5.56116],[115.91846,5.72495],[116.05079,5.84345],[116.13838,6.12954],[116.24421,6.24601],[116.29139,6.23377],[116.27065,6.2751],[116.50306,6.49634],[116.7498,6.9771],[116.83301,6.95205],[116.84027,6.89786],[116.83302,6.90198]]]}},{"type":"Feature","id":"Q7463928","properties":{"id":"Q7463928","regionType":"island"},"geometry":{"type":"MultiPolygon","coordinates":[[[[50.17359,-14.445],[50.23535,-14.73203],[50.44131,-15.14932],[50.47642,-15.34972],[50.20887,-15.94427],[49.89258,-15.45772],[49.76796,-15.43279],[49.64442,-15.52093],[49.71279,-16.07676],[49.82081,-16.23389],[49.82736,-16.53568],[49.73398,-16.70303],[49.76719,-16.81514],[49.57386,-16.84393],[49.44932,-17.24063],[49.48573,-17.70819],[49.40561,-18.1736],[47.8982,-22.47076],[47.55801,-23.87461],[47.37256,-24.21846],[47.1665,-24.80181],[47.03646,-24.97698],[46.71111,-25.15326],[46.39894,-25.13421],[45.62281,-25.50457],[45.27616,-25.5688],[45.11523,-25.54307],[44.84669,-25.34588],[44.3459,-25.22607],[44.25615,-25.11689],[44.03535,-24.9957],[43.91188,-24.58733],[43.6875,-24.35791],[43.65041,-23.71609],[43.73548,-23.47613],[43.57667,-23.07049],[43.35752,-22.79082],[43.25713,-22.27637],[43.3547,-21.76725],[43.43779,-21.64668],[43.52018,-21.34191],[43.78834,-21.23602],[43.97492,-20.77785],[44.47633,-19.9483],[44.41242,-19.85247],[44.44883,-19.42871],[44.23877,-19.0752],[44.24696,-18.76653],[44.04745,-18.31166],[44.01759,-17.76116],[43.94356,-17.58144],[43.97333,-17.42371],[44.42139,-16.70264],[44.42394,-16.33098],[44.46628,-16.22506],[44.67531,-16.19413],[44.82899,-16.22649],[45.23181,-15.95267],[45.34219,-16.03672],[45.59824,-15.99258],[45.7002,-15.81377],[46.15752,-15.73828],[46.31406,-15.90459],[46.39961,-15.92461],[46.4416,-15.8959],[46.32617,-15.7667],[46.38516,-15.6001],[46.88203,-15.22959],[46.99326,-15.24316],[47.02744,-15.45225],[47.09922,-15.43418],[47.13516,-15.30156],[47.09258,-15.1501],[47.28047,-14.94268],[47.37132,-14.75215],[47.46475,-14.71328],[47.49639,-14.81836],[47.4292,-14.9957],[47.47832,-15.00938],[47.77402,-14.63672],[47.96416,-14.67256],[47.81152,-14.54482],[47.77334,-14.36992],[47.99551,-13.96045],[47.90137,-13.8582],[47.896,-13.73066],[48.03984,-13.59629],[48.25527,-13.71934],[48.40508,-13.53799],[48.81544,-13.26324],[48.93885,-12.89275],[48.78633,-12.4709],[48.93174,-12.43906],[49.20703,-12.07959],[49.31211,-12.12393],[49.48253,-12.35236],[49.60914,-12.64581],[49.9375,-13.07227],[50.13194,-13.84735],[50.17359,-14.445]]],[[[48.33738,-13.27344],[48.34356,-13.40039],[48.21191,-13.38525],[48.19121,-13.25996],[48.25173,-13.25629],[48.33738,-13.27344]]]]}},{"type":"Feature","id":"Q3492","properties":{"id":"Q3492","regionType":"island"},"geometry":{"type":"Polygon","coordinates":[[[95.51112,5.60419],[95.73731,5.5793],[96.05482,5.31483],[96.36207,5.22663],[96.6504,5.21748],[96.84268,5.27446],[97.14651,5.21681],[97.19508,5.15784],[97.44631,5.2355],[97.54717,5.20586],[97.9084,4.87998],[98.00685,4.63502],[97.99671,4.54761],[98.12004,4.53895],[98.24844,4.41455],[98.27334,4.32231],[98.17872,4.10944],[98.25581,4.17208],[98.30543,4.08149],[98.65985,3.92636],[98.71046,3.80494],[98.80909,3.72895],[99.15117,3.58125],[99.55787,3.24573],[99.73232,3.18306],[99.99474,2.84579],[99.95338,2.69739],[100.00782,2.60377],[99.97389,2.70423],[100.0547,2.72852],[100.10963,2.54688],[100.11966,2.65811],[100.50709,2.20032],[100.68525,2.12007],[100.8819,1.9517],[100.92298,1.83619],[100.94801,1.88392],[100.81777,2.19424],[100.82822,2.24258],[100.93594,2.29473],[101.04619,2.25747],[101.22519,2.10225],[101.42689,1.71052],[101.78477,1.62139],[102.02408,1.43765],[102.16571,1.23449],[102.20826,1.02527],[102.42494,0.80543],[102.55177,0.73926],[102.84941,0.71548],[103.03184,0.57891],[103.0665,0.49199],[103.00752,0.41533],[102.55,0.21646],[102.61265,0.2241],[102.5818,0.18232],[102.43019,0.2475],[102.57765,0.15967],[102.69532,0.23328],[102.9026,0.26893],[103.33897,0.51372],[103.47891,0.48018],[103.60621,0.31208],[103.62393,0.33982],[103.67266,0.28892],[103.78672,0.04697],[103.64701,-0.04456],[103.56849,-0.01739],[103.57944,-0.07641],[103.42157,-0.21179],[103.2704,-0.25652],[103.41257,-0.2377],[103.44443,-0.27168],[103.41148,-0.34768],[103.34535,-0.36566],[103.42525,-0.37463],[103.50918,-0.46553],[103.41773,-0.51653],[103.37281,-0.4483],[103.41603,-0.57415],[103.34535,-0.69464],[103.46302,-0.75652],[103.44093,-0.81133],[103.52699,-0.81475],[103.82862,-1.0722],[103.94351,-0.98031],[104.21217,-1.07208],[104.36055,-1.03838],[104.38125,-1.07422],[104.51856,-1.69873],[104.49684,-1.93487],[104.53482,-1.85605],[104.6252,-1.9561],[104.58876,-2.01824],[104.6513,-1.97196],[104.66371,-2.03021],[104.72811,-2.0114],[104.84521,-2.09297],[104.82607,-2.23418],[104.60609,-2.40093],[104.68611,-2.37028],[104.63057,-2.54336],[104.66308,-2.59597],[104.56935,-2.65521],[104.53102,-2.77154],[104.91699,-2.39219],[105.02588,-2.35752],[105.39697,-2.38018],[105.58203,-2.49199],[105.63832,-2.62957],[105.79391,-2.75647],[105.80946,-2.89776],[105.94208,-2.95241],[106.04434,-3.10625],[106.0584,-3.21719],[105.90004,-3.40594],[105.81947,-3.67144],[105.93047,-3.83301],[105.81263,-4.2376],[105.88652,-4.55391],[105.8866,-4.99304],[105.81611,-5.67656],[105.74834,-5.81826],[105.61856,-5.79961],[105.56849,-5.67913],[105.43468,-5.61017],[105.27955,-5.44305],[105.23866,-5.56768],[105.17982,-5.5794],[105.19569,-5.66414],[105.08135,-5.74551],[104.60609,-5.47772],[104.52833,-5.53924],[104.68398,-5.89268],[104.60156,-5.90459],[104.0668,-5.38594],[103.89088,-5.10308],[103.72562,-5.00629],[103.7173,-4.96063],[103.66286,-4.96904],[103.33213,-4.76523],[102.53769,-4.15215],[102.30953,-3.86937],[102.22193,-3.64166],[101.57861,-3.16699],[101.32691,-2.73797],[101.11856,-2.58779],[100.88955,-2.24853],[100.84805,-2.14394],[100.8871,-2.03594],[100.85731,-1.89068],[100.57032,-1.44134],[100.5691,-1.32964],[100.47805,-1.28102],[100.30128,-0.81512],[99.86006,-0.31377],[99.74708,-0.02862],[99.61073,0.0998],[99.28978,0.2356],[99.15918,0.35176],[98.76912,1.55486],[98.8235,1.66785],[98.77381,1.74976],[98.72682,1.79304],[98.69056,1.73749],[98.53492,1.93769],[97.95582,2.27296],[97.79502,2.28286],[97.70078,2.35854],[97.60255,2.86744],[97.39131,2.97529],[97.27052,3.21564],[96.88343,3.68366],[96.44473,3.81631],[96.19764,4.1225],[95.98799,4.26328],[95.57861,4.66196],[95.20833,5.29151],[95.25331,5.41273],[95.22783,5.5648],[95.39609,5.62881],[95.50245,5.60627],[95.51112,5.60419]]]}},{"type":"Feature","id":"Q13989","properties":{"id":"Q13989","regionType":"island"},"geometry":{"type":"Polygon","coordinates":[[[132.96083,35.50068],[133.26719,35.55654],[133.27931,35.47431],[133.38063,35.44556],[133.61543,35.51143],[134.09034,35.51411],[134.4695,35.62904],[134.91615,35.63856],[135.17432,35.74707],[135.26543,35.72178],[135.19837,35.53199],[135.24236,35.58004],[135.32533,35.51008],[135.31886,35.44819],[135.40223,35.4834],[135.34981,35.52489],[135.72486,35.48029],[135.7527,35.51325],[135.72046,35.51937],[135.81239,35.52143],[135.81258,35.55883],[135.9861,35.62177],[136.04314,35.71149],[136.07435,35.65217],[136.09938,35.7768],[136.02227,35.87412],[136.00625,35.99058],[136.15625,36.22334],[136.38844,36.37336],[136.69777,36.7284],[136.7732,36.88862],[136.71924,37.19839],[136.84346,37.38213],[137.32266,37.52207],[137.3375,37.43745],[137.26673,37.42676],[137.25212,37.36641],[137.0458,37.21973],[136.93031,37.22285],[136.86195,37.09095],[136.99443,37.02676],[137.03321,36.80945],[137.1985,36.75348],[137.34169,36.76197],[137.51406,36.95156],[138.33814,37.23005],[138.57789,37.40406],[138.88506,37.84394],[139.23524,38.00129],[139.40797,38.13312],[139.5136,38.48575],[139.77308,38.81684],[139.91231,39.22856],[140.05482,39.47639],[140.02748,39.82575],[139.92128,39.89966],[139.81035,39.87773],[139.7415,39.92085],[139.90309,40.00532],[140.02125,40.20563],[140.02125,40.33564],[139.92351,40.5588],[139.9667,40.67275],[140.0293,40.73315],[140.25795,40.79682],[140.34306,41.004],[140.38221,40.98951],[140.31899,41.14032],[140.38594,41.22978],[140.45851,41.18751],[140.62764,41.19541],[140.67286,40.8968],[140.72706,40.83246],[140.81984,40.83955],[140.87617,40.92954],[140.93604,40.94077],[141.16688,40.8747],[141.27064,41.1858],[141.16578,41.27131],[141.11504,41.2085],[140.80059,41.13882],[140.85645,41.41616],[140.93691,41.50557],[141.27564,41.34577],[141.45547,41.40474],[141.39796,41.14777],[141.42567,40.732],[141.48268,40.55909],[141.64629,40.47363],[141.79707,40.29116],[141.8423,40.07154],[141.99082,39.79224],[141.97695,39.42881],[141.90516,39.33167],[141.94563,39.33129],[141.87843,39.20881],[141.90519,39.16579],[141.84364,39.15351],[141.90078,39.11133],[141.8169,39.09211],[141.79136,39.02893],[141.72755,39.03748],[141.742,38.99957],[141.63819,38.98664],[141.63348,38.89148],[141.52149,38.76929],[141.53306,38.70001],[141.4629,38.66254],[141.52047,38.64021],[141.46693,38.57068],[141.51171,38.53721],[141.46748,38.40415],[141.09767,38.37269],[140.96669,38.1717],[140.91969,37.96632],[141.03633,37.46724],[141.00202,37.11831],[140.96836,37.00205],[140.80421,36.88721],[140.74159,36.76966],[140.56251,36.26118],[140.61488,36.05866],[140.87402,35.72495],[140.62806,35.65711],[140.5027,35.56086],[140.40235,35.4148],[140.4165,35.26699],[140.35469,35.18144],[140.1327,35.10609],[139.92383,34.90375],[139.84394,34.91489],[139.79922,34.95693],[139.86988,35.0005],[139.83601,35.1187],[139.87745,35.22309],[139.82647,35.29668],[140.11939,35.5503],[140.04176,35.65217],[139.83477,35.65806],[139.76844,35.62482],[139.76895,35.49971],[139.65162,35.46577],[139.65565,35.29511],[139.74346,35.25103],[139.675,35.14927],[139.63594,35.14214],[139.54835,35.28913],[139.32948,35.30286],[139.20265,35.25922],[139.08912,35.05573],[139.12197,34.95649],[139.08604,34.83916],[138.89668,34.62842],[138.8375,34.61924],[138.76103,34.69922],[138.80273,34.97481],[138.90748,35.03187],[138.71461,35.12678],[138.57081,35.0965],[138.50957,34.98716],[138.33631,34.87531],[138.18906,34.59634],[137.59498,34.67835],[137.06172,34.58281],[137.3473,34.7212],[137.2798,34.80933],[137.03223,34.76592],[136.97877,34.92542],[136.92591,34.83094],[136.94414,34.72153],[136.87129,34.73311],[136.85302,34.9769],[136.89967,35.04047],[136.89552,35.08362],[136.84693,35.08027],[136.65895,34.98517],[136.51942,34.68207],[136.55091,34.60322],[136.88027,34.43359],[136.85371,34.32407],[136.72572,34.29224],[136.72328,34.33246],[136.67604,34.32764],[136.33644,34.18519],[136.21827,34.07624],[136.24713,34.06124],[135.91621,33.56172],[135.69531,33.48696],[135.45283,33.55337],[135.36629,33.68364],[135.40211,33.70234],[135.25664,33.80625],[135.13317,33.99496],[135.13302,34.12743],[135.18983,34.15076],[135.1001,34.28838],[135.27552,34.38044],[135.45301,34.55445],[135.41285,34.69331],[135.33009,34.71802],[135.0417,34.63101],[134.74415,34.76777],[134.49098,34.78821],[134.35482,34.72301],[134.20851,34.72919],[134.23288,34.70799],[134.06732,34.58866],[133.93653,34.58845],[133.94239,34.55634],[134.0457,34.57527],[133.87637,34.49463],[133.69984,34.52717],[133.47548,34.43048],[133.50099,34.49341],[133.307,34.37594],[133.24708,34.42774],[133.14238,34.30244],[133.072,34.31792],[133.16822,34.35627],[133.09315,34.391],[133.05897,34.3335],[132.65654,34.24609],[132.50455,34.30459],[132.53077,34.33637],[132.49671,34.36371],[132.38331,34.36683],[132.22242,34.24018],[132.14648,33.83877],[131.74122,34.05738],[131.40218,34.00103],[131.38966,34.0409],[131.34095,33.9734],[131.23262,33.948],[131.07154,34.03473],[130.91885,33.97573],[130.88944,34.26229],[131.0042,34.39258],[131.20875,34.37049],[131.4142,34.42512],[131.60801,34.61548],[131.85304,34.70631],[132.07672,34.90852],[132.6338,35.28168],[132.69766,35.41831],[132.89303,35.50072],[132.96083,35.50068]]]}},{"type":"Feature","id":"Q23666","properties":{"id":"Q23666","regionType":"island"},"geometry":{"type":"MultiPolygon","coordinates":[[[[-3.08471,58.55311],[-3.12938,58.5138],[-3.11289,58.40889],[-3.21235,58.32124],[-4.00427,57.9375],[-4.08458,57.96534],[-4.00984,57.92908],[-4.03088,57.8704],[-4.29906,57.86396],[-4.39251,57.90949],[-4.30785,57.85261],[-3.85713,57.81856],[-4.02753,57.7064],[-4.04308,57.73847],[-4.29497,57.6814],[-4.42858,57.57868],[-4.20202,57.67615],[-4.08573,57.66412],[-4.17827,57.55079],[-4.26275,57.55323],[-4.20812,57.53956],[-4.24913,57.4986],[-4.19494,57.49274],[-4.03515,57.55805],[-4.06765,57.57934],[-3.40278,57.70825],[-3.03509,57.66974],[-2.07407,57.70239],[-1.86738,57.61235],[-1.78066,57.47402],[-1.98052,57.32044],[-2.26025,56.86333],[-2.59268,56.56157],[-3.32372,56.36713],[-2.88516,56.39751],[-2.65273,56.31826],[-2.67427,56.25342],[-2.76758,56.20215],[-2.96447,56.20679],[-3.36226,56.02764],[-3.83764,56.10761],[-3.65636,56.01142],[-3.07836,55.948],[-2.83686,56.02627],[-2.59932,56.0273],[-2.14707,55.90298],[-1.81664,55.63404],[-1.65537,55.57036],[-1.51806,55.15827],[-1.27556,54.74964],[-1.16491,54.654],[-1.20385,54.62696],[-1.13823,54.64777],[-0.67139,54.50391],[-0.36296,54.24372],[-0.08438,54.11807],[-0.21959,54.02399],[0.10511,53.6223],[-0.07373,53.64365],[-0.26061,53.73664],[-0.72667,53.70185],[-0.2937,53.69233],[0.12832,53.46826],[0.271,53.3355],[0.35576,53.15996],[0.01002,52.88764],[0.38429,52.7696],[0.55879,52.96694],[1.05557,52.95898],[1.38213,52.89351],[1.65674,52.75371],[1.71611,52.67725],[1.74658,52.46899],[1.59141,52.11977],[1.3168,51.95693],[1.15772,52.02973],[1.27503,51.97816],[1.06898,51.9546],[1.25924,51.91701],[1.19935,51.87891],[1.27441,51.84536],[1.18848,51.80337],[1.02664,51.79686],[0.97962,51.84473],[0.6985,51.72126],[0.89805,51.6894],[0.92744,51.64663],[0.89092,51.57144],[0.45582,51.50678],[0.38429,51.45429],[0.60029,51.46797],[0.62382,51.43504],[0.57643,51.39478],[0.76429,51.36555],[1.37344,51.37471],[1.41494,51.36328],[1.37745,51.3274],[1.39756,51.18203],[1.02735,51.04279],[0.96016,50.92588],[0.76234,50.93207],[0.20508,50.76304],[-0.20629,50.83222],[-0.87139,50.7728],[-0.90834,50.78505],[-0.86388,50.80939],[-0.93938,50.84443],[-1.28506,50.85732],[-1.4666,50.91932],[-1.33447,50.8208],[-1.60083,50.73286],[-2.03917,50.74116],[-2.08288,50.70014],[-2.03576,50.71448],[-1.96206,50.62778],[-2.03584,50.60308],[-2.37719,50.64869],[-2.52814,50.61338],[-2.86498,50.73493],[-3.41173,50.62496],[-3.46459,50.67969],[-3.43352,50.6114],[-3.57787,50.33521],[-3.67978,50.23994],[-3.79336,50.22925],[-4.10342,50.34853],[-4.18389,50.40223],[-4.15972,50.46058],[-4.20067,50.46058],[-4.22863,50.39851],[-4.29009,50.39851],[-4.21729,50.37817],[-4.69451,50.34461],[-5.01439,50.15746],[-5.05321,50.19697],[-5.11851,50.03833],[-5.22524,50.02139],[-5.47497,50.1316],[-5.62212,50.05068],[-5.65625,50.13188],[-5.57065,50.19697],[-5.41759,50.20368],[-5.15001,50.35133],[-4.9564,50.52314],[-4.84496,50.5152],[-4.88987,50.53922],[-4.86128,50.58203],[-4.55022,50.81074],[-4.5231,50.97744],[-4.30248,51.00867],[-4.20812,51.07758],[-4.23064,51.12526],[-4.18818,51.18852],[-3.84233,51.23091],[-3.02202,51.19367],[-3.00795,51.28189],[-2.88125,51.40566],[-2.38097,51.76313],[-2.73615,51.58447],[-2.97484,51.56415],[-3.29311,51.39043],[-3.56235,51.41382],[-3.84179,51.62275],[-4.23457,51.56909],[-4.07073,51.67719],[-4.32764,51.70024],[-4.36522,51.79029],[-4.90229,51.62627],[-5.05637,51.68139],[-4.84496,51.71503],[-4.8792,51.76319],[-4.82445,51.79694],[-4.9337,51.7765],[-4.91076,51.71937],[-5.16836,51.74072],[-5.11046,51.77967],[-5.11766,51.84492],[-5.2623,51.88018],[-5.18474,51.94844],[-4.9887,52.01769],[-4.8416,52.01606],[-4.75691,52.08362],[-4.31597,52.21748],[-4.13927,52.33137],[-3.9475,52.55048],[-4.04844,52.55762],[-4.07891,52.60786],[-3.98839,52.73542],[-4.04859,52.72283],[-4.11753,52.82002],[-4.07781,52.9278],[-4.40679,52.89374],[-4.68306,52.80615],[-4.63833,52.89111],[-4.35839,53.02961],[-4.26856,53.14453],[-3.80928,53.30269],[-3.60241,53.29011],[-3.40608,53.34206],[-3.32617,53.34717],[-3.08794,53.23591],[-3.16558,53.39468],[-3.06475,53.42686],[-2.88164,53.28956],[-2.69982,53.35303],[-2.91309,53.35024],[-3.0646,53.51284],[-3.05947,53.58623],[-2.8991,53.73664],[-3.03179,53.77358],[-3.02676,53.90591],[-2.83471,54.00104],[-2.8801,54.00454],[-2.79607,54.12641],[-2.85442,54.19532],[-2.79607,54.24994],[-2.91456,54.17473],[-3.00421,54.16752],[-3.04931,54.22327],[-3.09772,54.13221],[-3.16597,54.12793],[-3.24032,54.17629],[-3.20757,54.26417],[-3.2762,54.19962],[-3.56939,54.46758],[-3.59186,54.56358],[-3.43672,54.79202],[-3.26736,54.90671],[-3.02202,54.95563],[-3.09087,54.96201],[-3.04638,54.98334],[-3.57073,54.99659],[-3.57065,54.93719],[-3.81249,54.85639],[-3.81713,54.88734],[-3.95791,54.78096],[-4.05368,54.78603],[-4.0642,54.83271],[-4.13296,54.77925],[-4.20067,54.8675],[-4.27557,54.84189],[-4.40307,54.90852],[-4.41735,54.84711],[-4.35344,54.81291],[-4.51748,54.75835],[-4.85924,54.8675],[-4.95385,54.81116],[-4.91123,54.68945],[-4.98833,54.73652],[-5.1355,54.85752],[-5.1727,54.98589],[-5.1167,55.01226],[-5.04766,54.92151],[-4.99578,54.92151],[-5.04321,55.01063],[-4.96519,55.14946],[-4.61791,55.49683],[-4.69292,55.60639],[-4.89185,55.69912],[-4.87168,55.87393],[-4.80684,55.94014],[-4.48186,55.92951],[-4.79943,56.03217],[-4.84102,56.08086],[-4.75573,56.20771],[-4.85708,56.11369],[-4.9207,56.16907],[-4.88634,56.08155],[-4.9271,56.02808],[-5.09688,55.9795],[-5.12377,56.01111],[-5.11499,55.94463],[-5.18078,55.9704],[-5.23408,55.90078],[-5.22295,56.06582],[-4.9207,56.27894],[-5.04973,56.23829],[-5.39703,56.00723],[-5.44457,56.02882],[-5.38584,55.77012],[-5.49029,55.64582],[-5.46145,55.60149],[-5.58483,55.4286],[-5.55645,55.3896],[-5.61846,55.33145],[-5.73066,55.33413],[-5.76787,55.39497],[-5.68135,55.62398],[-5.45507,55.84693],[-5.57388,55.7917],[-5.62285,55.81314],[-5.61778,55.90556],[-5.57122,55.93574],[-5.61735,55.91344],[-5.57122,56.03876],[-5.60957,56.05527],[-5.53173,56.08747],[-5.55849,56.13025],[-5.48789,56.35005],[-5.42039,56.45134],[-5.20885,56.44806],[-5.06469,56.56635],[-5.20128,56.46326],[-5.3944,56.46662],[-5.38243,56.52105],[-5.24218,56.56635],[-5.36462,56.53277],[-5.25493,56.67488],[-4.99578,56.71717],[-5.22231,56.71349],[-5.11992,56.81959],[-5.65244,56.53198],[-5.86484,56.56186],[-5.9556,56.65506],[-5.83928,56.62775],[-5.86602,56.66254],[-5.76018,56.70191],[-5.54387,56.69666],[-6.13369,56.70669],[-6.03472,56.76392],[-5.85241,56.74818],[-5.88646,56.77875],[-5.75676,56.78608],[-5.82659,56.80514],[-5.66057,56.87415],[-5.73621,56.8552],[-5.77619,56.87036],[-5.73565,56.89527],[-5.85039,56.91841],[-5.69813,56.99793],[-5.52343,56.99836],[-5.68515,57.01062],[-5.58913,57.112],[-5.4005,57.10761],[-5.58407,57.13445],[-5.56191,57.23271],[-5.59513,57.26205],[-5.40734,57.23109],[-5.50213,57.27888],[-5.44085,57.32044],[-5.5996,57.28046],[-5.68184,57.34231],[-5.50145,57.37214],[-5.44823,57.42286],[-5.56359,57.36433],[-5.64013,57.37507],[-5.6242,57.41755],[-5.72468,57.35614],[-5.81807,57.43608],[-5.68862,57.52354],[-5.51287,57.54267],[-5.67876,57.57168],[-5.74238,57.64365],[-5.72807,57.70521],[-5.67418,57.71082],[-5.71543,57.73288],[-5.6706,57.8156],[-5.58483,57.78596],[-5.60835,57.88135],[-5.22173,57.84803],[-5.32309,57.90027],[-5.28979,57.90459],[-5.07091,57.83442],[-5.41318,58.06973],[-5.30095,58.07136],[-5.29741,58.13605],[-5.24218,58.14905],[-5.33159,58.18323],[-5.33828,58.23872],[-4.9337,58.22419],[-4.98217,58.25208],[-4.92687,58.26582],[-5.01399,58.27127],[-5.08061,58.34517],[-5.08554,58.39852],[-5.01629,58.38929],[-5.07767,58.44639],[-4.99578,58.43769],[-5.07657,58.47512],[-5.01675,58.56655],[-4.81306,58.57336],[-4.81829,58.52582],[-4.76577,58.5542],[-4.70674,58.51084],[-4.7611,58.44916],[-4.4919,58.56846],[-4.43895,58.51825],[-4.49547,58.45075],[-4.39083,58.52054],[-4.20829,58.55366],[-3.36419,58.602],[-3.37803,58.62976],[-3.25913,58.65],[-3.05308,58.63481],[-3.07846,58.55889],[-3.08471,58.55311]]],[[[-3.28032,56.35908],[-3.30468,56.3636],[-3.25642,56.36471],[-3.28032,56.35908]]],[[[-2.4652,51.72706],[-2.46398,51.72748],[-2.46542,51.72687],[-2.4652,51.72706]]],[[[-4.83764,56.05183],[-4.82743,56.04311],[-4.84409,56.05117],[-4.83764,56.05183]]],[[[-5.04357,56.21748],[-5.00024,56.23201],[-5.05153,56.21093],[-5.04357,56.21748]]]]}},{"type":"Feature","id":"Q3812","properties":{"id":"Q3812","regionType":"island"},"geometry":{"type":"MultiPolygon","coordinates":[[[[125.08155,1.67554],[125.16484,1.64365],[125.23379,1.50229],[125.11525,1.38636],[124.9668,1.08262],[124.66371,0.80677],[124.42754,0.4706],[124.2168,0.38037],[123.58377,0.29888],[123.26543,0.32661],[123.07398,0.51746],[122.6933,0.48429],[122.64942,0.52497],[122.6535,0.48398],[122.03761,0.48328],[121.84199,0.43657],[121.60182,0.55292],[121.5126,0.49831],[121.02027,0.44264],[120.67945,0.53181],[120.50257,0.53004],[120.37501,0.47883],[120.15797,0.22895],[119.99537,-0.20806],[120.07301,-0.61273],[120.2555,-0.89813],[120.51758,-1.03945],[120.67567,-1.39361],[120.79697,-1.36367],[121.10536,-1.4046],[121.29082,-1.10194],[121.58574,-0.83062],[121.71412,-0.93426],[122.10523,-0.92498],[122.1749,-0.79375],[122.26736,-0.76144],[122.91236,-0.76165],[122.95997,-0.72942],[122.82949,-0.65889],[123.17148,-0.5707],[123.37969,-0.64853],[123.43418,-0.77822],[123.37793,-1.0041],[123.29961,-1.02607],[123.22578,-1.00176],[123.09596,-0.83379],[123.06255,-0.87677],[122.83863,-0.898],[122.64101,-1.19217],[122.33418,-1.49785],[122.15762,-1.59394],[121.86122,-1.66851],[121.71875,-1.86279],[121.57266,-1.90576],[121.3473,-1.77777],[121.29579,-1.81561],[121.34547,-1.85467],[121.34046,-1.99005],[121.40752,-1.97012],[121.57447,-2.16131],[121.77517,-2.2472],[121.97187,-2.54238],[122.01551,-2.69231],[122.2917,-2.90762],[122.27955,-3.03838],[122.39902,-3.20088],[122.32118,-3.25604],[122.31338,-3.36864],[122.2516,-3.37481],[122.29057,-3.44691],[122.20533,-3.59258],[122.57861,-3.88232],[122.60828,-3.95546],[122.55238,-3.97515],[122.6499,-4.02051],[122.688,-4.13714],[122.84193,-4.12774],[122.78736,-4.06957],[122.84795,-4.06455],[122.89981,-4.2294],[122.87227,-4.39199],[122.67006,-4.31329],[122.72168,-4.41074],[122.43031,-4.4157],[122.10768,-4.51873],[122.03932,-4.66216],[122.07324,-4.7917],[122.03809,-4.83242],[121.91572,-4.84771],[121.58867,-4.75957],[121.48652,-4.58106],[121.62745,-4.08587],[121.33349,-3.93251],[121.25502,-3.81451],[121.18688,-3.8046],[120.8918,-3.52061],[120.90693,-3.404],[121.06666,-3.19256],[121.08033,-2.75787],[121.00575,-2.65972],[120.79921,-2.61382],[120.58436,-2.68084],[120.20338,-2.95648],[120.39238,-3.34815],[120.43662,-3.70732],[120.35328,-3.92962],[120.36207,-4.3858],[120.42012,-4.61738],[120.36176,-4.83479],[120.30934,-4.87017],[120.26417,-5.14874],[120.39092,-5.39258],[120.43037,-5.59102],[120.32301,-5.50835],[120.18316,-5.56167],[119.93251,-5.56353],[119.71729,-5.69336],[119.6338,-5.61627],[119.55742,-5.61104],[119.37617,-5.42481],[119.36035,-5.31416],[119.51954,-4.91546],[119.64686,-3.97686],[119.60247,-3.98221],[119.48008,-3.72979],[119.49379,-3.48724],[119.31153,-3.42523],[118.99463,-3.5376],[118.92217,-3.48271],[118.8125,-3.15664],[118.88527,-2.86834],[118.82422,-2.84125],[118.7833,-2.7208],[119.13563,-2.45306],[119.16909,-2.15108],[119.29821,-1.95926],[119.34693,-1.95819],[119.30898,-1.4082],[119.51193,-0.90215],[119.71133,-0.68076],[119.82472,-0.85748],[119.86207,-0.83294],[119.76309,-0.41547],[119.80629,-0.15277],[119.72187,-0.08848],[119.73584,-0.05103],[119.82582,-0.08868],[119.8567,-0.03985],[119.88807,0.07252],[119.80928,0.23867],[119.86939,0.28834],[119.91328,0.44507],[120.03199,0.51746],[120.05644,0.69253],[120.22694,0.81611],[120.29385,0.97915],[120.34632,0.85682],[120.568,0.78333],[120.65889,0.94365],[120.79237,1.03889],[120.86797,1.25283],[121.02461,1.32578],[121.26466,1.23072],[121.4041,1.2436],[121.54664,1.07361],[121.86738,1.08852],[121.99012,1.02308],[122.43662,1.01807],[122.84864,0.81916],[122.96006,0.923],[123.05682,0.94129],[123.93739,0.83344],[124.29029,1.01856],[124.41084,1.18511],[124.59364,1.19703],[124.61585,1.258],[124.5611,1.27884],[124.60019,1.39243],[124.83558,1.47028],[124.82934,1.52948],[124.98926,1.70103],[125.06153,1.67579],[125.08155,1.67554]]],[[[121.56007,-4.24188],[121.55551,-4.24764],[121.55674,-4.24463],[121.56007,-4.24188]]]]}},{"type":"Feature","id":"Q120755","properties":{"id":"Q120755","regionType":"island"},"geometry":{"type":"MultiPolygon","coordinates":[[[[174.02528,-41.68633],[174.16992,-41.65723],[174.28311,-41.74063],[174.21543,-41.85019],[173.96256,-42.08713],[173.88817,-42.14252],[173.86256,-42.09271],[173.88916,-42.21162],[173.55836,-42.48992],[173.32215,-42.86812],[173.22119,-42.97656],[173.07236,-43.06025],[172.91481,-43.10162],[172.71856,-43.25879],[172.49879,-43.268],[172.6875,-43.31465],[172.73477,-43.35478],[172.69971,-43.39971],[172.54581,-43.44928],[172.38673,-43.45037],[172.52369,-43.47686],[172.69346,-43.44434],[172.74043,-43.46787],[172.76911,-43.56558],[172.74757,-43.56597],[172.79951,-43.61],[172.68129,-43.63812],[172.74281,-43.65435],[172.83343,-43.62807],[172.87562,-43.66778],[172.88421,-43.64169],[172.92745,-43.65328],[172.92823,-43.6845],[172.95937,-43.66028],[173.07324,-43.67617],[173.11469,-43.7868],[173.09394,-43.84414],[172.99635,-43.88701],[172.9485,-43.74993],[172.92652,-43.83917],[172.95763,-43.88926],[172.81768,-43.87012],[172.74427,-43.81356],[172.76332,-43.79156],[172.49447,-43.84049],[172.64747,-43.78143],[172.49684,-43.72064],[172.40052,-43.74676],[172.38525,-43.82959],[172.29658,-43.86787],[172.03555,-43.70176],[172.04396,-43.72104],[171.90296,-43.66924],[172.06137,-43.7501],[172.17979,-43.896],[171.82353,-44.03578],[171.79066,-43.94854],[171.80177,-44.04608],[171.65898,-44.11719],[171.52267,-44.11832],[171.36061,-44.02069],[171.44334,-44.13566],[171.36455,-44.25498],[171.20094,-44.26397],[171.31299,-44.30186],[171.22242,-44.52728],[171.17372,-44.54571],[171.20518,-44.69301],[171.14629,-44.91231],[170.88148,-44.88983],[171.13418,-44.97773],[171.11328,-45.03926],[170.92604,-45.23712],[170.88994,-45.37393],[170.78012,-45.56972],[170.75599,-45.55987],[170.75072,-45.61206],[170.68397,-45.61944],[170.72193,-45.6419],[170.69825,-45.67803],[170.6266,-45.70513],[170.62599,-45.72857],[170.69386,-45.73126],[170.75904,-45.77557],[170.67274,-45.79949],[170.55665,-45.89507],[170.68702,-45.8504],[170.77423,-45.78181],[170.77627,-45.8709],[170.33351,-45.98028],[170.18613,-46.16084],[169.8993,-46.34368],[169.75701,-46.4847],[169.65919,-46.4909],[169.74685,-46.49805],[169.68662,-46.55166],[169.34229,-46.62051],[169.09863,-46.63066],[168.85289,-46.58232],[168.84462,-46.55889],[168.66481,-46.58026],[168.71266,-46.55987],[168.66749,-46.54742],[168.61769,-46.5462],[168.6443,-46.57672],[168.57227,-46.61104],[168.42171,-46.59716],[168.45997,-46.57086],[168.56495,-46.5838],[168.36561,-46.53899],[168.38213,-46.60537],[168.32568,-46.5457],[168.38502,-46.49835],[168.38734,-46.43939],[168.34327,-46.41583],[168.33292,-46.47084],[168.19923,-46.34075],[167.84199,-46.36621],[167.71278,-46.19671],[167.53945,-46.14854],[167.45265,-46.14898],[167.42515,-46.21832],[167.36894,-46.2415],[166.83076,-46.22549],[166.73154,-46.19785],[166.71211,-46.13369],[166.9524,-45.94293],[166.80287,-45.99151],[166.72461,-46.05196],[166.6499,-46.0417],[166.80836,-45.92925],[166.72984,-45.94852],[166.74379,-45.85967],[166.6127,-45.95537],[166.49316,-45.96387],[166.47764,-45.90273],[166.51289,-45.81172],[166.88954,-45.7752],[167.02076,-45.69647],[166.80996,-45.69902],[166.80501,-45.67751],[166.89088,-45.64874],[166.79766,-45.64561],[166.92028,-45.56209],[166.99183,-45.57427],[167.01319,-45.55987],[166.95442,-45.5474],[167.05482,-45.49041],[166.92176,-45.54009],[166.73398,-45.54355],[166.77832,-45.40967],[166.9524,-45.43572],[166.87559,-45.36758],[166.86924,-45.31123],[167.0576,-45.38466],[167.011,-45.42535],[167.08785,-45.39277],[167.20558,-45.47735],[167.11211,-45.35391],[167.11777,-45.31797],[167.20919,-45.29317],[167.25904,-45.33038],[167.3086,-45.31231],[167.24354,-45.30267],[167.24708,-45.25201],[167.14742,-45.26947],[167.03281,-45.22246],[167.02579,-45.12512],[167.17067,-45.18365],[167.05785,-45.10081],[167.12793,-45.05078],[167.1919,-45.13482],[167.19874,-45.09319],[167.27455,-45.09319],[167.17188,-44.99707],[167.33558,-45.03594],[167.19874,-44.96282],[167.39002,-44.84092],[167.41578,-44.83978],[167.45948,-44.99078],[167.51393,-44.99139],[167.45996,-44.80234],[167.50734,-44.76401],[167.55506,-44.7846],[167.53724,-44.84466],[167.568,-44.88091],[167.59669,-44.81256],[167.5567,-44.74773],[167.60092,-44.7216],[167.67921,-44.76422],[167.60991,-44.71417],[167.78701,-44.59502],[167.93251,-44.69598],[167.93251,-44.64129],[167.86641,-44.59209],[167.85654,-44.50068],[168.07052,-44.31915],[168.12733,-44.31548],[168.13047,-44.27358],[168.3666,-44.08203],[168.65098,-43.97217],[168.69898,-44.00384],[168.80348,-43.99603],[169.0665,-43.86348],[169.1222,-43.91607],[169.2544,-43.95611],[169.13697,-43.90022],[169.17891,-43.91309],[169.13574,-43.81982],[169.17018,-43.77673],[169.46094,-43.64566],[169.52198,-43.71587],[169.48744,-43.66107],[169.50892,-43.62933],[169.64552,-43.60662],[169.76924,-43.53848],[169.82525,-43.53721],[169.85292,-43.5711],[169.83187,-43.47001],[169.98072,-43.46258],[169.88995,-43.46158],[169.90801,-43.44658],[169.85898,-43.42598],[170.06351,-43.30442],[170.13612,-43.3543],[170.09732,-43.2713],[170.18806,-43.22306],[170.23854,-43.23675],[170.30348,-43.16094],[170.20045,-43.21551],[170.24023,-43.16387],[170.35576,-43.15361],[170.39526,-43.18164],[170.41273,-43.27081],[170.42579,-43.18511],[170.30283,-43.10762],[170.41896,-43.09881],[170.38478,-43.07842],[170.45869,-43.03769],[170.62501,-43.10565],[170.52363,-43.00898],[170.66543,-42.96123],[170.74855,-43.05792],[170.7416,-42.92734],[170.96801,-42.72028],[171.01143,-42.76367],[171.01758,-42.82085],[170.97999,-42.84722],[171.02223,-42.97601],[171.04215,-42.83739],[171.10475,-42.87982],[171.05311,-42.82757],[171.02773,-42.69609],[171.18955,-42.50049],[171.38807,-42.42571],[171.30374,-42.44365],[171.25225,-42.40195],[171.48623,-41.79473],[171.85511,-41.66424],[172.01319,-41.43753],[172.07057,-41.41302],[172.09242,-41.29803],[172.13942,-41.29022],[172.10536,-41.13934],[172.13945,-40.94727],[172.26696,-40.76689],[172.54218,-40.57758],[172.52662,-40.62115],[172.59254,-40.60284],[172.62611,-40.56402],[172.56208,-40.56559],[172.64062,-40.51826],[172.94365,-40.51875],[172.74208,-40.51971],[172.69667,-40.63934],[172.66017,-40.64654],[172.70118,-40.68621],[172.69435,-40.74896],[172.72218,-40.73528],[172.85633,-40.84246],[172.98867,-40.84824],[173.0445,-40.98168],[172.99659,-41.0158],[173.03077,-41.0158],[173.0598,-41.12832],[173.03749,-41.11212],[173.03077,-41.14788],[173.10563,-41.25987],[173.07923,-41.28338],[173.10365,-41.30657],[173.21266,-41.30059],[173.62719,-41.06034],[173.67433,-41.10528],[173.67469,-41.07476],[173.74745,-41.03594],[173.68114,-41.02555],[173.78379,-40.97236],[173.87367,-40.97491],[173.94717,-40.92412],[174.00244,-40.91777],[173.91395,-40.97491],[173.92682,-40.9941],[173.78041,-41.01031],[173.80482,-41.03008],[173.77845,-41.1065],[173.82862,-41.05743],[173.91514,-41.07012],[173.81837,-41.15362],[173.8624,-41.19209],[173.81369,-41.25237],[173.7638,-41.26348],[173.78285,-41.28753],[173.93446,-41.23553],[173.91589,-41.2124],[174.00575,-41.22088],[174.1338,-41.17413],[173.9328,-41.18816],[173.91465,-41.15801],[173.95762,-41.0999],[173.97893,-41.09103],[173.97609,-41.14617],[174.04554,-41.09161],[174.04188,-41.02703],[174.00588,-41.042],[173.99941,-40.99326],[174.09401,-41.01788],[174.20131,-40.98643],[174.21522,-41.03179],[174.18446,-41.04876],[174.20704,-41.06939],[174.30254,-41.01953],[174.20612,-41.14402],[174.1996,-41.09039],[174.16725,-41.1148],[174.19919,-41.16035],[173.93824,-41.26666],[174.15316,-41.2403],[174.19923,-41.26348],[174.32557,-41.21514],[174.23711,-41.31221],[174.13282,-41.3189],[174.05531,-41.42339],[174.05787,-41.51617],[174.10426,-41.55999],[174.10867,-41.51859],[174.16073,-41.56238],[174.09235,-41.65862],[174.02463,-41.68384],[174.02528,-41.68633]]],[[[171.0107,-42.8639],[171.01652,-42.83246],[171.01332,-42.86754],[171.0107,-42.8639]]],[[[174.04554,-41.24236],[174.04549,-41.24234],[174.04557,-41.24234],[174.04554,-41.24236]]]]}},{"type":"Feature","id":"Q3757","properties":{"id":"Q3757","regionType":"island"},"geometry":{"type":"Polygon","coordinates":[[[109.89075,-7.84114],[109.36866,-7.71221],[108.98672,-7.7041],[108.88935,-7.67706],[108.87306,-7.60943],[108.79402,-7.66745],[108.53944,-7.69109],[108.45176,-7.79697],[107.91035,-7.72187],[107.45008,-7.49932],[106.63144,-7.41553],[106.44567,-7.35621],[106.41689,-7.23935],[106.53883,-7.07818],[106.50416,-6.97173],[106.37883,-6.99854],[106.00807,-6.82085],[105.47842,-6.85371],[105.25547,-6.83525],[105.24316,-6.77803],[105.36733,-6.66535],[105.38701,-6.75078],[105.49,-6.80779],[105.62208,-6.63055],[105.65508,-6.46953],[105.709,-6.51983],[105.7986,-6.47015],[105.86826,-6.11641],[106.075,-5.91416],[106.15895,-6.00848],[106.34971,-5.98408],[106.67588,-6.03838],[106.79298,-6.10284],[107.00502,-6.0711],[107.04432,-5.91314],[107.16944,-5.97857],[107.33184,-5.97813],[107.66066,-6.24786],[107.88379,-6.2333],[108.13868,-6.34112],[108.29502,-6.26504],[108.5165,-6.47237],[108.60536,-6.76055],[108.94459,-6.8482],[108.99148,-6.81528],[109.35182,-6.87444],[109.50059,-6.81016],[109.89625,-6.91705],[110.19844,-6.89512],[110.38087,-6.97442],[110.4861,-6.9367],[110.57142,-6.83514],[110.73691,-6.47236],[110.83477,-6.42422],[110.97227,-6.43565],[111.1443,-6.69073],[111.36622,-6.71075],[111.54033,-6.64824],[111.74025,-6.78057],[111.98984,-6.80596],[112.08375,-6.90484],[112.53926,-6.92647],[112.63469,-7.1946],[112.60365,-7.19146],[112.79434,-7.30449],[112.76124,-7.53008],[113.13258,-7.72662],[113.29908,-7.78729],[113.46482,-7.72308],[113.78566,-7.72527],[114.0707,-7.63301],[114.14015,-7.69964],[114.38272,-7.77109],[114.44424,-7.8956],[114.3766,-8.51824],[114.40545,-8.45132],[114.4452,-8.60162],[114.59502,-8.68477],[114.59922,-8.72725],[114.58379,-8.76963],[114.45918,-8.74053],[114.3025,-8.61065],[114.14447,-8.62244],[113.94033,-8.56836],[113.24061,-8.27984],[112.67881,-8.40918],[111.79176,-8.2553],[111.77061,-8.3132],[111.50996,-8.30508],[110.60255,-8.14728],[109.90581,-7.83654],[109.89075,-7.84114]]]}},{"type":"Feature","id":"Q118863","properties":{"id":"Q118863","regionType":"island"},"geometry":{"type":"MultiPolygon","coordinates":[[[[176.94947,-39.67156],[176.96705,-39.62298],[177.10986,-39.67314],[177.02833,-39.76348],[176.84219,-40.15781],[176.68177,-40.27337],[176.61152,-40.44199],[176.3545,-40.68621],[176.05996,-41.12969],[175.83965,-41.32012],[175.30977,-41.61064],[175.22217,-41.57441],[175.18165,-41.4168],[175.03492,-41.37957],[174.88135,-41.42402],[174.88942,-41.22332],[174.79701,-41.23821],[174.77125,-41.27654],[174.83142,-41.29474],[174.75703,-41.32529],[174.64297,-41.31269],[174.65654,-41.25127],[174.80273,-41.10271],[174.86573,-41.10296],[174.84979,-41.05625],[175.09401,-40.75323],[175.18727,-40.56768],[175.25293,-40.29406],[175.33729,-40.26238],[175.36024,-40.20086],[175.2964,-40.27313],[175.24942,-40.27976],[175.1548,-40.08416],[174.96717,-39.91534],[174.84181,-39.86126],[174.56748,-39.81299],[174.31886,-39.6126],[173.93437,-39.50908],[173.81211,-39.42578],[173.76641,-39.26533],[173.84434,-39.13936],[174.11056,-39.02145],[174.41481,-38.96185],[174.59388,-38.81744],[174.63453,-38.6994],[174.65303,-38.42832],[174.71533,-38.22559],[174.78832,-38.12787],[174.84645,-38.15264],[174.86671,-38.14459],[174.83888,-38.12347],[174.94251,-38.09612],[174.90834,-38.10357],[174.85585,-38.0545],[174.81401,-38.08793],[174.88783,-37.96563],[174.85304,-37.94659],[174.82873,-37.98521],[174.80166,-37.89551],[174.87959,-37.8208],[174.97657,-37.80255],[174.94862,-37.78204],[174.97694,-37.74883],[174.90472,-37.77059],[174.7292,-37.44873],[174.74982,-37.38],[174.83778,-37.29778],[174.7563,-37.33646],[174.70742,-37.32529],[174.58584,-37.09775],[174.60967,-37.06992],[174.65714,-37.08782],[174.73976,-37.24334],[174.74184,-37.17453],[174.8047,-37.16509],[174.74639,-37.1501],[174.79237,-37.11792],[174.86387,-37.08926],[174.94825,-37.10052],[174.80826,-36.96894],[174.83265,-36.9417],[174.70057,-36.93511],[174.60146,-36.98574],[174.47559,-36.9419],[174.40748,-36.76043],[174.18887,-36.49229],[174.2457,-36.48496],[174.38365,-36.58851],[174.35279,-36.59588],[174.35963,-36.63006],[174.40126,-36.64434],[174.40126,-36.61639],[174.43116,-36.66448],[174.49061,-36.57549],[174.46949,-36.58221],[174.45156,-36.51727],[174.46949,-36.43829],[174.44129,-36.40533],[174.46754,-36.37786],[174.42774,-36.35662],[174.37756,-36.38849],[174.35322,-36.32784],[174.52467,-36.24029],[174.39503,-36.26922],[174.38404,-36.22332],[174.42115,-36.15716],[174.45338,-36.15313],[174.43177,-36.13177],[174.39381,-36.12298],[174.36076,-36.21511],[174.27125,-36.16379],[174.28456,-36.11675],[174.18214,-36.1441],[174.25301,-36.19363],[174.27754,-36.24375],[174.25371,-36.24912],[174.03643,-36.12246],[173.9285,-35.93733],[173.9419,-35.89019],[173.90785,-35.86907],[173.92245,-35.925],[173.87989,-35.95843],[174.16641,-36.32764],[174.1458,-36.37695],[174.09746,-36.39102],[174.05469,-36.35977],[174.02394,-36.26702],[173.41221,-35.54258],[173.48027,-35.45898],[173.54127,-35.45135],[173.55461,-35.4094],[173.57203,-35.43157],[173.66065,-35.3117],[173.57901,-35.31374],[173.5652,-35.27325],[173.56161,-35.32127],[173.46339,-35.39117],[173.40687,-35.38995],[173.37637,-35.5001],[173.29023,-35.4083],[173.31129,-35.34148],[173.28395,-35.34148],[173.31813,-35.3012],[173.22813,-35.33125],[173.21234,-35.31186],[173.25672,-35.28008],[173.1972,-35.29326],[173.1167,-35.20527],[173.19813,-35.10784],[173.15663,-34.94378],[172.70596,-34.45518],[173.04395,-34.4291],[172.99338,-34.49599],[172.96241,-34.46734],[172.90724,-34.54022],[172.94874,-34.56878],[172.96756,-34.5416],[173.00734,-34.64996],[173.0271,-34.62237],[173.05439,-34.64824],[173.17405,-34.82026],[173.11891,-34.773],[173.12281,-34.8084],[173.26943,-34.93477],[173.26649,-35.00665],[173.32496,-35.01373],[173.36842,-34.966],[173.36134,-34.92129],[173.44785,-34.84434],[173.40394,-34.90215],[173.47804,-34.98919],[173.58631,-35.01373],[173.58213,-34.97603],[173.69375,-35.00566],[173.76014,-35.09576],[173.84394,-35.02627],[173.97099,-35.07957],[173.98988,-35.11761],[174.104,-35.14287],[174.11495,-35.19151],[174.05787,-35.15032],[174.02345,-35.1679],[174.05177,-35.19817],[174.0149,-35.21587],[174.09339,-35.21868],[174.15101,-35.36859],[174.16786,-35.32781],[174.24903,-35.33099],[174.21001,-35.3039],[174.32031,-35.24668],[174.39316,-35.36856],[174.33241,-35.32781],[174.38563,-35.41729],[174.46475,-35.4541],[174.4936,-35.50099],[174.46876,-35.51653],[174.54346,-35.58203],[174.5242,-35.64013],[174.47633,-35.64202],[174.58066,-35.78555],[174.41798,-35.76727],[174.38527,-35.78826],[174.35963,-35.71209],[174.35255,-35.84075],[174.41354,-35.81592],[174.48572,-35.89636],[174.49684,-35.98638],[174.56825,-36.03234],[174.80006,-36.30705],[174.78676,-36.35168],[174.75074,-36.3532],[174.76803,-36.4611],[174.71656,-36.41033],[174.73475,-36.4544],[174.70973,-36.47979],[174.74391,-36.49969],[174.70948,-36.54083],[174.74049,-36.60613],[174.81924,-36.61211],[174.78151,-36.64434],[174.7234,-36.63006],[174.7674,-36.69314],[174.74922,-36.77402],[174.68897,-36.75726],[174.62098,-36.79522],[174.68238,-36.80194],[174.6493,-36.82488],[174.67994,-36.90618],[174.7475,-36.84499],[174.80195,-36.85322],[174.88436,-36.90312],[174.89125,-36.9566],[174.94412,-36.85568],[174.9629,-36.93231],[175.02369,-36.91912],[175.00531,-36.88615],[175.08724,-36.92419],[175.09327,-36.96929],[175.1666,-36.94787],[175.29951,-36.99326],[175.3246,-37.15044],[175.36708,-37.20599],[175.44777,-37.22369],[175.56251,-37.17877],[175.57838,-37.23602],[175.6277,-37.24078],[175.59559,-37.21209],[175.49316,-36.86572],[175.51783,-36.84356],[175.49306,-36.84402],[175.49346,-36.80282],[175.537,-36.78497],[175.50015,-36.75591],[175.49732,-36.63006],[175.38555,-36.55635],[175.3998,-36.50078],[175.44807,-36.48094],[175.60948,-36.66832],[175.57655,-36.68877],[175.6277,-36.69207],[175.62794,-36.76275],[175.77217,-36.73516],[175.77831,-36.78533],[175.71827,-36.82269],[175.71339,-36.87396],[175.74464,-36.88885],[175.7649,-36.82244],[175.84219,-36.8751],[175.88459,-37.00399],[175.86793,-37.05218],[175.89217,-37.04561],[175.9026,-37.10294],[175.88356,-37.13592],[175.91984,-37.19769],[175.88783,-37.16509],[175.88783,-37.24078],[175.943,-37.28118],[176.00446,-37.44867],[175.97535,-37.46881],[176.06925,-37.50141],[176.129,-37.58672],[176.01564,-37.5147],[175.943,-37.52081],[175.9568,-37.56915],[175.99708,-37.58282],[175.99708,-37.63067],[176.06324,-37.63079],[176.13111,-37.68585],[176.1764,-37.66473],[176.20143,-37.71868],[176.24476,-37.71319],[176.23088,-37.66461],[176.26414,-37.67087],[176.75856,-37.8919],[177.12828,-37.97752],[177.06581,-37.98345],[177.13087,-38.02044],[177.15821,-38.01702],[177.15074,-37.98302],[177.28163,-38.0147],[177.46119,-37.96368],[177.58729,-37.8919],[177.72734,-37.70557],[177.99195,-37.58965],[178.00918,-37.55488],[178.27217,-37.5669],[178.53623,-37.69209],[178.35133,-38.00066],[178.37397,-38.06321],[178.32948,-38.14471],[178.3511,-38.1811],[178.31837,-38.26446],[178.31543,-38.44404],[178.26768,-38.55117],[178.08486,-38.69394],[177.93238,-38.70123],[177.96388,-38.76019],[177.8827,-39.08428],[177.94611,-39.08967],[177.96562,-39.14248],[177.90879,-39.23955],[177.83669,-39.1585],[177.85182,-39.08819],[177.4131,-39.05779],[177.06471,-39.19817],[176.90333,-39.41216],[176.93804,-39.4753],[176.94548,-39.67739],[176.94947,-39.67156]]],[[[173.9004,-35.95843],[173.90918,-35.95184],[173.90889,-35.9542],[173.9004,-35.95843]]],[[[175.66798,-36.7348],[175.66188,-36.7337],[175.6653,-36.72933],[175.66798,-36.7348]]]]}},{"type":"Feature","id":"Q48335","properties":{"id":"Q48335","regionType":"island"},"geometry":{"type":"Polygon","coordinates":[[[-56.13816,50.08571],[-56.12744,50.01514],[-56.16128,49.94014],[-55.927,50.01777],[-55.76475,49.96045],[-55.66556,49.96844],[-55.53407,49.93123],[-56.03999,49.70469],[-56.14019,49.61914],[-55.97852,49.67813],[-55.86982,49.67017],[-55.89204,49.58027],[-56.08731,49.45195],[-55.81523,49.51528],[-55.38891,49.3238],[-55.2375,49.31003],[-55.34248,49.16812],[-55.35317,49.07944],[-55.25234,49.1209],[-55.24453,49.1998],[-55.17612,49.24443],[-55.02617,49.30537],[-55.01592,49.26035],[-54.98262,49.26812],[-54.71763,49.38857],[-54.5151,49.52121],[-54.47226,49.51355],[-54.44824,49.32944],[-54.35615,49.41504],[-54.02546,49.43696],[-53.80614,49.40418],[-53.62339,49.32349],[-53.58937,49.13083],[-53.75806,49.0354],[-53.90322,48.88916],[-54.16128,48.78769],[-53.85479,48.81124],[-53.96152,48.73887],[-53.96602,48.70669],[-53.87923,48.68539],[-53.89354,48.6117],[-53.74341,48.61252],[-53.79463,48.52637],[-54.11445,48.3936],[-53.79932,48.44922],[-53.73887,48.4958],[-53.64443,48.51123],[-53.55205,48.48179],[-53.41133,48.56216],[-53.22026,48.57788],[-53.06991,48.65426],[-53.05129,48.49416],[-53.09763,48.44145],[-53.33433,48.35596],[-53.60977,48.20772],[-53.54978,48.13671],[-53.59049,48.08494],[-53.86958,48.01968],[-53.63851,48.01486],[-53.7077,47.91192],[-53.86367,47.78701],[-53.76514,47.6501],[-53.67671,47.64833],[-53.55095,47.58942],[-53.28272,47.99785],[-52.9912,48.10773],[-53.21715,47.54957],[-53.1709,47.53854],[-53.12246,47.45513],[-52.94502,47.55283],[-52.78693,47.76401],[-52.69078,47.55512],[-52.81511,47.24403],[-53.13117,46.65289],[-53.37395,46.73603],[-53.59641,46.64917],[-53.59435,47.14692],[-53.96638,46.86843],[-54.17373,46.88037],[-54.04181,47.15939],[-53.84951,47.44033],[-53.98901,47.7562],[-54.19185,47.85981],[-54.48583,47.4842],[-54.47393,47.54707],[-54.57155,47.46039],[-54.85664,47.38501],[-55.09043,47.17393],[-55.13965,47.04595],[-55.31433,46.90654],[-55.89804,46.89739],[-55.95639,46.96462],[-55.93243,47.00056],[-55.52373,47.13502],[-55.07713,47.48447],[-54.86953,47.5709],[-54.78462,47.66475],[-54.94595,47.62085],[-55.38195,47.71027],[-55.59946,47.46912],[-55.97123,47.55973],[-55.86709,47.59233],[-55.85791,47.81919],[-56.02012,47.76372],[-56.12144,47.78916],[-56.26299,47.65845],[-56.80563,47.56666],[-57.65981,47.62539],[-57.92554,47.6749],[-58.3332,47.67686],[-58.33687,47.73086],[-58.61313,47.62622],[-58.96288,47.58265],[-59.15968,47.584],[-59.25977,47.63418],[-59.36227,47.87492],[-59.34389,47.92728],[-58.80694,48.23194],[-58.60498,48.41133],[-58.33022,48.52212],[-58.6939,48.53879],[-58.45291,49.03999],[-58.35869,49.09653],[-57.99053,48.98794],[-58.09893,49.07744],[-58.04907,49.17998],[-57.98008,49.22964],[-58.09687,49.23008],[-58.20864,49.28813],[-58.01646,49.54218],[-57.85605,49.47383],[-57.79131,49.48999],[-57.89746,49.60039],[-57.92757,49.68503],[-57.43262,50.50581],[-57.33057,50.60518],[-57.17959,50.61484],[-57.26416,50.64937],[-57.298,50.69873],[-57.05327,50.85732],[-57.00928,50.95399],[-56.80547,51.14448],[-56.74761,51.27711],[-56.67613,51.33571],[-56.10631,51.53022],[-55.89005,51.54545],[-55.86582,51.5083],[-55.69043,51.47134],[-55.65957,51.51103],[-55.69886,51.55734],[-55.47271,51.56415],[-55.5834,51.38857],[-56.0311,51.32837],[-56.03066,51.2269],[-55.96084,51.19141],[-55.81509,51.19116],[-55.78474,51.08884],[-56.00175,50.81828],[-56.10654,50.75928],[-56.13556,50.65143],[-56.19575,50.58477],[-56.45435,50.38003],[-56.48394,50.27085],[-56.73232,50.00771],[-56.7541,49.88291],[-56.84863,49.76533],[-56.80923,49.7104],[-56.82217,49.61348],[-56.50093,49.86963],[-56.37642,49.93369],[-56.21429,50.10215],[-56.13816,50.08571]]]}},{"type":"Feature","id":"Q586657","properties":{"id":"Q586657","regionType":"island"},"geometry":{"type":"Polygon","coordinates":[[[-79.40978,22.42328],[-79.23888,22.37763],[-78.68648,22.36685],[-78.09545,22.07146],[-77.86504,21.90059],[-77.63682,21.79736],[-77.3502,21.76132],[-77.16486,21.65126],[-77.18125,21.59766],[-77.36616,21.61265],[-77.25288,21.4835],[-77.09863,21.58901],[-76.83633,21.39951],[-76.86743,21.33042],[-76.72607,21.35889],[-76.64741,21.28452],[-76.45518,21.27363],[-76.07363,21.13345],[-75.73992,21.11135],[-75.634,21.06147],[-75.66294,20.89814],[-75.59727,20.83765],[-75.74023,20.81196],[-75.72456,20.71455],[-74.95972,20.67266],[-74.73208,20.57319],[-74.51314,20.38457],[-74.15978,20.2746],[-74.22521,20.13685],[-74.85005,20.0023],[-75.05169,19.91773],[-75.12092,19.91501],[-75.15161,20.00835],[-75.21943,19.92363],[-75.38805,19.90449],[-76.15845,19.98975],[-77.68279,19.85623],[-77.49224,20.1175],[-77.12713,20.34296],[-77.09302,20.45293],[-77.23449,20.68659],[-77.99731,20.71538],[-78.11396,20.76093],[-78.42852,20.99119],[-78.57677,21.41675],[-78.68413,21.59931],[-78.78081,21.65302],[-79.17658,21.55511],[-80.08007,21.82477],[-80.3464,21.97697],[-80.48545,22.12344],[-80.49907,22.06352],[-80.96191,22.05288],[-81.08311,22.09795],[-81.1855,22.26797],[-81.22241,22.14292],[-81.28546,22.10934],[-81.58336,22.22211],[-81.73369,22.20063],[-81.92699,22.27576],[-82.07773,22.3877],[-81.65856,22.4798],[-81.68004,22.64088],[-81.83882,22.67246],[-82.77532,22.70527],[-83.37175,22.23023],[-83.90276,22.20063],[-84.01137,21.96514],[-84.20348,21.95368],[-84.50259,21.77617],[-84.50137,21.93027],[-84.83823,21.82793],[-84.87885,21.85203],[-84.87109,21.89659],[-84.32637,22.07432],[-84.38301,22.25557],[-84.34422,22.39925],[-84.21845,22.53111],[-83.89769,22.72138],[-83.25781,22.96758],[-82.55303,23.05823],[-82.19555,23.17664],[-81.24083,23.10578],[-81.14463,23.05493],[-80.94887,23.09202],[-80.60224,23.07181],[-80.36489,22.94341],[-80.0938,22.93977],[-79.84927,22.83007],[-79.67666,22.74307],[-79.48933,22.53391],[-79.40978,22.42328]]]}},{"type":"Feature","id":"Q125384","properties":{"id":"Q125384","regionType":"island"},"geometry":{"type":"MultiPolygon","coordinates":[[[[122.2931,18.41016],[122.29859,18.40477],[122.29914,18.40386],[122.2931,18.41016]]],[[[122.30016,18.40085],[122.29385,18.23428],[122.16969,18.10163],[122.13551,17.73853],[122.25099,17.3614],[122.36231,17.34487],[122.41676,17.14704],[122.45082,17.11536],[122.51914,17.12485],[122.5,17.05801],[122.42578,16.82266],[122.20411,16.43598],[122.21608,16.3652],[122.13585,16.18629],[122.09008,16.17726],[122.14076,16.24525],[122.08729,16.25654],[122.06678,16.19135],[121.75221,16.07807],[121.56727,15.91694],[121.5547,15.83015],[121.60703,15.66982],[121.48744,15.52155],[121.45205,15.41665],[121.38966,15.3791],[121.39088,15.26746],[121.61382,14.87353],[121.59425,14.86042],[121.69541,14.7373],[121.61378,14.69111],[121.60792,14.63135],[121.66236,14.41852],[121.75186,14.23418],[121.73146,14.1894],[121.93617,13.99634],[122.23182,13.90766],[122.22842,13.97949],[122.2931,13.97126],[122.31361,14.01752],[122.20254,14.11167],[122.19971,14.14805],[122.26333,14.18408],[122.30006,14.09321],[122.34547,14.13251],[122.3274,14.1894],[122.36735,14.25206],[122.49082,14.32236],[122.59975,14.3185],[122.63441,14.28718],[122.68289,14.30393],[122.85605,14.25078],[122.93418,14.18809],[123.071,13.95996],[123.04969,13.77698],[123.10816,13.72327],[123.22486,13.73237],[123.30165,13.79066],[123.30439,13.92488],[123.33534,13.98334],[123.30531,13.93663],[123.25928,13.97544],[123.32031,14.06167],[123.3462,14.01752],[123.39546,14.00817],[123.41725,13.90766],[123.44456,13.96213],[123.49232,13.92194],[123.72598,13.88433],[123.85762,13.79961],[123.80625,13.72173],[123.57032,13.72419],[123.5265,13.60725],[123.53614,13.56446],[123.56056,13.57245],[123.70184,13.43338],[123.80555,13.28828],[123.81797,13.23197],[123.76735,13.22547],[123.74562,13.06537],[123.79762,13.05634],[123.87275,13.11699],[123.95518,13.09971],[124.08143,13.01075],[124.14277,13.03579],[124.1161,12.91767],[124.1373,12.79116],[124.05977,12.56709],[123.96172,12.59497],[123.87783,12.6897],[123.91357,12.84373],[124.01771,12.89496],[124.02504,12.95649],[123.89332,12.97596],[123.86936,12.9316],[123.73604,12.89692],[123.68518,12.90383],[123.69801,12.93214],[123.62676,12.91177],[123.44117,13.03809],[123.31094,13.04409],[123.30055,13.23664],[123.16871,13.45045],[122.86348,13.61724],[122.82908,13.66743],[122.86231,13.69599],[122.75245,13.78473],[122.76661,13.80073],[122.68353,13.82669],[122.53675,13.96229],[122.51564,13.93561],[122.41285,13.94923],[122.49375,13.82021],[122.49745,13.6532],[122.59619,13.56201],[122.60334,13.53768],[122.56691,13.56501],[122.66787,13.39536],[122.6751,13.25317],[122.5999,13.19414],[122.51523,13.26001],[122.50099,13.36927],[122.36939,13.55103],[122.20527,13.64824],[122.05983,13.80585],[121.72462,13.97028],[121.48439,13.85297],[121.43324,13.79761],[121.43674,13.706],[121.34289,13.64904],[121.20352,13.64028],[121.09551,13.67949],[121.01612,13.7765],[120.93232,13.76187],[120.91212,13.883],[120.87647,13.9134],[120.7046,13.92866],[120.7112,13.88185],[120.66212,13.86042],[120.63711,13.80449],[120.6168,14.18804],[120.68211,14.28487],[120.98023,14.51661],[120.93641,14.66865],[120.84034,14.7624],[120.70791,14.77661],[120.63828,14.81616],[120.58546,14.904],[120.57085,14.8412],[120.54493,14.83808],[120.53639,14.72437],[120.58867,14.48311],[120.55566,14.44136],[120.48997,14.44151],[120.39609,14.49331],[120.3672,14.62189],[120.28389,14.68437],[120.25303,14.78591],[120.292,14.82691],[120.20924,14.88117],[120.19634,14.80685],[120.13799,14.80039],[120.08213,14.85107],[120.00489,15.27057],[119.93281,15.43091],[119.96376,15.51557],[119.91909,15.56638],[119.89491,15.87519],[119.85389,15.95032],[119.8152,15.94567],[119.76895,16.00845],[119.77256,16.25513],[119.83076,16.32656],[119.90174,16.25196],[120.03423,16.18348],[120.13868,16.04731],[120.29269,16.05631],[120.29884,16.01862],[120.3672,16.06702],[120.33796,16.06774],[120.40187,16.20698],[120.325,16.40034],[120.30439,16.64546],[120.32119,16.76187],[120.43385,16.98328],[120.41179,17.27045],[120.44349,17.38972],[120.40187,17.52009],[120.37207,17.53511],[120.3584,17.63818],[120.41236,17.714],[120.3962,17.77335],[120.57899,18.3263],[120.59971,18.50786],[120.75416,18.55414],[120.81377,18.60342],[120.92677,18.56733],[121.10156,18.61528],[121.60277,18.37279],[121.64955,18.31513],[121.63729,18.35986],[121.89527,18.2804],[122.03932,18.32136],[122.11915,18.40424],[122.14668,18.48657],[122.22119,18.50063],[122.29687,18.40519],[122.30016,18.40085]]]]}},{"type":"Feature","id":"Q3740828","properties":{"id":"Q3740828","regionType":"island"},"geometry":{"type":"Polygon","coordinates":[[[-16.54067,66.44673],[-16.49336,66.48115],[-16.24932,66.5229],[-16.03589,66.52607],[-15.71377,66.35859],[-15.70278,66.28574],[-15.54312,66.22852],[-15.24092,66.25913],[-14.8561,66.38144],[-14.59585,66.38154],[-14.91221,66.28428],[-15.11641,66.10244],[-14.89404,66.03789],[-14.74043,66.05083],[-14.69819,66.02021],[-14.66899,65.95986],[-14.68823,65.89697],[-14.83931,65.78091],[-14.8271,65.76426],[-14.39185,65.7874],[-14.31816,65.68447],[-14.47339,65.57534],[-14.16694,65.64229],[-13.93545,65.61606],[-13.78525,65.53301],[-13.67031,65.54951],[-13.61787,65.51934],[-13.66777,65.39897],[-13.80479,65.35479],[-13.72285,65.29097],[-13.64111,65.275],[-13.64893,65.23696],[-13.75488,65.19253],[-13.58081,65.14302],[-13.5561,65.09766],[-13.65185,65.01685],[-13.854,64.99287],[-13.82783,64.95801],[-13.85293,64.86216],[-14.04443,64.74189],[-14.13516,64.71479],[-14.38511,64.74522],[-14.37529,64.67744],[-14.46538,64.63569],[-14.41699,64.58311],[-14.43257,64.53833],[-14.62822,64.41597],[-15.02158,64.2959],[-15.25586,64.29692],[-15.83291,64.17666],[-16.06045,64.11123],[-16.46807,63.91636],[-16.64033,63.86548],[-17.81572,63.71299],[-17.91484,63.63638],[-17.88027,63.59019],[-17.94692,63.53574],[-18.08003,63.49634],[-18.2522,63.52969],[-18.22227,63.47319],[-18.65361,63.40669],[-19.2502,63.44199],[-19.77827,63.53657],[-20.19815,63.55581],[-20.49404,63.68735],[-20.46997,63.74819],[-20.36304,63.76494],[-20.41397,63.80518],[-20.65093,63.7374],[-20.72705,63.76577],[-20.72993,63.79336],[-20.87876,63.80391],[-21.13657,63.88794],[-21.15576,63.90684],[-21.10596,63.93984],[-21.24624,63.93545],[-21.44863,63.8584],[-22.6522,63.82773],[-22.74297,64.01938],[-22.70117,64.0832],[-22.51006,63.99146],[-22.1876,64.03921],[-22.05664,64.07134],[-21.86592,64.18032],[-21.66865,64.34902],[-21.46333,64.37915],[-21.64668,64.39785],[-21.95122,64.31392],[-22.05337,64.31392],[-21.90127,64.3916],[-22.00068,64.41318],[-22.00381,64.4522],[-21.95034,64.51499],[-21.59062,64.62637],[-21.67495,64.64771],[-22.10601,64.53306],[-22.25391,64.57188],[-22.32471,64.62441],[-22.24756,64.7269],[-22.46704,64.79497],[-23.34697,64.82437],[-23.81899,64.73916],[-23.93276,64.77852],[-24.02617,64.86343],[-24.00703,64.89644],[-23.92441,64.91523],[-23.35269,64.95278],[-23.198,65.00215],[-23.10884,64.96587],[-22.78809,65.04648],[-22.59971,65.02573],[-21.89214,65.04878],[-21.80044,65.10591],[-21.76372,65.17373],[-22.09932,65.12622],[-22.50908,65.19678],[-22.31396,65.2916],[-21.90698,65.39971],[-21.84438,65.44736],[-22.00576,65.49346],[-22.31148,65.48071],[-22.3897,65.5354],[-22.6436,65.56777],[-22.81265,65.54741],[-22.90249,65.58047],[-23.8999,65.40757],[-24.22397,65.48721],[-24.45479,65.50034],[-24.47568,65.52519],[-24.34106,65.60122],[-24.24893,65.61499],[-23.85674,65.53838],[-24.01001,65.61621],[-24.01758,65.69092],[-24.11191,65.75972],[-24.09263,65.77647],[-23.90908,65.76558],[-23.61592,65.67959],[-23.28535,65.75],[-23.70474,65.7812],[-23.83262,65.84922],[-23.74131,65.88457],[-23.52495,65.88003],[-23.77734,66.01758],[-23.73716,66.06943],[-23.43447,66.02422],[-23.59853,66.10884],[-23.45254,66.18101],[-23.3,66.1666],[-23.06255,66.08623],[-23.02852,66.06367],[-23.01899,65.98213],[-22.81533,65.9835],[-22.72334,66.03901],[-22.65986,66.02593],[-22.60972,65.97647],[-22.61602,65.86748],[-22.55156,65.90542],[-22.4417,65.9083],[-22.44531,66.07002],[-22.9479,66.21274],[-22.86162,66.25146],[-22.48442,66.26631],[-22.64609,66.30156],[-22.68623,66.33769],[-23.11694,66.33872],[-22.88921,66.44062],[-22.42612,66.43013],[-22.17021,66.30713],[-21.96699,66.25698],[-21.62529,66.0897],[-21.40688,66.02559],[-21.51665,65.96758],[-21.30879,65.89531],[-21.3749,65.74189],[-21.45664,65.69824],[-21.65845,65.72358],[-21.46626,65.63516],[-21.43364,65.60967],[-21.45513,65.58467],[-21.36475,65.57822],[-21.43218,65.47407],[-21.22998,65.4206],[-21.12969,65.2666],[-20.93975,65.56519],[-20.80435,65.63643],[-20.67895,65.66309],[-20.54815,65.57949],[-20.45483,65.57104],[-20.35664,65.71904],[-20.34409,65.82773],[-20.37393,65.9477],[-20.35659,66.03325],[-20.29214,66.08437],[-20.10269,66.08047],[-19.64785,65.80078],[-19.4897,65.76807],[-19.43389,65.81445],[-19.45625,65.98491],[-19.38296,66.07568],[-18.8459,66.18394],[-18.7062,66.13574],[-18.45493,65.96455],[-18.27695,65.88472],[-18.14194,65.73408],[-18.09902,65.83027],[-18.31533,66.09316],[-18.29717,66.15742],[-17.90698,66.14331],[-17.55044,65.9644],[-17.15303,66.20283],[-16.83804,66.12524],[-16.74844,66.13164],[-16.48501,66.19595],[-16.42808,66.27837],[-16.54067,66.44673]]]}},{"type":"Feature","id":"Q124873","properties":{"id":"Q124873","regionType":"island"},"geometry":{"type":"Polygon","coordinates":[[[125.67079,9.60126],[125.87666,9.51314],[125.94714,9.43502],[125.91664,9.39655],[125.97309,9.38871],[126.05787,9.2472],[126.19336,9.27671],[126.17872,9.09425],[126.30459,8.95205],[126.31953,8.84473],[126.23787,8.71596],[126.11036,8.60834],[126.15821,8.52875],[126.28232,8.53931],[126.36533,8.48389],[126.37408,8.38883],[126.33229,8.34821],[126.38832,8.29414],[126.33851,8.21577],[126.36146,8.18836],[126.44267,8.22799],[126.45869,8.20283],[126.42984,7.95957],[126.38295,7.88691],[126.57012,7.67725],[126.58593,7.29171],[126.43906,7.01235],[126.32386,6.97931],[126.29404,6.88232],[126.21278,6.93519],[126.19239,6.88453],[126.17189,6.90498],[126.24023,6.73389],[126.18936,6.30967],[126.10977,6.48965],[126.07887,6.8437],[126.0321,6.8621],[125.98496,6.94355],[125.98634,7.00745],[125.90117,7.11699],[125.85304,7.33716],[125.80677,7.3523],[125.66822,7.25825],[125.64072,7.10508],[125.50978,7.01679],[125.38026,6.72272],[125.39723,6.59968],[125.47795,6.57912],[125.58848,6.46577],[125.6707,6.225],[125.66797,5.97866],[125.45586,5.66426],[125.34648,5.59898],[125.30139,5.6246],[125.28797,5.70722],[125.25311,5.72478],[125.2332,5.8083],[125.28053,6.02051],[125.25062,6.09424],[125.15772,6.10993],[125.07617,5.90625],[124.97519,5.86572],[124.63633,5.99819],[124.21279,6.23325],[124.07812,6.40444],[124.03651,6.80091],[124.00779,6.7981],[123.98086,6.92969],[124.04512,7.11411],[124.21913,7.28113],[124.24647,7.40534],[124.1966,7.41314],[124.06495,7.60395],[123.91078,7.70008],[123.76475,7.74263],[123.70387,7.81061],[123.58668,7.84052],[123.44459,7.8025],[123.47937,7.73514],[123.471,7.64918],[123.3534,7.57331],[123.41546,7.48157],[123.39092,7.40752],[123.32124,7.44373],[123.28004,7.52143],[123.21797,7.50443],[123.17822,7.52944],[123.1492,7.58202],[123.18653,7.62739],[123.14027,7.6626],[123.11781,7.7425],[122.98955,7.54629],[122.84297,7.5293],[122.80421,7.75977],[122.74162,7.75577],[122.70411,7.7895],[122.61842,7.77521],[122.48536,7.66804],[122.4336,7.59186],[122.43674,7.54075],[122.34779,7.45368],[122.36462,7.41716],[122.28028,7.29566],[122.14248,6.94966],[122.09815,6.91372],[121.96426,6.96821],[121.9042,7.07519],[121.92461,7.19951],[122.05091,7.30903],[122.03251,7.34139],[122.08656,7.53605],[122.14589,7.59003],[122.11134,7.62189],[122.13184,7.8105],[122.336,8.02743],[122.67295,8.13311],[122.75868,8.11726],[122.94508,8.16315],[123.01356,8.23359],[123.01758,8.39834],[123.14717,8.51602],[123.31813,8.53473],[123.39302,8.63634],[123.43629,8.6507],[123.43457,8.70332],[123.51338,8.67393],[123.52174,8.62379],[123.58119,8.58399],[123.60373,8.63822],[123.68008,8.6206],[123.7821,8.54862],[123.84922,8.43271],[123.87744,8.18882],[123.76055,8.05679],[123.68458,8.03797],[123.67628,7.96455],[123.99688,8.15898],[124.19837,8.1977],[124.27015,8.2721],[124.26161,8.32569],[124.32519,8.50845],[124.40488,8.59985],[124.45127,8.60635],[124.58229,8.52192],[124.65736,8.51569],[124.63624,8.43317],[124.66285,8.477],[124.75294,8.50147],[124.78773,8.87648],[124.86894,8.97227],[124.94385,8.95669],[125.10585,8.83094],[125.18727,8.87708],[125.20967,9.02715],[125.44105,8.98164],[125.51649,9.01716],[125.5392,9.20783],[125.41397,9.66919],[125.47129,9.75679],[125.5209,9.75913],[125.64332,9.61243],[125.67079,9.60126]]]}},{"type":"Feature","id":"Q22890","properties":{"id":"Q22890","regionType":"island"},"geometry":{"type":"MultiPolygon","coordinates":[[[[-8.76952,52.67438],[-8.92329,52.71231],[-8.97008,52.7497],[-8.9428,52.77637],[-9.17539,52.63491],[-9.39424,52.61709],[-9.5808,52.66718],[-9.56265,52.65341],[-9.61953,52.62275],[-9.76436,52.57998],[-9.9166,52.56973],[-9.57731,52.74426],[-9.49877,52.75373],[-9.48959,52.80247],[-9.35424,52.93464],[-9.46196,52.94727],[-9.29922,53.09756],[-9.24189,53.12485],[-9.07311,53.11964],[-9.08687,53.14506],[-8.98143,53.17263],[-8.93657,53.14692],[-8.95702,53.1811],[-8.89501,53.22205],[-9.01525,53.23067],[-8.9428,53.26984],[-9.02221,53.27668],[-9.51421,53.23823],[-9.56658,53.26301],[-9.55468,53.29194],[-9.58174,53.27197],[-9.60889,53.32641],[-9.57311,53.32722],[-9.60131,53.36603],[-9.55291,53.38654],[-9.62182,53.37971],[-9.61559,53.33582],[-9.65264,53.34241],[-9.65282,53.39399],[-9.72599,53.32907],[-9.82539,53.32036],[-9.87578,53.34273],[-9.7857,53.39399],[-9.82042,53.40021],[-9.79931,53.42066],[-10.09126,53.41284],[-10.09395,53.44513],[-10.0122,53.48273],[-10.10625,53.50933],[-10.11699,53.54854],[-9.69689,53.59943],[-9.90972,53.65762],[-9.90161,53.7272],[-9.56658,53.79743],[-9.59053,53.84116],[-9.56035,53.86634],[-9.56658,53.90046],[-9.75835,53.90046],[-9.91406,53.86372],[-9.88269,53.96026],[-9.78771,53.9173],[-9.7857,53.94825],[-9.8319,53.95746],[-9.85666,54.00377],[-9.86199,54.09907],[-9.83404,54.11335],[-9.93447,54.07524],[-9.93941,54.11109],[-9.90856,54.11957],[-9.97117,54.17905],[-9.93645,54.18848],[-10.0111,54.21949],[-10.0172,54.18989],[-10.05315,54.18848],[-10.03954,54.17017],[-10.09268,54.15576],[-10.0564,54.25781],[-9.88769,54.26845],[-9.92736,54.22797],[-9.97747,54.24372],[-9.98375,54.22419],[-9.91002,54.20563],[-9.8628,54.26863],[-9.76513,54.25672],[-9.79691,54.27702],[-9.71714,54.30044],[-9.31553,54.29863],[-9.1964,54.23612],[-9.2105,54.219],[-9.14135,54.14686],[-9.13518,54.20893],[-9.00244,54.28799],[-8.5114,54.20893],[-8.55938,54.22889],[-8.55849,54.27646],[-8.47039,54.27784],[-8.57287,54.31507],[-8.51934,54.32789],[-8.62314,54.34687],[-8.471,54.44194],[-8.21032,54.50312],[-8.19297,54.58013],[-8.12096,54.64777],[-8.3868,54.61609],[-8.43175,54.64252],[-8.4572,54.60943],[-8.76392,54.6812],[-8.71519,54.73203],[-8.60829,54.76917],[-8.45678,54.75764],[-8.53002,54.78925],[-8.42687,54.75843],[-8.52149,54.81188],[-8.4558,54.84093],[-8.32579,54.83271],[-8.38097,54.87373],[-8.31273,54.88056],[-8.37998,54.89535],[-8.39942,54.93806],[-8.36675,54.94941],[-8.41167,54.96524],[-8.39326,55.02041],[-8.32012,55.03547],[-8.27461,55.14629],[-8.14311,55.15937],[-8.15661,55.12574],[-8.0061,55.19531],[-7.90868,55.18958],[-7.89898,55.15754],[-7.86028,55.16913],[-7.89501,55.14124],[-7.85662,55.1402],[-7.83489,55.1662],[-7.86063,55.19703],[-7.81512,55.19942],[-7.71776,55.16773],[-7.70263,55.10029],[-7.66832,55.14838],[-7.70373,55.21961],[-7.7094,55.17536],[-7.75254,55.19623],[-7.76255,55.24834],[-7.66709,55.25649],[-7.62979,55.24399],[-7.55664,55.12222],[-7.64123,55.05183],[-7.58984,55.02505],[-7.68151,54.95563],[-7.46923,55.04499],[-7.463,55.14466],[-7.53144,55.19385],[-7.51787,55.24795],[-7.4583,55.28179],[-7.25695,55.28522],[-7.35716,55.36107],[-7.30879,55.36582],[-6.96167,55.23789],[-7.17302,55.14472],[-7.25695,55.05183],[-7.06517,55.04499],[-6.94717,55.18252],[-6.75463,55.17902],[-6.47505,55.24102],[-6.12915,55.21738],[-6.03867,55.14678],[-6.06224,55.07526],[-6.0005,55.06354],[-5.98644,54.98298],[-5.92165,54.96728],[-5.80071,54.82197],[-5.71581,54.78498],[-5.79772,54.84577],[-5.7838,54.86087],[-5.71685,54.81748],[-5.71074,54.75708],[-5.8791,54.68438],[-5.92742,54.6341],[-5.90758,54.60682],[-5.73862,54.67305],[-5.58252,54.66343],[-5.52793,54.61963],[-5.47041,54.50019],[-5.48389,54.44165],[-5.64507,54.56898],[-5.70214,54.57892],[-5.71581,54.53791],[-5.66227,54.52438],[-5.64609,54.47788],[-5.65528,54.38835],[-5.70897,54.35297],[-5.55781,54.371],[-5.60679,54.27256],[-5.86217,54.23176],[-5.87607,54.15606],[-6.01904,54.05127],[-6.26384,54.1059],[-6.15693,54.01724],[-6.36004,54.01716],[-6.37304,53.90046],[-6.27012,53.84023],[-6.22997,53.65778],[-6.14185,53.57754],[-6.13733,53.46742],[-6.195,53.46229],[-6.13671,53.44552],[-6.12943,53.3932],[-6.21837,53.34833],[-6.13294,53.29738],[-6.07577,53.17388],[-6.02744,52.92758],[-6.21544,52.66718],[-6.21724,52.54312],[-6.39995,52.36694],[-6.49663,52.36548],[-6.32564,52.24643],[-6.56108,52.18882],[-6.80578,52.21406],[-6.76415,52.26246],[-6.83239,52.24201],[-6.82064,52.19467],[-6.89023,52.15923],[-6.99755,52.29041],[-6.97357,52.23212],[-7.00327,52.16592],[-7.10189,52.14015],[-7.07201,52.16688],[-7.12041,52.1731],[-7.10613,52.1532],[-7.43554,52.1269],[-7.56542,52.08491],[-7.60009,52.10218],[-7.62749,52.06385],[-7.56145,52.06342],[-7.6249,51.99312],[-7.81059,51.95301],[-7.85003,51.98133],[-7.94416,51.87299],[-8.05781,51.82559],[-8.14502,51.81352],[-8.20173,51.84317],[-8.17559,51.8584],[-8.20293,51.86518],[-8.1939,51.89655],[-8.40905,51.89301],[-8.42949,51.88569],[-8.34736,51.8477],[-8.3356,51.79297],[-8.34912,51.73931],[-8.40781,51.71206],[-8.55858,51.70753],[-8.49913,51.6963],[-8.58828,51.65137],[-8.7578,51.64619],[-8.73655,51.63483],[-8.80307,51.59164],[-8.9694,51.55693],[-9.1209,51.56415],[-9.12835,51.53046],[-9.29982,51.49812],[-9.366,51.51115],[-9.32763,51.54371],[-9.37879,51.51539],[-9.44341,51.56068],[-9.6291,51.49962],[-9.65606,51.52137],[-9.7373,51.47373],[-9.82955,51.48278],[-9.54607,51.61201],[-9.75103,51.56454],[-9.71035,51.60371],[-9.45879,51.68519],[-9.44304,51.72126],[-9.52562,51.7281],[-9.56035,51.76282],[-9.54607,51.72126],[-9.62694,51.68623],[-10.12075,51.60068],[-9.92642,51.73071],[-9.7857,51.76966],[-9.80287,51.78013],[-9.74951,51.82427],[-9.5808,51.87891],[-10.08423,51.771],[-10.21172,51.78359],[-10.17723,51.81483],[-10.23473,51.85218],[-10.34106,51.79893],[-10.34118,51.84473],[-10.37871,51.86875],[-10.25432,51.90992],[-10.277,51.94187],[-10.14585,52.02002],[-9.92656,52.06385],[-9.90856,52.13215],[-9.77196,52.12592],[-9.79308,52.13959],[-9.75835,52.1532],[-10.39023,52.13491],[-10.35669,52.20693],[-10.1565,52.27886],[-10.16643,52.23578],[-10.04456,52.27177],[-9.91387,52.2342],[-9.73784,52.24946],[-9.83759,52.28937],[-9.83458,52.37641],[-9.90606,52.40371],[-9.70373,52.48469],[-9.63476,52.47474],[-9.68322,52.4958],[-9.63223,52.54692],[-9.23668,52.58277],[-8.75135,52.67418],[-8.76952,52.67438]]],[[[-6.46929,52.20099],[-6.45295,52.20099],[-6.46929,52.19915],[-6.46929,52.20099]]]]}},{"type":"Feature","id":"Q35581#island","properties":{"id":"Q35581#island","regionType":"island"},"geometry":{"type":"Polygon","coordinates":[[[142.05641,45.4032],[142.41602,45.125],[142.63063,44.88489],[142.98133,44.58765],[143.40516,44.31867],[143.65459,44.22134],[143.72804,44.11469],[144.10137,44.10156],[144.1342,44.08844],[144.10536,44.03278],[144.13819,44.02186],[144.19525,44.06406],[144.39515,43.95203],[144.74037,43.91578],[144.83106,43.94337],[145.34704,44.33285],[145.36959,44.29937],[145.35195,44.22978],[145.14418,43.95411],[145.0713,43.77576],[145.21406,43.57822],[145.33311,43.32075],[145.26991,43.34754],[145.25819,43.32825],[145.32154,43.27747],[145.51686,43.23017],[145.50294,43.27882],[145.66223,43.38115],[145.81518,43.37889],[145.62904,43.31098],[145.50508,43.17422],[145.30226,43.17463],[145.13832,43.12934],[145.12611,43.08826],[144.92139,43.00093],[144.8582,42.99693],[144.83998,43.04133],[144.7986,43.04792],[144.7376,42.97526],[144.51621,42.9436],[144.32289,43.00385],[144.04176,42.92768],[143.88624,42.8454],[143.63856,42.6623],[143.44801,42.45624],[143.33155,42.27839],[143.31367,42.08433],[143.23652,42.00019],[142.49731,42.2635],[141.8169,42.60077],[141.63624,42.61701],[141.4275,42.56556],[140.98613,42.34214],[140.73353,42.56531],[140.5005,42.58033],[140.41688,42.53937],[140.32521,42.43403],[140.28846,42.35133],[140.29152,42.26081],[140.5486,42.10676],[140.73379,42.11636],[141.15098,41.80508],[140.99951,41.7374],[140.78443,41.77167],[140.66017,41.82832],[140.51765,41.69862],[140.45265,41.6822],[140.44076,41.584],[140.38496,41.51929],[140.23066,41.44537],[140.08516,41.43408],[139.99531,41.57642],[140.02129,41.69575],[140.08423,41.80344],[140.1266,41.81525],[140.14479,41.98383],[140.06092,42.08118],[139.89512,42.19004],[139.83545,42.27808],[139.82228,42.39859],[139.89111,42.64922],[140.03761,42.6872],[140.22685,42.79737],[140.28126,42.75849],[140.37696,42.89509],[140.52101,42.9975],[140.48719,43.08393],[140.39746,43.16733],[140.39238,43.30313],[140.48691,43.33818],[140.79591,43.19672],[141.00457,43.19518],[141.16896,43.14203],[141.30384,43.19843],[141.39723,43.28095],[141.43995,43.36286],[141.40378,43.46149],[141.39766,43.64263],[141.44678,43.74863],[141.64051,43.93915],[141.66993,44.06782],[141.66084,44.26362],[141.74708,44.42542],[141.79164,44.59821],[141.75343,44.88666],[141.58631,45.1656],[141.59375,45.25596],[141.66797,45.40127],[141.82313,45.42377],[141.93769,45.50952],[142.04762,45.41535],[142.05641,45.4032]]]}},{"type":"Feature","id":"Q4526612","properties":{"id":"Q4526612","regionType":"island"},"geometry":{"type":"MultiPolygon","coordinates":[[[[80.26632,9.77946],[80.37598,9.64233],[80.71113,9.36636],[80.89346,9.08589],[80.93545,8.97148],[81.01602,8.93262],[81.19824,8.66196],[81.22695,8.50552],[81.33398,8.47207],[81.37285,8.43145],[81.42217,8.14785],[81.66543,7.78247],[81.68291,7.68447],[81.83203,7.42842],[81.87412,7.28833],[81.86143,6.90127],[81.76777,6.61431],[81.6374,6.42515],[81.30625,6.20386],[80.74292,5.98737],[80.4958,5.94937],[80.26738,6.00977],[80.09531,6.15317],[80.00723,6.3644],[79.85938,6.8293],[79.79209,7.58521],[79.70781,8.06567],[79.71299,8.18232],[79.7498,8.29424],[79.74971,8.04888],[79.7835,8.01846],[79.80889,8.05],[79.85088,8.41157],[79.9418,8.6915],[79.92891,8.89922],[80.06484,9.09565],[80.09961,9.20996],[80.11836,9.32686],[80.08633,9.57783],[80.31797,9.46543],[80.42832,9.48096],[80.38535,9.54878],[80.25762,9.61128],[80.0458,9.6499],[79.954,9.74233],[79.98232,9.81269],[80.20345,9.80573],[80.26632,9.77946]]],[[[79.85996,9.06572],[79.90371,8.975],[79.74766,9.10459],[79.85996,9.06572]]],[[[79.88848,9.74116],[79.91191,9.67915],[79.96953,9.63066],[79.90684,9.61982],[79.8457,9.71465],[79.87227,9.74434],[79.88848,9.74116]]]]}},{"type":"Feature","id":"Q22502","properties":{"id":"Q22502","regionType":"island"},"geometry":{"type":"Polygon","coordinates":[[[121.64955,25.19825],[121.85283,25.10444],[121.90229,25.05909],[121.929,24.97373],[121.81446,24.83289],[121.82803,24.53438],[121.73701,24.28525],[121.60719,24.07801],[121.58464,23.86892],[121.47685,23.42313],[121.36605,23.09941],[121.16123,22.77637],[121.02089,22.64911],[120.88636,22.36713],[120.87771,22.13613],[120.85837,22.00669],[120.83546,21.98841],[120.83984,21.925],[120.73693,21.96457],[120.69014,22.0331],[120.69679,22.11439],[120.56959,22.37507],[120.33211,22.53356],[120.24909,22.68114],[120.14587,22.98412],[120.16603,23.0329],[120.13153,23.01535],[120.07246,23.14976],[120.1171,23.29448],[120.14869,23.32349],[120.12818,23.33531],[120.1504,23.3993],[120.13213,23.65293],[120.60942,24.44538],[120.78258,24.66804],[120.82643,24.6673],[121.04063,25.03281],[121.37855,25.15919],[121.44313,25.13758],[121.39881,25.19337],[121.44961,25.24902],[121.51709,25.2769],[121.59365,25.27534],[121.63587,25.224],[121.64955,25.19825]]]}},{"type":"Feature","id":"Q170479","properties":{"id":"Q170479","regionType":"island"},"geometry":{"type":"Polygon","coordinates":[[[-124.93221,49.66711],[-124.83061,49.53008],[-124.70208,49.45661],[-124.07803,49.25714],[-123.9309,49.14472],[-123.62656,48.82402],[-123.49702,48.58208],[-123.45879,48.67037],[-123.30242,48.48536],[-123.45354,48.43476],[-123.53245,48.34924],[-123.64908,48.3425],[-124.00526,48.40878],[-124.6894,48.59731],[-125.12361,48.767],[-125.13569,48.82241],[-124.84966,49.02827],[-124.80024,49.14155],[-124.81265,49.21265],[-124.86831,49.07852],[-124.92734,49.01421],[-125.36274,48.99824],[-125.4603,48.94106],[-125.53289,48.9492],[-125.7587,49.12276],[-125.64424,49.18579],[-125.72803,49.19985],[-125.83545,49.27666],[-125.95166,49.24805],[-125.98384,49.28789],[-125.9354,49.40147],[-126.02031,49.36802],[-126.09985,49.42129],[-126.26842,49.44636],[-126.38775,49.43091],[-126.44453,49.45112],[-126.47697,49.42112],[-126.55803,49.5044],[-126.54189,49.59048],[-126.15781,49.65015],[-126.13408,49.67231],[-126.34756,49.66084],[-126.46279,49.72022],[-126.52524,49.71958],[-126.59287,49.76411],[-126.6831,49.87647],[-126.90332,49.94414],[-126.9771,49.88281],[-127.04174,49.87264],[-127.17346,49.92056],[-127.20752,49.99243],[-127.17964,50.07314],[-127.2498,50.13799],[-127.26992,50.11303],[-127.43249,50.13321],[-127.46714,50.16343],[-127.67485,50.16333],[-127.82441,50.11943],[-127.80449,50.2541],[-127.85083,50.31372],[-127.95552,50.35889],[-127.90586,50.44521],[-127.83154,50.47104],[-127.64141,50.4791],[-127.48652,50.40464],[-127.529,50.53677],[-127.46592,50.58311],[-127.75146,50.60737],[-127.73115,50.53574],[-127.8647,50.49888],[-128.05835,50.49849],[-128.2624,50.60589],[-128.3499,50.69658],[-128.34605,50.74424],[-128.24155,50.82817],[-128.10132,50.85776],[-127.78923,50.83554],[-126.97728,50.56421],[-126.59545,50.48139],[-126.10503,50.43406],[-125.53433,50.34248],[-125.42046,50.25464],[-125.2332,50.01221],[-124.98952,49.78017],[-124.93221,49.66711]]]}},{"type":"Feature","id":"Q4951156","properties":{"id":"Q4951156","regionType":"island"},"geometry":{"type":"Polygon","coordinates":[[[15.62416,38.26282],[15.56959,38.22803],[15.47568,38.06294],[15.2129,37.76264],[15.16484,37.58955],[15.09657,37.49567],[15.09657,37.34486],[15.23027,37.24434],[15.19276,37.24116],[15.17412,37.20918],[15.28867,37.09692],[15.29538,37.04352],[15.29454,37.0135],[15.17457,36.94526],[15.09388,36.80073],[15.1126,36.68784],[14.88209,36.73182],[14.77598,36.7104],[14.50186,36.79868],[14.36976,36.97431],[14.20826,37.08234],[14.08851,37.1189],[13.9049,37.10083],[13.75891,37.15898],[13.5691,37.27473],[13.33791,37.36351],[13.17396,37.48823],[13.04033,37.50654],[12.94239,37.56971],[12.69902,37.57183],[12.64023,37.59434],[12.52676,37.66953],[12.43768,37.81456],[12.46485,37.82398],[12.46879,37.8969],[12.54766,38.05293],[12.60816,38.06361],[12.6747,38.11711],[12.70436,38.11201],[12.73438,38.18306],[12.81825,38.07911],[12.90101,38.02924],[13.06129,38.08472],[13.05857,38.13191],[13.1484,38.18367],[13.29111,38.19145],[13.35166,38.18052],[13.39125,38.10431],[13.49131,38.10312],[13.65089,38.00214],[13.79066,37.97486],[14.04414,38.03968],[14.27308,38.0163],[14.51149,38.0456],[14.63453,38.08271],[14.73721,38.15078],[14.84782,38.17162],[15.04884,38.15296],[15.08778,38.12946],[15.17726,38.15754],[15.22402,38.21104],[15.39943,38.23371],[15.50232,38.29113],[15.56836,38.2959],[15.62847,38.26254],[15.62416,38.26282]]]}},{"type":"Feature","id":"Q1462","properties":{"id":"Q1462","regionType":"island"},"geometry":{"type":"MultiPolygon","coordinates":[[[[8.41816,39.20571],[8.39912,39.48159],[8.44707,39.56279],[8.45117,39.72168],[8.47109,39.7481],[8.51074,39.72168],[8.54053,39.73159],[8.54775,39.83921],[8.4959,39.89746],[8.40781,39.91724],[8.40859,40.03765],[8.45508,40.07759],[8.4708,40.13071],[8.47129,40.29268],[8.40918,40.35234],[8.35322,40.50054],[8.18994,40.65161],[8.18086,40.77105],[8.20381,40.8707],[8.22422,40.91333],[8.31016,40.85752],[8.46846,40.83433],[8.69893,40.89526],[8.82119,40.9499],[8.99814,41.11035],[9.10723,41.14292],[9.16309,41.18516],[9.18213,41.24219],[9.22842,41.25708],[9.28301,41.20166],[9.45518,41.15015],[9.53877,41.05366],[9.61533,41.01729],[9.55371,40.93213],[9.68203,40.81811],[9.80527,40.49956],[9.7542,40.40029],[9.64297,40.26841],[9.70674,40.01704],[9.61699,39.35439],[9.5625,39.16602],[9.48633,39.13955],[9.26416,39.2168],[9.14932,39.19697],[9.05635,39.23916],[9.02266,39.04326],[8.9666,38.96372],[8.88135,38.91289],[8.64854,38.92656],[8.48623,39.1105],[8.41816,39.20571]]],[[[8.34375,41.10161],[8.25273,40.99414],[8.20566,40.99746],[8.26738,41.09912],[8.32021,41.12188],[8.34375,41.10161]]],[[[8.44063,39.09063],[8.47891,39.06753],[8.42148,38.96865],[8.36094,39.03867],[8.3668,39.11592],[8.44063,39.09063]]]]}},{"type":"Feature","id":"Q25277","properties":{"id":"Q25277","regionType":"island"},"geometry":{"type":"Polygon","coordinates":[[[-71.84574,19.69903],[-71.74737,19.69806],[-71.697,19.80768],[-71.62528,19.87222],[-71.28264,19.84296],[-70.95415,19.91397],[-70.63618,19.77564],[-70.40222,19.74652],[-70.19385,19.63804],[-69.90335,19.60494],[-69.82116,19.35413],[-69.7394,19.29922],[-69.32495,19.32773],[-69.23247,19.27183],[-69.32275,19.20107],[-69.60596,19.20649],[-69.62363,19.11782],[-69.44658,19.09586],[-69.25811,18.99946],[-69.07961,19.01879],[-68.90137,18.98848],[-68.58818,18.81965],[-68.36175,18.64341],[-68.4481,18.4151],[-68.56377,18.35547],[-68.6874,18.21494],[-68.9771,18.4339],[-69.51183,18.41595],[-69.89428,18.48682],[-70.1416,18.2771],[-70.28297,18.24016],[-70.47993,18.21729],[-70.52743,18.24523],[-70.59984,18.39857],[-71.02783,18.27319],[-71.08223,18.22436],[-71.08262,18.12837],[-71.14655,18.0146],[-71.4621,17.66165],[-71.57811,17.75972],[-71.71245,18.00547],[-71.94609,18.18608],[-72.05986,18.22856],[-72.22265,18.25751],[-72.65758,18.17939],[-73.02205,18.17939],[-73.38516,18.25117],[-73.51484,18.24536],[-73.74731,18.19023],[-73.88496,18.0419],[-74.0042,18.16932],[-74.37126,18.3298],[-74.45458,18.47895],[-74.35278,18.63548],[-74.3098,18.64883],[-73.5916,18.52236],[-72.78936,18.43481],[-72.696,18.46821],[-72.61807,18.55078],[-72.37607,18.57446],[-72.34766,18.67495],[-72.73095,18.98379],[-72.76797,19.24063],[-72.70322,19.44106],[-73.01207,19.59754],[-73.31131,19.63688],[-73.40489,19.6716],[-73.43527,19.71742],[-73.27135,19.85682],[-72.86765,19.92707],[-72.7061,19.90873],[-72.49346,19.81977],[-72.02776,19.70081],[-71.84574,19.69903]]]}},{"type":"Feature","id":"Q644636","properties":{"id":"Q644636","regionType":"island"},"geometry":{"type":"Polygon","coordinates":[[[34.41046,35.56301],[33.92335,35.27973],[33.89967,35.1656],[34.02363,35.04556],[34.0502,34.98838],[33.68019,34.96754],[33.51445,34.80644],[33.43837,34.76396],[33.40004,34.7746],[33.39894,34.74653],[33.31144,34.72189],[33.07215,34.688],[33.00978,34.62604],[33.00798,34.56971],[32.9418,34.57588],[32.91346,34.6579],[32.83424,34.67213],[32.69297,34.64937],[32.44902,34.72944],[32.31719,34.95332],[32.30098,35.08296],[32.41371,35.0442],[32.55596,35.15576],[32.65234,35.18267],[32.82826,35.14973],[32.89247,35.17628],[32.92909,35.2342],[32.9416,35.39043],[33.0735,35.35834],[33.42738,35.33008],[33.66017,35.36048],[34.06348,35.47398],[34.41113,35.6293],[34.55606,35.66206],[34.44129,35.58478],[34.41046,35.56301]]]}},{"type":"Feature","id":"Q27508031","properties":{"id":"Q27508031","regionType":"island"},"geometry":{"type":"Polygon","coordinates":[[[-77.03094,17.85381],[-77.07129,17.90127],[-77.11948,17.88008],[-77.1584,17.84507],[-77.18993,17.75698],[-77.22732,17.73421],[-77.36143,17.83369],[-77.74895,17.87391],[-77.8813,18.01904],[-77.97728,18.0697],[-78.04448,18.17383],[-78.29409,18.21807],[-78.3395,18.28721],[-78.32805,18.34017],[-77.91148,18.50688],[-77.01233,18.4029],[-76.32508,18.11344],[-76.21928,17.93546],[-76.5498,17.8749],[-76.66939,17.92764],[-76.77432,17.94043],[-76.74829,17.96489],[-76.85322,17.97373],[-76.93137,17.86353],[-77.01738,17.86207],[-77.03094,17.85381]]]}},{"type":"Feature","id":"Q14112","properties":{"id":"Q14112","regionType":"island"},"geometry":{"type":"Polygon","coordinates":[[[9.55645,42.16094],[9.55068,42.12974],[9.40088,41.92622],[9.39482,41.7312],[9.37422,41.67881],[9.33086,41.62715],[9.25342,41.46006],[9.18613,41.38491],[8.89502,41.51616],[8.80752,41.58838],[8.879,41.66855],[8.88682,41.70068],[8.71797,41.76143],[8.71865,41.804],[8.75869,41.87041],[8.74043,41.92515],[8.62187,41.93071],[8.61514,41.95913],[8.70254,42.04312],[8.70098,42.0956],[8.6416,42.11821],[8.58779,42.16084],[8.56621,42.2188],[8.60791,42.25845],[8.67549,42.28403],[8.62588,42.34341],[8.56563,42.35771],[8.64004,42.42656],[8.71309,42.54976],[8.81484,42.60791],[9.04365,42.66167],[9.13789,42.73291],[9.19805,42.7292],[9.28769,42.69463],[9.31338,42.71318],[9.33838,42.76689],[9.32305,42.81406],[9.33096,42.9438],[9.36318,43.01738],[9.41523,43.02148],[9.46328,42.98101],[9.48037,42.80542],[9.4542,42.65859],[9.52617,42.55264],[9.55645,42.16094]]]}},{"type":"Feature","id":"Q34374#island","properties":{"id":"Q34374#island","regionType":"island"},"geometry":{"type":"Polygon","coordinates":[[[23.92897,35.52186],[24.03565,35.52466],[24.05738,35.55408],[24.094,35.55543],[24.09336,35.59385],[24.16602,35.59522],[24.19775,35.53745],[24.07179,35.49952],[24.18653,35.45295],[24.25529,35.46859],[24.26539,35.37104],[24.33985,35.34956],[24.72129,35.4248],[25.00313,35.40986],[25.07691,35.34571],[25.29678,35.33935],[25.45338,35.2953],[25.58223,35.32969],[25.74366,35.33692],[25.75478,35.31896],[25.72486,35.27204],[25.7389,35.26118],[25.74991,35.28548],[25.7459,35.25792],[25.714,35.17518],[25.7284,35.13453],[25.79506,35.11628],[25.89336,35.1792],[26.02803,35.21528],[26.15504,35.1991],[26.32022,35.31514],[26.26588,35.26118],[26.28799,35.20313],[26.24233,35.04401],[26.16562,35.0186],[25.98475,35.04035],[24.79928,34.93463],[24.7518,34.94869],[24.7588,35.04273],[24.71791,35.09522],[24.5834,35.11533],[24.40187,35.19227],[24.2931,35.18342],[23.82655,35.25379],[23.63407,35.23711],[23.56162,35.29517],[23.54952,35.39875],[23.57325,35.43592],[23.56982,35.53477],[23.60789,35.56561],[23.64149,35.50825],[23.71827,35.51398],[23.71504,35.60474],[23.73691,35.65552],[23.7707,35.63429],[23.79921,35.54578],[23.90126,35.52839],[23.92897,35.52186]]]}},{"type":"Feature","id":"Q8828","properties":{"id":"Q8828","regionType":"island"},"geometry":{"type":"Polygon","coordinates":[[[3.16835,39.94361],[3.11537,39.91596],[3.09669,39.92066],[3.09462,39.88843],[3.19863,39.88984],[3.18702,39.86152],[3.12623,39.839],[3.13636,39.79597],[3.22377,39.75684],[3.29225,39.75684],[3.34219,39.78672],[3.3959,39.7773],[3.44949,39.75846],[3.46182,39.69775],[3.32313,39.53107],[3.24502,39.38717],[3.13317,39.32487],[3.07285,39.30127],[2.99862,39.3301],[2.99122,39.3545],[2.95875,39.37037],[2.79981,39.38506],[2.76982,39.41025],[2.74342,39.53059],[2.68141,39.56586],[2.65516,39.57185],[2.56886,39.53864],[2.4994,39.47803],[2.4702,39.51574],[2.48048,39.52351],[2.45375,39.54456],[2.44001,39.53336],[2.39434,39.54038],[2.37002,39.57207],[2.37129,39.61309],[2.78496,39.85483],[2.90899,39.90933],[3.16057,39.97005],[3.19756,39.96108],[3.18836,39.95084],[3.16835,39.94361]]]}},{"type":"Feature","id":"Q3593416","properties":{"id":"Q3593416","regionType":"island"},"geometry":{"type":"Polygon","coordinates":[[[144.77235,-40.72649],[144.80952,-40.71722],[145.11866,-40.82024],[145.14613,-40.80645],[145.13331,-40.79058],[145.22657,-40.79656],[145.27403,-40.76919],[145.26991,-40.79608],[145.34205,-40.84234],[145.5282,-40.86269],[145.57191,-40.90826],[145.73379,-40.96201],[145.8097,-41.02569],[146.07887,-41.11321],[146.35365,-41.16668],[146.55617,-41.14388],[146.58546,-41.17889],[146.59095,-41.14593],[146.72344,-41.07803],[146.80848,-41.13333],[146.80799,-41.15557],[146.94947,-41.15984],[146.83604,-41.10938],[146.85664,-41.0583],[146.98984,-40.99238],[147.17091,-41.0053],[147.32051,-40.95645],[147.44471,-41.00713],[147.62168,-40.84473],[147.84938,-40.88751],[147.91603,-40.85149],[147.96875,-40.77959],[148.03281,-40.78096],[148.21523,-40.85488],[148.29287,-40.94707],[148.26881,-41.18048],[148.30889,-41.28472],[148.25392,-41.32476],[148.25782,-41.34539],[148.31006,-41.30763],[148.31221,-41.34971],[148.27931,-41.44915],[148.29026,-41.76548],[148.26075,-41.79913],[148.31572,-41.92773],[148.29921,-42.04937],[148.34082,-42.11113],[148.31581,-42.169],[148.34258,-42.21533],[148.33082,-42.26155],[148.29033,-42.25498],[148.27918,-42.22536],[148.30629,-42.18462],[148.28007,-42.15098],[148.31996,-42.11822],[148.18427,-42.0635],[148.2416,-42.02188],[148.24232,-41.98968],[148.18092,-41.9461],[148.19534,-41.98669],[148.14686,-41.9981],[148.15429,-42.04087],[148.12989,-42.05438],[148.15625,-42.08828],[148.09278,-42.09893],[148.07921,-42.15653],[147.96363,-42.33856],[148.01152,-42.3133],[148.00938,-42.43594],[147.94332,-42.54683],[147.91517,-42.51605],[147.88856,-42.544],[147.92372,-42.57729],[147.91376,-42.74757],[147.88917,-42.75945],[147.88856,-42.81829],[147.84449,-42.86492],[147.85829,-42.88726],[147.91517,-42.88726],[147.88148,-42.87042],[147.92151,-42.83826],[147.95772,-42.96045],[147.94947,-43.07159],[147.98086,-43.15703],[147.91383,-43.18576],[147.88258,-43.13043],[147.8567,-43.15508],[147.8609,-43.19234],[147.78584,-43.22002],[147.70539,-43.1298],[147.74781,-43.10455],[147.68024,-43.08518],[147.64795,-43.02061],[147.68731,-42.97988],[147.78553,-43.04742],[147.86061,-43.04485],[147.90895,-43.01763],[147.84486,-42.9876],[147.83326,-42.96234],[147.86061,-42.94927],[147.83375,-42.94329],[147.82679,-42.89288],[147.76503,-42.90093],[147.61891,-42.8556],[147.59571,-42.82024],[147.53334,-42.8355],[147.50282,-42.88091],[147.54902,-42.97451],[147.45234,-43.0334],[147.44521,-43.01094],[147.48365,-42.97723],[147.46632,-42.96234],[147.47706,-42.90777],[147.42213,-42.92571],[147.40943,-42.8869],[147.28346,-42.77728],[147.25978,-42.78887],[147.30069,-42.82485],[147.34766,-42.92656],[147.325,-43.01348],[147.25428,-43.02606],[147.2713,-43.04948],[147.24502,-43.21592],[147.17285,-43.25586],[147.10115,-43.21529],[147.11891,-43.18792],[147.10646,-43.1535],[147.06783,-43.19644],[147.02394,-43.1716],[147.01771,-43.11126],[146.97267,-43.12994],[146.96632,-43.19793],[147.07734,-43.27588],[147.04123,-43.31353],[146.96241,-43.33917],[147.02498,-43.33678],[146.98284,-43.42766],[146.92152,-43.4284],[146.97475,-43.44916],[146.94313,-43.4754],[146.92932,-43.53701],[146.90162,-43.53094],[146.90805,-43.566],[146.87393,-43.6125],[146.69922,-43.60195],[146.59152,-43.53543],[146.55445,-43.46819],[146.55352,-43.51196],[146.27482,-43.51541],[146.26368,-43.49053],[146.22169,-43.48418],[146.20329,-43.51329],[146.14979,-43.50445],[146.04306,-43.54682],[146.02369,-43.45074],[145.982,-43.40774],[145.99335,-43.37884],[146.09617,-43.35679],[146.16114,-43.41485],[146.17994,-43.3637],[146.22999,-43.39434],[146.22938,-43.31854],[146.1681,-43.27642],[146.1251,-43.31123],[146.06751,-43.28069],[145.97249,-43.27757],[145.96314,-43.22588],[145.91688,-43.19463],[145.91554,-43.24554],[145.86915,-43.27178],[145.92646,-43.28444],[145.87324,-43.29238],[145.8082,-43.24779],[145.8025,-43.20684],[145.73439,-43.14214],[145.72975,-43.09881],[145.70363,-43.10661],[145.67453,-43.06837],[145.688,-43.04864],[145.63356,-43.02374],[145.59742,-42.97064],[145.4876,-42.92666],[145.35255,-42.64959],[145.32756,-42.64782],[145.28419,-42.57225],[145.29774,-42.55767],[145.26029,-42.52182],[145.19883,-42.23086],[145.37295,-42.33848],[145.43486,-42.40654],[145.47193,-42.51165],[145.55799,-42.34039],[145.51771,-42.35799],[145.51258,-42.32452],[145.48894,-42.33202],[145.3649,-42.23123],[145.34559,-42.14605],[145.23486,-42.19697],[145.26625,-42.12225],[145.25123,-42.04022],[144.91553,-41.64404],[144.77793,-41.41885],[144.78102,-41.36407],[144.69775,-41.19072],[144.64609,-40.98086],[144.67424,-40.89322],[144.70362,-40.87017],[144.71856,-40.67227],[144.76612,-40.7254],[144.77235,-40.72649]]]}},{"type":"Feature","id":"Q81178","properties":{"id":"Q81178","regionType":"island"},"geometry":{"type":"MultiPolygon","coordinates":[[[[-83.48844,73.61805],[-82.41015,73.71985],[-81.43378,73.64305],[-81.07134,73.23298],[-80.28524,72.73939],[-81.22935,72.31172],[-81.24058,72.27793],[-80.76079,72.45718],[-80.61147,72.45083],[-80.70244,72.33828],[-80.94121,72.21016],[-80.69141,72.10347],[-80.92109,72.07231],[-80.92515,71.90767],[-80.18193,72.20879],[-79.88438,72.1772],[-80.10894,72.33218],[-80.0418,72.39424],[-79.8313,72.44629],[-79.58369,72.31465],[-79.39437,72.3543],[-79.00024,72.27202],[-79.00781,72.04292],[-78.58511,71.88062],[-78.86274,72.10083],[-78.82012,72.26543],[-78.69927,72.35142],[-78.42881,72.27979],[-78.11636,72.28032],[-77.72603,72.17998],[-77.5165,72.17778],[-77.53574,72.21875],[-78.28721,72.35981],[-78.45308,72.4352],[-78.48067,72.49934],[-77.16464,72.73207],[-76.89351,72.72065],[-76.18877,72.57222],[-75.7043,72.57153],[-75.43465,72.51191],[-75.07148,72.32285],[-75.05269,72.22637],[-75.39414,72.03979],[-75.54277,72.00796],[-75.9228,71.71724],[-75.42837,71.98438],[-74.90317,72.10049],[-74.52552,72.08602],[-74.2103,71.96674],[-74.31572,71.84268],[-74.89297,71.72554],[-75.20479,71.70913],[-74.70078,71.67559],[-74.82895,71.5709],[-74.86831,71.50474],[-74.84072,71.40659],[-75.03535,71.23052],[-74.99619,71.21811],[-74.75894,71.33813],[-74.59956,71.58486],[-74.48809,71.64839],[-73.81406,71.77144],[-73.71357,71.71987],[-74.19727,71.40415],[-73.71284,71.5876],[-73.18062,71.28286],[-73.31045,71.48428],[-73.27822,71.53799],[-72.94755,71.65971],[-71.89016,71.56319],[-71.18895,71.27576],[-71.49502,71.10513],[-71.93794,71.09429],[-72.63272,70.83076],[-72.31255,70.83252],[-72.00918,71.01343],[-71.74253,71.04688],[-71.37085,70.97515],[-71.18623,70.97803],[-70.82607,71.10874],[-70.67266,71.0522],[-70.63911,70.90244],[-70.76172,70.79224],[-71.02178,70.67412],[-71.58594,70.56587],[-71.89019,70.43154],[-71.72725,70.39521],[-71.42666,70.5521],[-71.27588,70.50029],[-71.42944,70.12778],[-70.97979,70.58106],[-70.56094,70.73828],[-70.08472,70.82954],[-69.2158,70.77171],[-68.36553,70.5301],[-68.41665,70.43999],[-68.79365,70.32441],[-69.43569,70.25312],[-70.05772,70.04263],[-69.79585,70.04692],[-69.48301,70.16006],[-68.77822,70.20356],[-68.72329,70.14565],[-69.0083,69.97895],[-68.74404,69.94141],[-68.48936,70.06484],[-68.23066,70.11221],[-68.3272,70.18018],[-68.20352,70.28149],[-68.05637,70.31676],[-67.20806,69.86396],[-67.19277,69.75684],[-67.33672,69.721],[-68.02041,69.77007],[-68.37207,69.64438],[-68.83711,69.62354],[-69.25078,69.51191],[-68.51304,69.5773],[-67.90825,69.46011],[-67.23696,69.46011],[-66.76491,69.33395],[-66.74832,69.16158],[-67.60723,69.17319],[-67.93848,69.24814],[-68.19819,69.20269],[-68.4063,69.23223],[-69.04063,69.098],[-68.30396,69.16641],[-67.75171,69.03867],[-67.75102,68.93384],[-67.8832,68.78398],[-68.32422,68.84404],[-68.72529,68.8102],[-69.34268,68.86938],[-68.87144,68.75996],[-68.2104,68.70298],[-68.15249,68.68106],[-68.14834,68.61611],[-67.93848,68.52417],[-67.65596,68.55073],[-67.20249,68.46587],[-66.71392,68.4457],[-66.99727,68.37417],[-67.03296,68.32607],[-66.83096,68.21563],[-66.9231,68.06572],[-66.729,68.129],[-66.66269,68.03442],[-66.60547,68.11001],[-66.63096,68.21064],[-66.2124,68.28042],[-66.27471,68.04077],[-66.52647,67.85117],[-66.39238,67.83193],[-66.22519,67.95874],[-65.94238,68.07095],[-65.9749,67.95742],[-65.86436,67.92285],[-65.70171,67.98667],[-65.50908,67.96826],[-65.54087,67.76562],[-65.40127,67.67485],[-65.44224,67.83232],[-65.41533,67.87925],[-64.9769,68.04341],[-64.83545,67.98999],[-65.02603,67.89204],[-65.07144,67.82383],[-65.02109,67.78755],[-64.63779,67.84023],[-64.15625,67.623],[-64.01943,67.65488],[-63.85019,67.56606],[-64.07749,67.4956],[-64.00796,67.34731],[-64.69995,67.35054],[-64.58926,67.31553],[-64.37593,67.30107],[-64.35644,67.25615],[-63.83623,67.26411],[-63.82412,67.31567],[-63.5916,67.37754],[-63.04014,67.23501],[-63.16162,67.17436],[-63.2584,67.02466],[-63.70156,66.82236],[-62.96231,66.94927],[-62.37974,66.90537],[-62.12358,67.04673],[-61.96856,67.01904],[-61.34051,66.67948],[-61.37981,66.58782],[-61.52783,66.5581],[-61.90449,66.67812],[-62.12334,66.64307],[-61.62223,66.46697],[-61.83458,66.39112],[-61.90994,66.31107],[-62.37451,66.41084],[-62.55313,66.40684],[-62.40566,66.31592],[-62.53359,66.227],[-62.11991,66.10291],[-62.26928,66.00716],[-62.62412,66.01626],[-62.41683,65.91257],[-62.69384,65.73499],[-63.1944,65.67089],[-63.45874,65.85303],[-63.4209,65.70859],[-63.65195,65.67432],[-63.33745,65.61675],[-63.36341,65.23943],[-63.51466,64.999],[-63.89678,65.21943],[-64.33691,65.20964],[-64.26968,65.40078],[-64.49907,65.20604],[-64.59978,65.2038],[-65.38777,65.79822],[-65.18486,65.93994],[-64.85371,66.01592],[-64.673,66.19272],[-64.44536,66.31714],[-64.65518,66.28701],[-65.00449,66.07773],[-65.30537,66.00845],[-65.66945,65.99154],[-65.83056,66.10211],[-65.65635,66.20474],[-65.88228,66.1376],[-66.11516,66.29743],[-66.4179,66.29517],[-66.71904,66.46727],[-66.7874,66.55566],[-66.98633,66.62749],[-66.96899,66.54717],[-67.07685,66.52549],[-67.30732,66.56973],[-67.31768,66.52036],[-67.19175,66.43276],[-67.18975,66.32173],[-67.22539,66.31025],[-67.8834,66.46743],[-67.70449,66.2686],[-67.23855,66.06166],[-67.25957,65.98896],[-67.58652,65.92724],[-67.82803,65.96519],[-68.45991,66.24927],[-68.74893,66.20005],[-68.46709,66.17319],[-68.21719,66.07886],[-68.25684,65.93862],[-68.11504,65.82778],[-67.98231,65.80022],[-68.02727,65.77717],[-67.90285,65.71132],[-67.96182,65.58193],[-67.73151,65.62063],[-67.26884,65.37577],[-67.33652,65.34658],[-67.0665,65.24409],[-66.97036,65.08491],[-66.83091,65.07417],[-66.69741,64.81519],[-66.6667,64.97383],[-66.56018,64.98219],[-66.23229,64.81573],[-66.28213,64.75532],[-66.21465,64.72241],[-66.12858,64.76484],[-65.20582,64.31019],[-65.59365,64.31113],[-65.19277,64.12983],[-65.14961,64.08716],[-65.16987,64.02817],[-64.91038,64.02625],[-64.52526,63.50159],[-64.63062,63.2444],[-64.66465,63.24536],[-64.9333,63.59927],[-65.19185,63.76426],[-65.0894,63.60596],[-65.00478,63.3334],[-65.06894,63.26348],[-64.7739,63.00022],[-64.8437,62.88144],[-65.16279,62.93262],[-65.04658,62.70146],[-65.0502,62.64614],[-65.1085,62.62647],[-65.57241,62.8689],[-65.74038,62.93198],[-65.83369,62.90854],[-66.22402,63.10718],[-66.21482,63.04476],[-66.53105,63.13777],[-66.65498,63.26475],[-66.64383,63.17094],[-67.01792,63.3165],[-67.25177,63.33669],[-67.89326,63.73374],[-67.72421,63.42825],[-68.78661,63.81342],[-68.91108,63.70322],[-68.14126,63.17231],[-67.67598,63.09356],[-67.73696,63.00957],[-67.36665,62.91416],[-66.97954,62.70083],[-66.64487,62.60205],[-66.28125,62.30269],[-65.98018,62.20889],[-66.02695,62.13721],[-66.13315,62.10239],[-66.05889,61.91387],[-66.25669,61.86826],[-67.44014,62.15127],[-68.53589,62.25561],[-69.12559,62.42397],[-69.60474,62.76772],[-70.03747,62.76305],[-70.91006,62.94718],[-71.0896,63.02411],[-70.94604,63.1207],[-71.18188,63.06365],[-71.80382,63.33015],[-71.90192,63.43246],[-71.61426,63.44409],[-71.38086,63.58032],[-71.51348,63.58657],[-71.83755,63.72495],[-72.16913,63.71113],[-72.25407,63.79465],[-72.15937,63.88989],[-72.35998,63.84761],[-73.45454,64.39927],[-73.27129,64.58252],[-73.91035,64.57812],[-73.95039,64.46582],[-74.0648,64.42466],[-74.13047,64.60781],[-74.46123,64.64468],[-74.6814,64.83066],[-74.91626,64.79199],[-74.64004,64.55708],[-74.69473,64.49658],[-74.89395,64.46572],[-75.21504,64.46939],[-75.48779,64.54077],[-75.71504,64.52437],[-75.7667,64.39194],[-76.11807,64.37632],[-76.72383,64.24204],[-77.79116,64.36709],[-78.17456,64.61772],[-78.1897,64.75181],[-78.09561,64.93926],[-77.99458,65.02261],[-77.36089,65.19653],[-77.4604,65.35591],[-77.32671,65.45312],[-76.48169,65.36973],[-75.82832,65.22705],[-75.51992,65.05601],[-75.50156,65.01309],[-75.58911,64.90503],[-75.4521,64.8416],[-75.35713,65.00874],[-75.79868,65.29751],[-75.16631,65.28394],[-74.98174,65.38144],[-74.49478,65.37168],[-74.23686,65.48389],[-73.9896,65.51699],[-73.55078,65.48525],[-73.73656,65.76038],[-74.4054,66.17798],[-73.03325,66.72817],[-72.94678,66.88325],[-72.78882,67.03061],[-72.36494,67.1334],[-72.22002,67.2543],[-72.23413,67.28442],[-72.31144,67.3142],[-72.27282,67.33674],[-72.63878,67.81525],[-73.08916,68.26557],[-73.31629,68.32447],[-73.30688,68.36782],[-73.39568,68.34506],[-73.87085,68.46627],[-73.78252,68.57803],[-73.85156,68.70137],[-74.11797,68.70093],[-73.96606,68.57876],[-73.98926,68.54863],[-74.27012,68.54121],[-74.64795,68.70752],[-74.69995,68.80835],[-74.89297,68.80815],[-74.74326,68.91338],[-74.954,68.96108],[-74.7167,69.04551],[-74.85488,69.06582],[-75.14497,68.92892],[-75.22844,68.96931],[-75.52266,68.95273],[-75.62305,68.88774],[-76.35229,68.70315],[-76.61805,68.7381],[-76.55723,69.00947],[-76.38091,69.05244],[-75.84771,69.05378],[-75.66797,69.15884],[-75.64775,69.21255],[-75.69359,69.25191],[-75.65068,69.30707],[-76.41063,69.44782],[-76.52036,69.5166],[-76.51611,69.59092],[-76.46328,69.61997],[-76.23408,69.66211],[-76.51328,69.68394],[-76.74233,69.5729],[-77.12853,69.65295],[-76.85859,69.77539],[-77.01597,69.83613],[-77.59165,69.84561],[-77.77402,70.23852],[-78.29662,70.23603],[-78.97979,70.58135],[-79.15977,70.57524],[-79.34663,70.48189],[-79.40523,70.40073],[-79.15203,70.34441],[-78.80981,70.17856],[-78.77519,70.10434],[-78.8188,70.01045],[-79.09287,69.92534],[-79.4996,69.88814],[-80.50695,70.08057],[-81.55957,70.11123],[-81.68755,70.07532],[-80.84299,69.79174],[-80.92173,69.73091],[-81.5647,69.94272],[-82.17435,69.84022],[-82.85674,70.01081],[-84.06713,69.98267],[-85.43237,70.11138],[-85.92021,70.05962],[-86.36143,70.17305],[-86.4998,70.35039],[-86.39687,70.46533],[-86.70415,70.39072],[-87.12246,70.41196],[-87.17197,70.39985],[-87.06328,70.3251],[-87.61777,70.31875],[-87.90068,70.2519],[-88.4021,70.44248],[-88.84844,70.5229],[-89.2083,70.75972],[-89.45591,71.06172],[-88.69565,71.0456],[-87.84492,70.94438],[-87.14009,71.01162],[-87.87246,71.20855],[-89.07935,71.28794],[-89.69331,71.42349],[-89.84575,71.49228],[-89.98447,71.85713],[-89.99313,71.98309],[-89.93149,72.04902],[-89.65727,72.17505],[-89.85869,72.24834],[-89.87316,72.31641],[-89.78195,72.49809],[-89.35771,72.80415],[-89.29535,72.99303],[-89.14,73.14936],[-88.51818,73.46241],[-87.45704,73.76105],[-86.43784,73.85298],[-85.29918,73.81758],[-85.02116,73.67626],[-86.00054,73.31255],[-86.62935,72.8708],[-86.66777,72.76255],[-86.32256,72.46084],[-86.34136,72.12319],[-86.21846,71.89912],[-86.03613,71.77095],[-85.02339,71.35322],[-85.40537,71.22676],[-85.94541,71.16265],[-86.58935,71.01079],[-86.32129,71.0168],[-85.64385,71.15244],[-85.09487,71.15195],[-85.00156,71.13745],[-85.04766,71.05869],[-84.87031,71.00181],[-84.7896,71.09326],[-84.67432,71.43877],[-84.65996,71.58613],[-84.69941,71.63144],[-85.33906,71.69727],[-85.59619,71.86641],[-85.91162,71.98652],[-85.5458,72.10156],[-85.32188,72.23315],[-85.01875,72.21816],[-84.28232,72.05845],[-84.84199,72.30815],[-84.62305,72.37656],[-85.1564,72.38291],[-85.39131,72.44399],[-85.63789,72.6332],[-85.64453,72.77446],[-85.45479,72.92515],[-85.26211,72.954],[-84.25664,72.79673],[-84.27427,72.83643],[-85.38389,73.04541],[-85.45474,73.10547],[-85.01841,73.3355],[-84.41606,73.45649],[-83.78189,73.41689],[-83.91499,73.5084],[-83.81782,73.55186],[-83.48844,73.61805]]],[[[-67.8291,69.675],[-67.75459,69.63144],[-67.94028,69.53486],[-68.22139,69.61675],[-67.90884,69.68184],[-67.8291,69.675]]],[[[-62.87163,67.0626],[-62.62529,67.17695],[-62.39634,67.17832],[-62.80542,67.02881],[-62.87163,67.0626]]]]}},{"type":"Feature","id":"Q158129","properties":{"id":"Q158129","regionType":"island"},"geometry":{"type":"Polygon","coordinates":[[[-104.38486,71.33755],[-104.48706,71.2479],[-104.56958,71.10405],[-104.16685,70.9272],[-103.95347,70.76265],[-103.58457,70.63086],[-103.10498,70.51025],[-103.00518,70.52593],[-103.08281,70.61909],[-103.08857,70.64971],[-103.04956,70.65508],[-102.75049,70.52187],[-101.98984,70.28506],[-101.67632,70.27827],[-101.62681,70.24834],[-101.61846,70.17241],[-101.5624,70.13501],[-101.09077,70.13569],[-100.97334,70.02949],[-100.90908,69.86919],[-100.93511,69.71533],[-101.0437,69.6687],[-101.21621,69.67964],[-101.4001,69.74927],[-101.48384,69.85019],[-101.60249,69.72129],[-101.73359,69.70415],[-102.18213,69.84595],[-102.5959,69.71792],[-102.53486,69.6208],[-102.62109,69.55151],[-102.91978,69.56465],[-103.30322,69.67432],[-103.43477,69.66768],[-103.46489,69.64448],[-103.41802,69.61143],[-103.04893,69.47178],[-103.03979,69.36758],[-103.12022,69.20459],[-102.88408,69.34131],[-102.44678,69.47632],[-102.15142,69.4877],[-101.97822,69.4251],[-102.0669,69.33711],[-102.04609,69.25767],[-101.87285,69.23994],[-101.78926,69.18164],[-101.78779,69.13228],[-101.85713,69.02397],[-102.89507,68.82363],[-103.46821,68.80854],[-104.06733,68.86558],[-104.35269,68.92817],[-104.57144,68.87212],[-105.10586,68.92041],[-105.16929,68.95537],[-105.02163,69.05249],[-105.01958,69.08125],[-106.14087,69.16201],[-106.34116,69.22437],[-106.36138,69.38106],[-106.41997,69.41377],[-106.65908,69.4396],[-106.85581,69.34731],[-107.03345,69.18076],[-107.43989,69.00215],[-108.36499,68.93477],[-108.9459,68.75981],[-109.47212,68.67671],[-110.8481,68.57842],[-111.12759,68.58833],[-111.31094,68.54204],[-113.01953,68.48135],[-113.2314,68.5354],[-113.55483,68.76758],[-113.61685,68.83848],[-113.59253,68.95986],[-113.69414,69.19502],[-114.32295,69.26914],[-115.61812,69.28296],[-116.10156,69.33716],[-116.51348,69.42461],[-116.60947,69.51201],[-117.104,69.80425],[-117.19541,70.05405],[-117.13545,70.10015],[-116.55381,70.17505],[-114.59233,70.31245],[-112.63789,70.22524],[-112.18965,70.27559],[-111.78369,70.2729],[-111.63257,70.30884],[-112.11416,70.44688],[-113.75728,70.69072],[-115.99092,70.58628],[-116.3273,70.62373],[-116.99253,70.60366],[-117.58706,70.62954],[-118.26406,70.88833],[-118.37651,70.96773],[-118.26909,71.03472],[-117.81406,71.15845],[-115.89165,71.38179],[-116.04531,71.4231],[-116.04394,71.4543],[-115.98027,71.46929],[-115.47187,71.46582],[-115.30342,71.4937],[-115.58667,71.54639],[-116.78027,71.44419],[-117.93564,71.39209],[-118.18818,71.43594],[-118.22647,71.46709],[-118.14834,71.52573],[-117.87842,71.56084],[-117.74233,71.65933],[-118.58301,71.64902],[-118.86841,71.68677],[-118.9877,71.76426],[-118.99375,71.80303],[-118.94463,71.98555],[-118.58984,72.16748],[-118.21348,72.26289],[-118.2459,72.31104],[-118.4813,72.42769],[-118.37451,72.53389],[-118.13311,72.63281],[-117.25644,72.9144],[-116.57324,73.05493],[-114.63823,73.37266],[-114.2064,73.2978],[-114.12705,73.23071],[-114.05171,73.071],[-114.05376,72.95806],[-114.10918,72.86099],[-114.52153,72.59292],[-113.69243,72.6728],[-113.57808,72.6521],[-113.50005,72.69443],[-113.49141,72.82207],[-113.44985,72.86323],[-113.20801,72.98101],[-113.07354,72.99526],[-112.75361,72.98604],[-112.0481,72.88804],[-111.26973,72.71372],[-111.25039,72.66855],[-111.35552,72.57212],[-111.61089,72.4356],[-111.89517,72.3561],[-111.6751,72.30015],[-111.31118,72.45483],[-111.25342,72.44907],[-111.28726,72.40112],[-111.26807,72.36387],[-111.13989,72.36533],[-110.78154,72.53389],[-110.43931,72.63335],[-110.20513,72.66128],[-110.19717,72.75889],[-110.55361,72.86143],[-110.6894,72.94453],[-110.66084,73.0082],[-110.00845,72.98364],[-109.12192,72.72642],[-108.96816,72.6541],[-108.99443,72.596],[-108.75498,72.55107],[-108.62773,72.41201],[-108.46958,72.13877],[-108.27642,71.90039],[-108.18823,71.72378],[-107.92534,71.63867],[-107.78545,71.62969],[-107.68726,71.71611],[-107.34692,71.81924],[-107.3293,71.83525],[-107.37686,71.88608],[-107.30601,71.89468],[-107.54263,72.02534],[-107.69585,72.14932],[-107.79404,72.30264],[-107.82373,72.44277],[-107.93252,72.52041],[-107.93438,72.58774],[-107.99717,72.65269],[-108.23823,73.10581],[-108.20415,73.18306],[-107.93618,73.21714],[-108.07749,73.2814],[-108.0894,73.30371],[-108.02905,73.34873],[-107.72002,73.32905],[-107.11348,73.19214],[-106.95078,73.27603],[-106.82837,73.26592],[-105.8127,73.01064],[-105.62417,72.92749],[-105.41514,72.78833],[-105.43008,72.74038],[-105.32319,72.63481],[-105.23408,72.41509],[-104.8103,71.90317],[-104.38594,71.57695],[-104.35581,71.38208],[-104.38486,71.33755]]]}},{"type":"Feature","id":"Q146841","properties":{"id":"Q146841","regionType":"island"},"geometry":{"type":"Polygon","coordinates":[[[-69.67499,83.05847],[-69.48887,83.0168],[-67.92461,82.95601],[-66.59165,82.94404],[-66.42446,82.90933],[-66.83633,82.81792],[-68.46934,82.65337],[-67.39707,82.66812],[-65.72744,82.84243],[-65.29902,82.79961],[-65.04158,82.89633],[-64.77676,82.87646],[-64.504,82.77842],[-63.98359,82.8291],[-63.49873,82.79258],[-63.47305,82.77124],[-63.64253,82.71299],[-63.08535,82.56523],[-63.08706,82.53281],[-63.24678,82.45019],[-62.47519,82.51958],[-61.91946,82.49747],[-61.33821,82.41648],[-61.20727,82.34109],[-61.27354,82.27983],[-62.15036,82.05187],[-63.59228,81.84551],[-64.57402,81.73374],[-65.22617,81.74351],[-65.70107,81.64556],[-66.62573,81.61641],[-66.91406,81.48511],[-68.68852,81.29331],[-68.72119,81.26123],[-68.54258,81.248],[-65.73569,81.49424],[-64.78008,81.49287],[-64.83276,81.43862],[-65.48398,81.28477],[-66.29686,81.15381],[-68.63047,80.67871],[-69.55068,80.38325],[-69.73379,80.36694],[-70.14351,80.39766],[-70.7126,80.5396],[-70.21279,80.27773],[-70.26489,80.23359],[-72.05596,80.12324],[-71.94868,80.08618],[-71.61611,80.07104],[-70.87705,80.12231],[-70.67074,80.10713],[-70.97654,79.96641],[-71.35581,79.91128],[-71.15499,79.88429],[-71.43112,79.75721],[-71.96455,79.70107],[-72.43652,79.69438],[-73.44814,79.8271],[-74.39448,79.87407],[-74.66021,79.83516],[-73.47246,79.75644],[-73.22939,79.64399],[-73.20112,79.59658],[-73.72627,79.49923],[-75.50342,79.41416],[-76.89883,79.5123],[-76.2957,79.41362],[-76.11636,79.32612],[-75.60273,79.23955],[-75.0936,79.20391],[-74.4812,79.22949],[-74.53737,79.05194],[-75.23315,79.03555],[-75.91182,79.11777],[-77.39805,79.05728],[-78.58164,79.075],[-77.88276,78.94238],[-76.8248,79.01787],[-76.25586,79.00684],[-75.95269,78.95903],[-75.79507,78.88975],[-75.09853,78.8583],[-74.76653,78.78875],[-75.04788,78.53764],[-76.41611,78.51152],[-75.27657,78.3632],[-75.85465,78.0174],[-76.97402,77.92725],[-78.0126,77.94604],[-78.08413,77.84609],[-78.04717,77.61548],[-78.07617,77.51904],[-78.2337,77.43254],[-78.7271,77.37104],[-78.68054,77.34568],[-78.7085,77.34214],[-80.28169,77.30146],[-80.87461,77.35859],[-81.65908,77.52544],[-81.50356,77.42978],[-81.27773,77.36519],[-81.52295,77.31084],[-82.06602,77.28364],[-81.75635,77.204],[-81.11719,77.26963],[-80.79819,77.25947],[-80.2187,77.14658],[-79.92373,77.1936],[-79.49727,77.19609],[-79.34087,77.1584],[-79.2811,77.08516],[-79.27383,77.02578],[-79.31894,76.98037],[-79.22075,76.93604],[-78.7918,76.88359],[-78.45596,76.96724],[-78.28887,76.97798],[-77.99873,76.85195],[-77.9833,76.75498],[-78.1187,76.64404],[-78.28433,76.57124],[-79.51104,76.3105],[-80.1948,76.23918],[-80.96977,76.25076],[-80.83481,76.36914],[-80.83237,76.40864],[-81.1707,76.51274],[-81.71738,76.49497],[-82.03418,76.6294],[-82.31113,76.65537],[-82.52983,76.72329],[-82.26196,76.57471],[-82.20835,76.51377],[-82.23315,76.46582],[-83.88738,76.45383],[-83.98633,76.49502],[-84.22378,76.67534],[-84.26203,76.43884],[-85.87357,76.38711],[-86.29619,76.49185],[-86.45371,76.58486],[-86.56191,76.5165],[-86.68022,76.37661],[-87.3542,76.44805],[-87.4898,76.58584],[-87.49756,76.38628],[-88.396,76.40527],[-88.48164,76.58008],[-88.49585,76.77285],[-88.61411,76.65088],[-88.5458,76.4209],[-89.47012,76.48323],[-89.48406,76.80054],[-88.70935,77.01597],[-87.38018,77.10688],[-87.33731,77.13866],[-86.81226,77.18491],[-87.1069,77.30952],[-87.06682,77.33924],[-87.6054,77.40214],[-88.09468,77.71919],[-88.01699,77.78472],[-87.75713,77.83623],[-87.23604,77.8918],[-86.75508,77.86372],[-86.173,77.74614],[-85.58848,77.46113],[-84.95088,77.37495],[-84.48701,77.36797],[-83.97358,77.39053],[-83.60806,77.44224],[-82.90273,77.73271],[-82.71035,77.84951],[-82.59531,77.99214],[-83.42822,77.62129],[-83.77939,77.53262],[-84.16782,77.52271],[-84.48584,77.56196],[-84.86055,77.49951],[-85.08789,77.51538],[-85.28936,77.55903],[-85.29204,77.76387],[-85.54756,77.92769],[-84.61543,78.1957],[-84.22271,78.17602],[-84.55,78.25137],[-84.91035,78.2397],[-84.7832,78.52759],[-85.02432,78.3124],[-85.41899,78.14243],[-85.58594,78.10957],[-86.21777,78.0812],[-86.0626,78.18696],[-85.92007,78.34287],[-86.42705,78.19702],[-86.91323,78.12681],[-87.33935,78.13267],[-87.52891,78.17188],[-87.49123,78.36513],[-86.86963,78.72736],[-86.36901,78.81257],[-85.00376,78.91226],[-83.27144,78.77031],[-82.9898,78.84414],[-82.15107,78.86411],[-81.7501,78.97578],[-82.43877,78.90366],[-84.1458,78.95981],[-84.41201,78.99658],[-84.56777,79.07129],[-84.53027,79.10127],[-84.25664,79.12217],[-83.57588,79.05366],[-84.19736,79.2251],[-85.26851,79.66411],[-86.0412,79.72369],[-86.41046,79.84137],[-86.5196,80.23378],[-86.49854,80.25825],[-86.30718,80.31934],[-84.05654,80.26196],[-83.72363,80.22895],[-82.67749,79.99277],[-81.68838,79.68579],[-81.03809,79.61421],[-80.47593,79.60625],[-80.12446,79.66948],[-81.01016,79.69312],[-82.6813,80.1749],[-82.96113,80.27788],[-82.98701,80.32261],[-82.53613,80.37554],[-80.97964,80.44526],[-80.05107,80.52856],[-79.62935,80.64785],[-78.38618,80.78437],[-76.86299,80.8648],[-77.11856,80.89644],[-78.55098,80.92144],[-78.71621,80.95166],[-78.6293,81.04346],[-78.28682,81.16763],[-76.88511,81.43027],[-77.97236,81.33081],[-78.73389,81.15103],[-79.19834,81.11758],[-79.40215,81.03687],[-79.54541,80.90933],[-79.76133,80.84194],[-80.13354,80.76392],[-81.00703,80.65488],[-82.36821,80.56133],[-82.88433,80.57754],[-82.22236,80.77231],[-83.40142,80.71397],[-84.21977,80.53779],[-85.14585,80.52114],[-85.72622,80.58115],[-86.25034,80.56577],[-86.61543,80.63003],[-86.60308,80.66401],[-86.2521,80.78955],[-85.24629,80.98789],[-83.34922,81.10332],[-83.28882,81.14795],[-85.78086,81.03506],[-86.23345,80.9501],[-87.32988,80.66978],[-87.71167,80.65625],[-88.81237,80.79253],[-89.15311,80.85725],[-89.26328,80.91431],[-88.41309,80.99976],[-87.38867,80.98838],[-86.47676,81.03574],[-85.80957,81.12358],[-84.94121,81.28623],[-85.40249,81.2853],[-86.62275,81.12266],[-87.2751,81.08081],[-89.62305,81.03247],[-89.98096,81.12471],[-89.94731,81.17266],[-89.20869,81.2501],[-89.67368,81.32861],[-89.427,81.38745],[-88.62192,81.50142],[-87.59702,81.52583],[-88.47905,81.56465],[-90.41631,81.40537],[-90.60903,81.42954],[-89.82168,81.63486],[-90.62632,81.65601],[-91.21435,81.57978],[-91.65122,81.67901],[-91.18761,81.7923],[-90.11249,81.89409],[-89.38101,81.91675],[-87.89993,82.09209],[-87.40439,82.0542],[-87.01821,81.95874],[-86.99922,81.99214],[-86.83403,82.03335],[-86.62681,82.05102],[-86.15835,82.02554],[-85.64565,81.95327],[-85.04482,81.98281],[-85.3106,82.04399],[-86.58061,82.18721],[-86.61562,82.21855],[-85.79443,82.2916],[-85.12093,82.42329],[-83.57983,82.32282],[-83.01016,82.1417],[-82.63369,82.0773],[-82.35601,82.06602],[-82.32744,82.09248],[-82.74746,82.19644],[-82.63838,82.24575],[-82.53691,82.24727],[-80.15337,81.97764],[-79.46563,81.85112],[-79.42485,81.85444],[-79.62949,81.93232],[-80.12983,82.02837],[-81.99761,82.27827],[-82.44756,82.39502],[-82.45137,82.4271],[-81.68115,82.51865],[-82.12251,82.60176],[-82.11685,82.62866],[-81.57969,82.64302],[-80.80967,82.58638],[-81.17808,82.74468],[-81.01016,82.77905],[-80.07578,82.7062],[-78.74878,82.67939],[-79.64199,82.78496],[-80.15382,82.90977],[-79.88633,82.93852],[-77.47959,82.88315],[-76.421,82.6709],[-76.14648,82.54985],[-76.00938,82.53516],[-75.56562,82.60855],[-76.90845,82.91943],[-77.1096,83.00105],[-74.41416,83.01314],[-74.19775,82.98901],[-73.70312,82.85186],[-73.27202,82.77158],[-72.65869,82.72163],[-73.23467,82.84424],[-73.4419,82.90483],[-73.44072,82.94585],[-73.33115,82.99878],[-73.11823,83.03256],[-71.97409,83.09942],[-70.94038,82.90225],[-71.42354,83.02114],[-71.08481,83.08267],[-70.32768,83.10898],[-69.67499,83.05847]]]}},{"type":"Feature","id":"Q7792","properties":{"id":"Q7792","regionType":"island"},"geometry":{"type":"MultiPolygon","coordinates":[[[[142.26625,51.13685],[142.07887,51.4726],[141.93566,51.57839],[141.93897,51.6131],[141.89368,51.61296],[141.72236,51.73633],[141.80787,51.72199],[141.82277,51.74537],[141.80934,51.80738],[141.71862,51.85069],[141.67545,51.92182],[141.66431,52.11807],[141.69972,52.16688],[141.66217,52.21347],[141.66545,52.29135],[141.84364,52.59205],[141.81264,52.59806],[141.92823,53.0218],[141.83712,53.16134],[141.82353,53.3395],[141.85244,53.38945],[141.96445,53.4564],[142.14199,53.4956],[142.25441,53.44193],[142.24037,53.40736],[142.28468,53.37257],[142.45509,53.38141],[142.57643,53.50123],[142.68714,53.53052],[142.50918,53.5876],[142.55254,53.65264],[142.66174,53.67131],[142.71839,53.64142],[142.79981,53.69874],[142.78517,53.80701],[142.73902,53.84687],[142.68097,53.73131],[142.64287,53.73677],[142.70582,53.86555],[142.70814,53.94941],[142.33496,54.28071],[142.52086,54.2792],[142.5702,54.23591],[142.56984,54.27784],[142.64894,54.28461],[142.62506,54.3138],[142.67982,54.35993],[142.69277,54.41611],[142.75787,54.39498],[142.97617,54.14097],[142.96709,54.02881],[142.90016,53.90278],[142.85157,53.87311],[142.91239,53.87577],[142.93332,53.8193],[142.8899,53.81428],[142.90638,53.76801],[143.03878,53.58631],[142.98829,53.56403],[143.06332,53.54406],[143.10785,53.47011],[143.07069,53.46229],[143.11048,53.4209],[143.09401,53.38312],[143.15678,53.39656],[143.22363,53.29604],[143.31734,52.99734],[143.32363,52.61357],[143.25728,52.47472],[143.23524,52.48218],[143.29335,52.59302],[143.24891,52.59205],[143.12672,52.35999],[143.12916,52.32789],[143.16627,52.34565],[143.16546,52.24104],[143.15126,52.12128],[143.11549,52.15424],[143.09742,52.10541],[143.13905,52.09119],[143.15968,51.98029],[143.12538,51.96827],[143.16285,51.87519],[143.2129,51.85602],[143.22854,51.88342],[143.29473,51.74434],[143.22401,51.52332],[143.33766,51.50959],[143.33471,51.57411],[143.45547,51.47148],[143.47032,51.34777],[143.42689,51.37177],[143.37928,51.35126],[143.47486,51.29047],[143.48292,51.21479],[143.53418,51.24629],[143.79017,50.31043],[144.05241,49.88455],[144.1371,49.64082],[144.19961,49.54976],[144.2826,49.25141],[144.41017,49.04041],[144.65118,48.89944],[144.70743,48.79959],[144.68776,48.75776],[144.71371,48.64178],[144.63246,48.80945],[144.50355,48.9499],[144.29017,49.07087],[144.10096,49.23243],[143.81914,49.30859],[143.68959,49.31354],[143.72804,49.33649],[143.47962,49.35431],[143.40333,49.40162],[143.27662,49.40339],[143.24964,49.37446],[143.32936,49.34229],[143.33119,49.31513],[143.66664,49.31605],[143.37098,49.30042],[143.17408,49.24714],[143.07008,49.18604],[142.98439,49.08417],[142.97168,48.91777],[142.53724,48.01124],[142.54518,47.76783],[142.59193,47.64326],[142.74794,47.44593],[142.71388,47.43842],[142.90547,47.36187],[143.00557,47.2227],[143.03224,47.07197],[143.11988,46.88831],[143.09742,46.87671],[143.17325,46.85231],[143.08985,46.83973],[143.08375,46.8147],[143.17262,46.70899],[143.34107,46.68494],[143.38942,46.70923],[143.34889,46.75037],[143.19361,46.78119],[143.18405,46.83647],[143.21768,46.79487],[143.41321,46.79939],[143.48565,46.75205],[143.58066,46.36069],[143.4756,46.19117],[143.47752,46.10401],[143.43164,46.02866],[143.42543,46.20527],[143.3347,46.4969],[143.37306,46.49317],[143.39283,46.53413],[143.15943,46.59943],[142.8293,46.60527],[142.74321,46.67366],[142.7107,46.74641],[142.45704,46.63196],[142.28175,46.32868],[142.20942,46.0912],[142.07715,45.91704],[141.96162,46.01348],[141.83037,46.45107],[141.88527,46.73273],[142.06373,47.11054],[141.9866,47.34008],[141.96406,47.58745],[142.19093,47.96796],[142.13307,48.33491],[141.89727,48.65469],[141.86631,48.7501],[141.96717,48.86359],[142.07692,49.19941],[142.06498,49.30436],[142.12489,49.46345],[142.1736,50.08765],[142.14991,50.34687],[142.07109,50.51499],[142.06602,50.63047],[142.14727,50.89019],[142.24964,51.03205],[142.2691,51.11367],[142.26625,51.13685]]],[[[143.31031,46.52668],[143.30999,46.52619],[143.30512,46.53197],[143.31031,46.52668]]]]}},{"type":"Feature","id":"Q82601","properties":{"id":"Q82601","regionType":"island"},"geometry":{"type":"MultiPolygon","coordinates":[[[[-69.17107,-52.6773],[-69.07993,-52.67432],[-68.78979,-52.57676],[-68.54286,-52.71993],[-68.33877,-52.9001],[-68.24014,-53.08184],[-68.33301,-53.01963],[-68.43115,-53.05527],[-68.5208,-53.17725],[-68.48852,-53.26094],[-68.39311,-53.29492],[-68.16617,-53.3062],[-68.0085,-53.56406],[-67.29424,-54.0498],[-66.86514,-54.22256],[-66.12841,-54.58233],[-65.74707,-54.65342],[-65.2102,-54.661],[-65.22307,-54.74466],[-65.346,-54.87793],[-65.47114,-54.91465],[-65.95376,-54.91934],[-66.17202,-54.97529],[-66.41942,-54.97918],[-66.51113,-55.03213],[-66.93047,-54.9249],[-68.22012,-54.81758],[-68.80386,-54.85361],[-69.08164,-54.90986],[-69.48628,-54.85889],[-69.72344,-54.71211],[-70.03052,-54.81553],[-70.13809,-54.81924],[-70.28174,-54.75176],[-70.49717,-54.80957],[-70.92471,-54.71435],[-71.22925,-54.69414],[-71.44092,-54.61963],[-71.83154,-54.62617],[-71.90156,-54.60156],[-71.92773,-54.52871],[-71.80015,-54.43398],[-71.6063,-54.49717],[-71.35523,-54.39541],[-71.15884,-54.45059],[-71.07993,-54.44424],[-70.96645,-54.41953],[-70.89824,-54.33789],[-70.79727,-54.32725],[-70.69883,-54.34883],[-70.70112,-54.48545],[-70.31099,-54.52852],[-70.29766,-54.48555],[-70.53999,-54.30342],[-70.75986,-54.24131],[-70.86309,-54.11045],[-70.86573,-53.88363],[-70.64448,-53.82285],[-70.69561,-53.72744],[-70.61875,-53.65508],[-70.5313,-53.62734],[-70.44316,-53.89346],[-70.37974,-53.98672],[-70.62983,-54.00557],[-70.5353,-54.13613],[-70.37998,-54.18066],[-70.24609,-54.27744],[-70.24336,-54.34766],[-70.16899,-54.3793],[-69.99014,-54.38135],[-69.86699,-54.36748],[-69.74185,-54.30586],[-69.3648,-54.4376],[-69.31206,-54.57148],[-69.04521,-54.42842],[-69.19565,-54.35439],[-69.98813,-54.10908],[-70.0856,-54.01113],[-70.15112,-53.88809],[-70.14883,-53.76113],[-70.09111,-53.72178],[-69.35244,-53.47998],[-69.39356,-53.37344],[-69.75562,-53.33721],[-70.09038,-53.41816],[-70.21284,-53.41396],[-70.3293,-53.37764],[-70.41567,-53.30479],[-70.46025,-53.20625],[-70.44336,-53.08555],[-70.39067,-53.02647],[-70.19648,-52.99023],[-70.13062,-52.94277],[-70.35363,-52.77278],[-70.18965,-52.72363],[-69.99356,-52.82129],[-69.859,-52.80962],[-69.48724,-52.49072],[-69.41406,-52.48623],[-69.24747,-52.60853],[-69.17107,-52.6773]]],[[[-67.67306,-55.87872],[-67.84838,-55.8413],[-67.76206,-55.81611],[-67.51729,-55.83281],[-67.54839,-55.87872],[-67.67306,-55.87872]]],[[[-70.98722,-54.99288],[-71.20332,-54.89297],[-71.42277,-54.86223],[-71.37427,-54.83457],[-70.9916,-54.86797],[-70.92793,-54.94297],[-70.80483,-54.96768],[-70.41753,-54.90889],[-70.28306,-55.06592],[-70.29785,-55.11377],[-70.47559,-55.17705],[-70.54346,-55.16133],[-70.55107,-55.11191],[-70.59746,-55.08203],[-70.69831,-55.10294],[-70.98722,-54.99288]]],[[[-71.96491,-53.88903],[-71.77119,-53.91461],[-71.02254,-54.14496],[-71.00488,-54.24668],[-71.14326,-54.37402],[-71.47329,-54.23115],[-71.76123,-54.22978],[-71.81758,-54.27647],[-71.94854,-54.30088],[-71.97236,-54.20723],[-72.21045,-54.04775],[-72.18022,-53.99665],[-71.96491,-53.88903]]],[[[-67.87412,-54.92969],[-67.24526,-54.97764],[-67.10732,-55.06357],[-67.07993,-55.15381],[-67.17256,-55.24258],[-67.3397,-55.29258],[-67.49473,-55.17744],[-67.76777,-55.25957],[-68.07002,-55.22109],[-68.13511,-55.17266],[-68.17432,-55.07129],[-68.30137,-54.98066],[-68.10693,-54.92939],[-67.87412,-54.92969]]],[[[-68.32275,-55.3082],[-68.30542,-55.35664],[-68.08989,-55.47832],[-68.0583,-55.51797],[-68.04834,-55.64316],[-68.22964,-55.60156],[-68.33804,-55.50527],[-68.59419,-55.45],[-68.86704,-55.4502],[-68.9313,-55.3706],[-68.89009,-55.24121],[-69.0082,-55.25576],[-69.15078,-55.1834],[-69.29707,-55.16582],[-69.35923,-55.30068],[-69.18086,-55.47481],[-69.24082,-55.47676],[-69.41182,-55.44424],[-69.6459,-55.3209],[-69.65737,-55.229],[-69.82402,-55.23652],[-69.98799,-55.13076],[-69.92085,-55.06113],[-69.88442,-54.88203],[-68.90078,-55.01777],[-68.65352,-54.95791],[-68.45801,-54.95967],[-68.39981,-55.04199],[-68.61328,-55.15557],[-68.38174,-55.1916],[-68.28267,-55.25518],[-68.32275,-55.3082]]],[[[-67.44883,-55.64062],[-67.37407,-55.58935],[-67.26729,-55.76279],[-67.32529,-55.78477],[-67.55996,-55.72481],[-67.51279,-55.66201],[-67.44883,-55.64062]]]]}},{"type":"Feature","id":"Q21162","properties":{"id":"Q21162","regionType":"island"},"geometry":{"type":"Polygon","coordinates":[[[16.85377,79.87128],[16.91261,79.89368],[16.87302,79.91207],[16.96641,79.95894],[17.21943,79.94077],[17.57822,79.88467],[17.83457,79.80005],[17.95615,79.70425],[17.74879,79.60505],[17.76856,79.59821],[17.72974,79.56723],[17.59059,79.54981],[17.70553,79.54781],[17.6875,79.53335],[17.73398,79.48135],[17.68361,79.40033],[17.63148,79.39277],[17.65309,79.37055],[17.88087,79.40241],[18.00245,79.45698],[18.0227,79.50138],[18.27207,79.60059],[18.39736,79.60518],[18.58144,79.57158],[18.74844,79.48818],[18.81523,79.42666],[18.83242,79.38477],[18.80742,79.30317],[18.59156,79.2624],[18.88008,79.23428],[18.93706,79.20253],[18.91652,79.16962],[18.94484,79.15815],[19.48105,79.17526],[19.75088,79.14683],[19.89355,79.0562],[19.93419,79.05998],[19.90626,79.01539],[20.19862,79.00257],[21.08965,78.85264],[21.31221,78.79585],[21.38877,78.74043],[21.09629,78.67627],[20.6913,78.69483],[20.63244,78.66437],[20.41536,78.6457],[19.76295,78.62537],[19.58253,78.58265],[19.59525,78.55409],[19.43543,78.49875],[18.99293,78.46821],[18.96168,78.45368],[19.06617,78.3791],[19.05043,78.34443],[18.95619,78.29597],[19.00744,78.26211],[18.96529,78.19764],[18.92042,78.17976],[19.00869,78.13228],[18.99512,78.08149],[18.82207,78.0417],[18.58277,78.05634],[18.40614,78.02228],[18.43408,78.00428],[18.43691,77.95274],[18.33033,77.90619],[18.42019,77.86311],[18.404,77.79394],[18.29258,77.5737],[18.22793,77.52261],[17.74708,77.50056],[17.70472,77.4538],[17.62464,77.44691],[17.65187,77.41651],[17.48805,77.32276],[17.49871,77.27938],[17.44248,77.22524],[17.15948,77.05275],[17.09706,77.05585],[17.24902,76.96919],[16.91896,76.79517],[16.98195,76.7772],[17.0627,76.65898],[16.93516,76.60615],[16.70049,76.5793],[16.42195,76.62153],[16.29,76.67417],[16.28395,76.70905],[16.00449,76.76074],[15.51991,76.89906],[15.7743,76.95344],[16.04859,76.97858],[16.18763,76.97565],[16.22999,76.96247],[16.21998,76.93976],[16.24098,76.93378],[16.32984,76.94599],[16.32875,76.98401],[16.52845,77.00123],[16.25758,76.99378],[16.09132,77.02851],[16.02882,77.08631],[15.95802,77.06281],[15.85755,77.07014],[15.85194,77.05463],[15.91163,77.02174],[15.74073,77.0022],[15.25552,77.02337],[15.13844,77.08692],[15.05152,77.09967],[15.07545,77.11732],[15.04005,77.13593],[14.48691,77.19902],[14.36582,77.23447],[14.30766,77.25791],[14.32191,77.28181],[14.23421,77.28911],[14.05039,77.40322],[14.00348,77.45052],[14.05445,77.45374],[13.99955,77.4797],[13.9957,77.5082],[14.07129,77.56411],[14.37764,77.57964],[14.59571,77.53571],[14.52735,77.50837],[14.5475,77.49372],[14.71095,77.49561],[14.76075,77.51453],[14.77406,77.54993],[15.04213,77.56794],[15.14173,77.5467],[15.85316,77.53278],[16.12464,77.44385],[16.2212,77.44202],[16.19264,77.46735],[16.30934,77.46735],[16.02858,77.51557],[15.84571,77.57996],[14.84565,77.6343],[14.91493,77.68456],[16.28378,77.78552],[17.12428,77.78266],[17.01602,77.80955],[16.92489,77.8869],[16.99464,77.90619],[16.96046,77.92609],[17.00758,77.93976],[16.06006,77.84712],[15.82637,77.84707],[15.55433,77.88135],[14.72689,77.77263],[14.56849,77.79462],[14.52113,77.78266],[14.63038,77.76905],[14.08994,77.77139],[13.79111,77.85381],[13.71416,77.91943],[13.68057,78.02813],[13.77012,78.07461],[13.93691,78.08555],[14.14158,78.04451],[14.25648,78.00178],[14.28736,77.96699],[14.32997,77.96564],[14.35939,77.98182],[14.34596,78.02112],[14.24814,78.07139],[15.03456,78.11786],[14.99342,78.13831],[15.34141,78.22095],[15.71974,78.22028],[15.7295,78.23517],[15.65869,78.2647],[15.65713,78.29902],[15.78389,78.32705],[16.15029,78.35288],[16.93641,78.35352],[17.29359,78.42164],[17.26002,78.4455],[17.19752,78.4433],[16.81123,78.39727],[16.53535,78.44888],[16.44863,78.50356],[16.74155,78.63941],[16.80934,78.641],[16.82887,78.67451],[16.62867,78.67286],[16.60231,78.70161],[16.52272,78.719],[16.36573,78.65272],[16.35409,78.60647],[16.04361,78.51406],[15.68066,78.47134],[15.41738,78.47324],[15.35996,78.48755],[15.2542,78.58906],[15.27193,78.6129],[15.4225,78.62342],[15.49318,78.7104],[15.4662,78.76557],[15.42482,78.78943],[15.48634,78.80994],[15.38136,78.85261],[15.23377,78.78608],[15.19899,78.74165],[15.21433,78.72384],[15.1373,78.66426],[15.01631,78.63013],[14.8918,78.63945],[14.83867,78.66558],[14.8495,78.68702],[14.81483,78.73481],[14.67958,78.73157],[14.44544,78.67957],[14.50527,78.63052],[14.51543,78.58057],[14.38343,78.50208],[14.63828,78.4146],[14.41673,78.37265],[14.28578,78.38862],[14.24623,78.36494],[14.30311,78.33582],[14.11045,78.2709],[14.06056,78.26988],[14.09657,78.2898],[13.98133,78.28809],[13.94776,78.26757],[13.77186,78.27228],[13.74586,78.26874],[13.76854,78.25487],[13.65498,78.24517],[13.1502,78.2375],[12.89655,78.3124],[12.85792,78.36091],[12.66465,78.38477],[12.41609,78.49476],[13.00172,78.50941],[13.19777,78.54365],[12.42945,78.54536],[12.38966,78.5525],[12.34706,78.59693],[11.96172,78.64238],[11.77383,78.71641],[11.74629,78.76626],[11.75518,78.81167],[11.93727,78.82362],[11.90162,78.84547],[11.60887,78.88355],[11.36543,78.95039],[11.54756,78.98296],[12.24867,78.90278],[12.50636,78.91297],[12.42421,78.99781],[12.07927,78.97666],[12.02284,78.99828],[12.10865,79.00178],[11.9947,79.01682],[11.92568,79.07725],[11.89277,79.15234],[12.00486,79.20754],[12.13588,79.21467],[12.06007,79.24195],[12.11476,79.2624],[12.09498,79.28974],[12.11476,79.30341],[11.71438,79.29134],[11.69081,79.32337],[11.59461,79.3108],[11.55311,79.2829],[11.58324,79.27612],[11.61641,79.20527],[11.52119,79.15127],[11.33467,79.10979],[11.2081,79.12964],[11.14076,79.23786],[11.05165,79.26612],[10.92578,79.35019],[10.88214,79.42068],[10.91615,79.44062],[10.89991,79.47187],[10.75681,79.50879],[10.725,79.55552],[11.18373,79.56409],[10.85487,79.59821],[11.01344,79.65119],[11.45753,79.633],[11.1974,79.72236],[11.25059,79.78486],[11.28514,79.79027],[11.52357,79.76826],[11.55995,79.78998],[11.52614,79.81019],[11.70234,79.82061],[11.95019,79.76907],[12.06691,79.71491],[12.04652,79.6944],[12.10829,79.67817],[12.16993,79.68012],[12.14271,79.70185],[12.17054,79.71033],[12.29689,79.66621],[12.33644,79.67115],[12.34938,79.71869],[12.24735,79.74815],[12.21914,79.7979],[12.27998,79.81597],[12.53812,79.78176],[12.49281,79.75587],[12.53651,79.7475],[13.10752,79.83174],[13.69287,79.86099],[13.91416,79.81694],[13.92109,79.76172],[13.77708,79.71527],[13.01356,79.6944],[13.02555,79.68188],[12.83455,79.63622],[12.64613,79.59559],[12.49928,79.59632],[12.45118,79.57026],[12.57752,79.54981],[12.93762,79.58026],[13.33379,79.5748],[13.3631,79.51945],[13.26673,79.52314],[13.28724,79.49519],[13.25929,79.47468],[13.45704,79.44074],[13.48646,79.45423],[13.46531,79.46819],[13.60127,79.45723],[13.71621,79.42915],[13.9121,79.35281],[13.89845,79.29481],[14.04152,79.26697],[14.10463,79.29035],[14.15809,79.34437],[14.03186,79.4207],[14.04823,79.42695],[14.01113,79.48193],[14.03984,79.58564],[14.28028,79.61872],[14.19776,79.629],[14.37979,79.72598],[14.59365,79.79873],[14.83184,79.76641],[15.05234,79.67534],[15.44394,79.40679],[15.4972,79.33124],[15.55398,79.31929],[15.7295,79.19442],[15.65821,79.15253],[15.68202,79.11335],[15.80494,79.16706],[15.8585,79.15991],[16.12853,79.04914],[16.15174,78.99183],[16.29566,78.95454],[16.34779,78.91743],[16.43507,78.91267],[16.49061,78.93195],[16.46022,78.96821],[16.38124,78.98481],[15.8751,79.51924],[15.86149,79.54601],[15.91774,79.56409],[15.84758,79.57337],[15.82578,79.70903],[15.95576,79.83511],[16.13746,79.87189],[16.05664,79.95395],[16.09385,80.00732],[16.2457,80.04946],[16.38662,80.05259],[16.52402,80.02051],[16.71321,79.93857],[16.693,79.92377],[16.70631,79.91303],[16.81996,79.87702],[16.85377,79.87128]]]}},{"type":"Feature","id":"Q13987","properties":{"id":"Q13987","regionType":"island"},"geometry":{"type":"Polygon","coordinates":[[[130.97206,33.83265],[130.96156,33.81739],[131.00343,33.78083],[131.06434,33.65449],[131.11939,33.6095],[131.3733,33.5658],[131.58301,33.65239],[131.69629,33.60283],[131.72422,33.55381],[131.71064,33.50234],[131.58588,33.34715],[131.51234,33.35431],[131.51515,33.2754],[131.57191,33.25324],[131.89658,33.25459],[131.82228,33.12574],[131.88886,33.09545],[131.87294,33.06891],[131.94932,33.04707],[131.90589,32.97248],[132.00859,32.91904],[131.96119,32.82806],[131.91533,32.78096],[131.88234,32.78467],[131.87294,32.73742],[131.7279,32.58532],[131.69484,32.58167],[131.69007,32.51829],[131.53028,32.1565],[131.50566,32.00195],[131.44837,31.89704],[131.47529,31.77842],[131.4507,31.65073],[131.33721,31.40469],[131.24552,31.41084],[131.20533,31.46412],[131.07154,31.45081],[131.00807,31.36115],[131.05107,31.34711],[131.09844,31.25615],[130.90225,31.11206],[130.68574,31.01514],[130.68418,31.05928],[130.76051,31.15107],[130.79725,31.26643],[130.79261,31.34138],[130.7042,31.57744],[130.74891,31.56086],[130.79884,31.61292],[130.80445,31.68842],[130.77613,31.71143],[130.64466,31.71589],[130.52906,31.51447],[130.516,31.45453],[130.56251,31.33558],[130.64453,31.26748],[130.58877,31.17852],[130.47657,31.23615],[130.22227,31.28381],[130.20753,31.33784],[130.14727,31.4085],[130.18397,31.41724],[130.22804,31.38245],[130.29896,31.4419],[130.33754,31.60901],[130.25904,31.72199],[130.18789,31.76885],[130.20487,31.82788],[130.23487,31.82069],[130.20933,31.84337],[130.19443,32.09077],[130.25592,32.12638],[130.27857,32.10169],[130.31935,32.11939],[130.48632,32.34229],[130.51234,32.33942],[130.50993,32.37856],[130.5619,32.42829],[130.66822,32.64997],[130.54645,32.63423],[130.49785,32.65693],[130.62587,32.70521],[130.59181,32.74988],[130.6111,32.78663],[130.44043,32.95137],[130.42054,33.08881],[130.36476,33.14155],[130.24171,33.18494],[130.14118,33.1162],[130.11891,33.12354],[130.17315,33.01299],[130.17056,32.90072],[130.09522,32.85676],[130.17628,32.83283],[130.28008,32.86685],[130.32647,32.85264],[130.36084,32.75586],[130.34043,32.70186],[130.29766,32.675],[130.24551,32.67715],[130.19007,32.70925],[130.16871,32.79096],[129.95436,32.75361],[129.85254,32.62173],[129.76855,32.571],[129.8589,32.72565],[129.83863,32.72266],[129.77088,32.81513],[129.69004,32.87524],[129.66231,32.99492],[129.6791,33.05996],[129.74684,32.98713],[129.77773,32.98555],[129.81686,32.91372],[129.79664,32.94538],[129.80494,32.86548],[129.84083,32.83338],[129.87928,32.83552],[129.88838,32.85888],[130.00904,32.83552],[129.93881,32.9549],[129.93873,33.00751],[129.58008,33.23628],[129.61016,33.34365],[129.65996,33.36499],[129.81497,33.32959],[129.85133,33.28119],[129.85572,33.3476],[129.87928,33.37336],[129.82568,33.43701],[129.9519,33.4917],[129.97828,33.44813],[130.02857,33.45185],[130.06666,33.49683],[130.16773,33.53529],[130.11662,33.55841],[130.16797,33.59829],[130.27249,33.59772],[130.29005,33.57538],[130.40516,33.61243],[130.42128,33.65595],[130.38759,33.6647],[130.46778,33.72901],[130.45374,33.77823],[130.48379,33.83462],[130.66953,33.91548],[130.83965,33.91777],[130.95312,33.87202],[130.97419,33.83581],[130.97206,33.83265]]]}},{"type":"Feature","id":"Q1081204","properties":{"id":"Q1081204","regionType":"island"},"geometry":{"type":"Polygon","coordinates":[[[110.21717,20.05085],[110.34395,20.03882],[110.39229,19.97559],[110.39356,20.05923],[110.41758,20.05474],[110.58818,19.97637],[110.59834,20.09761],[110.67852,20.13706],[110.74453,20.05947],[110.93828,19.94756],[110.99766,19.7647],[111.01367,19.65547],[110.91269,19.58608],[110.82227,19.55791],[110.57217,19.17188],[110.45127,18.74795],[110.39951,18.69834],[110.25176,18.65576],[110.04854,18.50522],[110.06738,18.44756],[110.02021,18.41626],[109.81562,18.39668],[109.70273,18.25913],[109.58955,18.22632],[109.51934,18.21826],[109.34092,18.29961],[109.02988,18.36777],[108.70156,18.53525],[108.63564,18.90771],[108.65,19.26504],[108.69356,19.33828],[109.27666,19.76113],[109.17744,19.76846],[109.26348,19.88267],[109.31484,19.9044],[109.41816,19.88882],[109.51367,19.90425],[109.58428,19.97031],[109.65137,19.98438],[109.90625,19.96274],[110.08301,19.99292],[110.20611,20.05565],[110.21717,20.05085]]]}},{"type":"Feature","id":"Q83067","properties":{"id":"Q83067","regionType":"island"},"geometry":{"type":"Polygon","coordinates":[[[127.11354,-8.36382],[127.21484,-8.37295],[127.29609,-8.42451],[127.11455,-8.58359],[126.89724,-8.72108],[126.58302,-8.80462],[126.48691,-8.91269],[126.38252,-8.95762],[126.16578,-8.98711],[125.94609,-9.12393],[125.84974,-9.12298],[125.64992,-9.19086],[125.59278,-9.18853],[125.37867,-9.27996],[125.18269,-9.42453],[125.11354,-9.44317],[125.00184,-9.53509],[124.96309,-9.66563],[124.84681,-9.747],[124.71103,-9.91111],[124.56019,-10.01397],[124.42754,-10.14863],[124.12233,-10.17132],[124.04628,-10.2539],[123.85558,-10.34362],[123.74727,-10.34717],[123.64414,-10.31094],[123.60479,-10.27012],[123.64824,-10.16777],[123.76454,-10.07379],[123.7057,-10.02947],[123.59941,-10.01514],[123.58926,-9.9668],[123.66017,-9.87017],[123.64544,-9.79526],[123.70937,-9.61484],[123.97715,-9.37295],[124.15919,-9.29522],[124.19814,-9.25615],[124.60426,-9.15521],[124.7082,-9.06182],[124.95362,-8.94158],[125.05086,-8.81839],[125.0962,-8.79461],[125.10338,-8.72901],[125.17803,-8.64785],[125.38184,-8.57539],[125.82433,-8.49106],[125.93611,-8.48681],[126.06886,-8.52032],[126.25812,-8.48464],[126.5486,-8.48553],[126.79921,-8.40887],[126.96641,-8.31572],[127.08876,-8.3615],[127.11354,-8.36382]]]}},{"type":"Feature","id":"Q2076337","properties":{"id":"Q2076337","regionType":"island"},"geometry":{"type":"Polygon","coordinates":[[[-65.88392,18.0271],[-65.9708,17.97436],[-66.1355,17.94946],[-66.28589,17.94995],[-66.32578,17.96416],[-66.40855,17.95059],[-66.51079,17.98701],[-66.77241,17.98657],[-66.81546,17.96577],[-66.95081,17.95276],[-67.01333,17.96787],[-67.14238,17.9667],[-67.17915,17.98525],[-67.17246,18.22422],[-67.23598,18.31746],[-67.14227,18.50481],[-67.12125,18.51199],[-66.15064,18.46801],[-66.09849,18.42519],[-66.06841,18.42803],[-66.09048,18.46528],[-65.93457,18.45117],[-65.65258,18.37598],[-65.66512,18.21708],[-65.78637,18.12458],[-65.88392,18.0271]]]}},{"type":"Feature","id":"Q4648","properties":{"id":"Q4648","regionType":"island"},"geometry":{"type":"Polygon","coordinates":[[[115.61891,-8.28753],[115.69092,-8.36357],[115.70399,-8.40742],[115.57891,-8.50185],[115.52272,-8.51006],[115.51391,-8.53484],[115.32252,-8.62274],[115.25379,-8.71343],[115.21229,-8.72723],[115.20509,-8.76824],[115.22047,-8.78777],[115.21424,-8.76055],[115.23219,-8.75274],[115.2378,-8.77105],[115.22021,-8.81953],[115.14492,-8.84902],[115.09441,-8.82575],[115.15907,-8.78106],[115.18177,-8.74529],[115.18617,-8.72112],[115.15602,-8.66094],[114.92689,-8.46624],[114.7964,-8.40423],[114.61318,-8.37832],[114.50176,-8.26084],[114.46758,-8.16631],[114.47529,-8.11943],[114.5043,-8.1166],[114.55519,-8.13262],[114.62002,-8.12773],[114.85731,-8.19195],[114.93848,-8.18711],[115.02235,-8.17144],[115.154,-8.06572],[115.19102,-8.06748],[115.44785,-8.15518],[115.54941,-8.2083],[115.59868,-8.26236],[115.61891,-8.28753]]]}},{"type":"Feature","id":"Q40846","properties":{"id":"Q40846","regionType":"island"},"geometry":{"type":"Polygon","coordinates":[[[-16.12133,28.52676],[-16.22777,28.47022],[-16.35064,28.36719],[-16.41821,28.15142],[-16.49675,28.06159],[-16.54277,28.03208],[-16.65801,28.00718],[-16.78682,28.14096],[-16.8474,28.26368],[-16.90532,28.3396],[-16.84307,28.37612],[-16.77025,28.3675],[-16.4981,28.41901],[-16.31899,28.5582],[-16.12363,28.57598],[-16.11917,28.52856],[-16.12133,28.52676]]]}},{"type":"Feature","id":"Q82859","properties":{"id":"Q82859","regionType":"island"},"geometry":{"type":"Polygon","coordinates":[[[53.60524,12.70307],[53.63848,12.70737],[53.80079,12.61286],[53.83107,12.61402],[53.91855,12.65942],[54.1874,12.66401],[54.51113,12.55278],[54.44386,12.53455],[54.41312,12.48313],[54.27967,12.45081],[54.12949,12.36064],[53.71885,12.31899],[53.59815,12.34245],[53.49171,12.43476],[53.31584,12.53317],[53.38929,12.56196],[53.40372,12.63297],[53.43096,12.66357],[53.53543,12.71573],[53.60524,12.70307]]]}},{"type":"Feature","id":"Q205022","properties":{"id":"Q205022","regionType":"island"},"geometry":{"type":"Polygon","coordinates":[[[8.78163,3.75214],[8.90906,3.75818],[8.95068,3.70532],[8.94609,3.62754],[8.7848,3.39631],[8.76364,3.30517],[8.70379,3.22361],[8.65234,3.21709],[8.4749,3.26465],[8.44492,3.29351],[8.43428,3.33242],[8.46465,3.45059],[8.57936,3.46455],[8.62098,3.55707],[8.6377,3.66885],[8.67588,3.73594],[8.73574,3.7583],[8.76808,3.75287],[8.78163,3.75214]]]}},{"type":"Feature","id":"Q514070","properties":{"id":"Q514070","regionType":"island"},"geometry":{"type":"MultiPolygon","coordinates":[[[[-77.75215,23.75124],[-77.77129,23.75254],[-77.77578,23.86235],[-77.8063,23.88355],[-77.85225,24.04038],[-77.91224,24.08943],[-77.9848,24.2299],[-77.95005,24.25308],[-77.88359,24.24199],[-77.70146,24.28755],[-77.65771,24.24946],[-77.65615,24.22656],[-77.75527,24.16348],[-77.68325,24.11846],[-77.61538,24.21636],[-77.5922,24.18213],[-77.53203,23.98765],[-77.54399,23.80963],[-77.5587,23.77477],[-77.75215,23.75124]]],[[[-78.06211,24.33038],[-78.07583,24.36465],[-78.13777,24.42871],[-78.1458,24.49346],[-78.18665,24.46902],[-78.4353,24.62759],[-78.33892,24.64204],[-78.31899,24.59023],[-78.24272,24.65381],[-78.29883,24.75391],[-78.18408,24.91709],[-78.15933,25.02236],[-78.21019,25.18743],[-78.18943,25.19627],[-78.0333,25.14312],[-77.97529,25.08481],[-77.97339,25.00478],[-77.91894,24.94282],[-77.84014,24.79438],[-77.76934,24.73035],[-77.73511,24.49575],[-77.74522,24.46348],[-77.85342,24.40293],[-77.8812,24.36909],[-77.9832,24.33496],[-78.03497,24.29511],[-78.06211,24.33038]]]]}},{"type":"Feature","id":"Q38684","properties":{"id":"Q38684","regionType":"bay"},"geometry":{"type":"Polygon","coordinates":[[[95.22419,5.52191],[81.87441,7.2417],[81.66538,7.7825],[81.42194,8.14764],[81.37274,8.43127],[81.22722,8.50535],[81.19812,8.66198],[80.71128,9.3663],[80.21229,9.80444],[79.83867,10.33467],[79.84875,11.19668],[79.79899,11.33851],[79.69315,11.31257],[79.7932,11.44646],[79.75403,11.57557],[79.85826,11.98885],[80.22919,12.69052],[80.34247,13.36151],[80.06202,13.60599],[80.15617,13.71394],[80.30645,13.48481],[80.11173,14.21241],[80.17896,14.47857],[80.05354,15.07389],[80.10114,15.32366],[80.29322,15.71049],[80.64674,15.89515],[80.78166,15.86712],[80.82611,15.76604],[80.9785,15.75811],[81.28597,16.33701],[81.76222,16.3296],[82.25858,16.55979],[82.35966,16.78257],[82.28183,16.93602],[82.35966,17.09637],[83.19836,17.60913],[83.65451,18.07003],[84.1043,18.29281],[84.77103,19.12519],[85.44148,19.62632],[85.37058,19.6787],[85.18062,19.59508],[85.24837,19.75755],[85.50396,19.88773],[85.55951,19.75332],[85.49709,19.69671],[85.57486,19.69298],[86.21622,19.89566],[86.31197,19.98775],[86.24531,20.05283],[86.37657,20.00679],[86.49878,20.1719],[86.75014,20.31318],[86.76228,20.41901],[86.97555,20.7],[86.84222,21.10639],[86.85969,21.23656],[87.10045,21.50063],[87.6783,21.65356],[87.94872,21.82554],[88.1593,22.12185],[87.96138,22.25521],[87.94123,22.37427],[87.99414,22.2658],[88.19635,22.13932],[88.05667,21.69431],[88.12225,21.63555],[88.25351,21.62232],[88.28736,21.75834],[88.44611,21.61439],[88.58475,21.65989],[88.64139,22.12185],[88.74035,22.00545],[88.6911,21.73345],[88.7451,21.58424],[88.85781,21.74457],[88.90752,21.65302],[89.0515,21.65408],[88.94933,21.93771],[89.02819,21.93719],[89.0515,22.09328],[89.09382,21.87262],[89.23407,21.72234],[89.35365,21.72128],[89.50072,21.91443],[89.4833,22.27533],[89.56847,21.76733],[89.81191,21.98375],[89.88173,22.3875],[89.98493,22.46636],[89.89392,22.30866],[89.91826,22.11604],[89.95423,22.02292],[90.20931,22.15679],[90.08812,22.01762],[90.07117,21.88745],[90.23044,21.82975],[90.61621,22.3621],[90.43524,22.7521],[90.46169,22.88176],[90.55218,22.90504],[90.46593,23.05373],[90.59502,23.13417],[90.59083,23.26646],[90.26909,23.45588],[90.5559,23.42149],[90.60406,23.59135],[90.65646,23.02567],[90.94539,22.59705],[91.21632,22.64203],[91.47982,22.88493],[91.52959,22.70766],[91.79681,22.29755],[91.86347,22.35047],[91.82487,22.22875],[92.00795,21.68477],[92.05607,21.17465],[92.72285,20.29571],[92.7091,20.56399],[92.8509,20.41477],[92.89111,20.34015],[92.79106,20.21158],[92.88211,20.15231],[93.03559,20.4063],[93.01492,20.18512],[93.09538,20.1814],[93.00169,20.07505],[93.12975,19.85809],[93.1991,19.8983],[93.15677,20.04066],[93.24989,20.07027],[93.40968,20.03854],[93.58166,19.90943],[93.70708,19.91207],[93.61184,19.77608],[93.99812,19.44111],[93.96215,19.32944],[93.8251,19.23844],[93.57851,19.40143],[93.49277,19.36967],[93.70553,19.02677],[93.92934,18.89978],[93.94096,19.14583],[94.04468,19.28766],[94.0701,18.89342],[94.2458,18.74103],[94.17061,18.73255],[94.43101,18.20181],[94.5601,17.6991],[94.56434,17.30856],[94.27118,16.51747],[94.23097,16.24389],[93.74201,15.82213],[92.93028,14.39339],[92.55986,13.24668],[92.27781,11.65919],[92.20004,10.35425],[92.42808,9.17634],[93.0451,7.6862],[93.53034,6.84377],[94.07698,6.26168],[95.00302,5.76797],[95.22791,5.56478],[95.22419,5.52191]],[[93.75576,19.32575],[93.90184,19.3321],[93.94572,19.4284],[93.71504,19.55806],[93.64414,19.49509],[93.7325,19.41623],[93.75576,19.32575]],[[93.74465,18.86536],[93.4875,18.86748],[93.67374,18.6754],[93.74573,18.80823],[93.74465,18.86536]],[[90.77764,22.08958],[90.86813,22.48488],[90.59667,22.86375],[90.50298,22.83517],[90.67496,22.44519],[90.68023,22.32771],[90.51518,22.06524],[90.60354,22.05413],[90.77764,22.08958]]]}},{"type":"Feature","id":"Q3040","properties":{"id":"Q3040","regionType":"bay"},"geometry":{"type":"Polygon","coordinates":[[[-85.69892,65.88342],[-85.96193,65.70403],[-86.11432,65.41722],[-86.1884,65.0103],[-86.37415,64.56578],[-86.35457,64.37636],[-86.25191,64.13663],[-86.9319,63.90168],[-87.18906,63.67203],[-87.1769,63.59529],[-86.91549,63.56883],[-86.57577,63.6625],[-85.76879,63.70007],[-85.71427,63.65774],[-85.49573,63.13917],[-85.23802,63.13917],[-84.55434,63.34978],[-84.30774,63.58578],[-84.022,63.65986],[-83.72832,63.81332],[-83.58386,64.05831],[-83.30393,64.14404],[-83.06526,64.15887],[-83.01606,64.12709],[-83.03405,64.02338],[-82.46731,63.92708],[-82.37789,63.70696],[-80.97877,63.47308],[-78.12866,62.28932],[-78.13714,62.1073],[-78.02125,61.83212],[-77.51431,61.55642],[-77.73602,61.43736],[-77.72703,61.23045],[-77.76514,61.15743],[-78.18158,60.81929],[-77.87149,60.78595],[-77.60322,60.82512],[-77.79106,60.63992],[-77.71486,60.57798],[-77.50374,60.54253],[-77.68153,60.42719],[-77.45292,60.14566],[-77.58575,60.08799],[-77.28941,60.02184],[-77.37302,59.925],[-77.33176,59.7964],[-77.48521,59.68476],[-77.3492,59.57892],[-77.5905,59.68052],[-77.72597,59.67576],[-77.73339,59.58104],[-77.85881,59.47575],[-77.76091,59.37994],[-78.06781,59.20006],[-78.4303,58.90157],[-78.51497,58.68252],[-78.46311,58.60263],[-77.55242,58.2396],[-77.1566,58.01894],[-76.80998,57.65803],[-76.57292,57.18127],[-76.51948,56.70713],[-76.54646,56.35894],[-76.65072,56.10707],[-76.76185,55.99648],[-77.32486,55.55568],[-77.89108,55.23658],[-78.47528,55.01116],[-79.65214,54.70054],[-82.22283,54.83337],[-82.30802,54.99793],[-82.57738,55.14875],[-82.86788,55.16092],[-82.98643,55.23131],[-83.2145,55.21436],[-83.91035,55.31489],[-84.51783,55.2588],[-85.06075,55.2858],[-85.21368,55.22441],[-85.36502,55.07943],[-85.21792,55.34877],[-85.6767,55.60118],[-87.48223,56.02134],[-88.0749,56.46741],[-88.94854,56.85105],[-89.79097,56.98125],[-90.59214,57.22467],[-90.89747,57.25695],[-92.35586,56.97066],[-92.30346,57.04579],[-92.45639,57.0368],[-92.79823,56.92198],[-92.61408,57.03892],[-92.43257,57.32046],[-93.10038,58.48989],[-93.1787,58.72538],[-93.77983,58.77249],[-94.12327,58.73649],[-94.209,58.62642],[-94.3323,58.29729],[-94.28731,58.71585],[-94.41906,58.74548],[-94.57941,58.86827],[-94.6736,58.86984],[-94.77625,59.02063],[-94.95722,59.0688],[-94.87046,59.08787],[-94.78842,59.26778],[-94.78579,59.95358],[-94.64662,60.4166],[-94.76144,60.49809],[-94.56882,60.54199],[-94.50955,60.60444],[-94.06772,61.1389],[-94.08358,61.30349],[-93.88884,61.34421],[-93.9407,61.44369],[-93.91266,61.48126],[-93.31205,61.76703],[-93.49408,61.84692],[-93.58193,61.94219],[-93.33321,61.93265],[-93.27342,61.96123],[-93.34962,62.03004],[-93.07341,62.06071],[-93.01626,62.09246],[-93.06599,62.14962],[-92.90564,62.21525],[-93.20516,62.36498],[-92.86595,62.30625],[-92.52783,62.16866],[-92.76808,62.37981],[-92.59504,62.4703],[-92.55163,62.54649],[-92.26958,62.58724],[-92.00766,62.54068],[-91.9357,62.59251],[-91.9558,62.64491],[-92.30506,62.71157],[-92.37753,62.77245],[-92.36115,62.81952],[-92.03412,62.86348],[-91.34938,62.81901],[-91.11495,62.92166],[-90.77786,62.9714],[-90.69056,63.11057],[-90.74665,63.35135],[-90.96997,63.4429],[-91.33031,63.50693],[-91.84204,63.69743],[-92.28971,63.56302],[-92.46487,63.55509],[-92.15688,63.69162],[-93.37874,63.94827],[-93.38031,63.90011],[-93.27025,63.84083],[-93.55971,63.86517],[-93.66394,63.94137],[-93.59674,64.04033],[-93.69624,64.14722],[-93.42954,64.0287],[-92.33839,63.78792],[-91.98226,63.82231],[-91.9288,63.81226],[-91.92617,63.75722],[-91.53883,63.72546],[-90.94563,63.5879],[-90.70696,63.59689],[-90.59638,63.66144],[-90.24552,63.64188],[-90.01323,63.80432],[-90.16826,63.97894],[-89.85554,63.95672],[-89.95344,64.08056],[-90.0799,64.12764],[-90.04181,64.14087],[-89.81108,64.18055],[-89.764,64.0996],[-89.61582,64.03079],[-89.40363,64.03981],[-89.13163,63.96834],[-89.20042,64.11387],[-89.05967,64.03449],[-88.81783,63.99217],[-88.10557,64.18321],[-87.99762,64.24406],[-87.88491,64.40069],[-87.28061,64.82615],[-87.0028,65.10871],[-87.02768,65.19814],[-87.68012,65.27118],[-87.67803,65.33521],[-87.19382,65.38283],[-86.04288,66.02259],[-85.71639,65.91675],[-85.69892,65.88342]],[[-78.91396,56.13298],[-78.71023,56.2129],[-78.65731,56.31713],[-78.66897,56.43885],[-78.79966,56.38328],[-78.90709,56.16634],[-78.91396,56.13298]],[[-79.27221,56.60024],[-79.33942,56.3764],[-79.45848,56.2113],[-79.55426,56.19171],[-79.43202,56.44733],[-79.459,56.53993],[-79.51509,56.32667],[-80.00826,55.91127],[-79.90455,55.87106],[-79.54473,56.12823],[-79.49762,56.09329],[-79.76487,55.80703],[-79.49499,55.87476],[-79.18224,56.21236],[-79.14204,56.13616],[-79.27379,55.92238],[-79.17537,55.88481],[-78.90655,56.32031],[-78.96316,56.42193],[-79.07747,56.45366],[-79.2611,56.59549],[-79.27221,56.60024]],[[-79.59764,62.41314],[-79.92677,62.39304],[-80.17867,62.21258],[-80.27496,62.0549],[-80.26491,61.81837],[-79.81618,61.59454],[-79.66854,61.64427],[-79.32407,62.02632],[-79.27221,62.18613],[-79.33624,62.29356],[-79.54524,62.41157],[-79.59764,62.41314]],[[-79.63258,56.38645],[-79.57966,56.46637],[-80.00511,56.31767],[-80.0887,56.21396],[-79.97759,56.20709],[-79.68813,56.32667],[-79.63258,56.38645]],[[-82.235,62.97724],[-82.7065,62.94443],[-82.96578,62.87404],[-83.37643,62.90474],[-83.91247,62.42531],[-83.76113,62.30359],[-83.69868,62.16021],[-83.37695,62.23798],[-83.01606,62.20995],[-82.11382,62.65233],[-81.94874,62.8841],[-82.0006,62.95396],[-82.12917,62.97776],[-82.235,62.97724]]]}},{"type":"Feature","id":"Q41573","properties":{"id":"Q41573","regionType":"bay"},"geometry":{"type":"Polygon","coordinates":[[[-7.99821,43.69493],[-5.88261,48.47172],[-4.82427,48.4188],[-4.75919,48.44102],[-4.7195,48.36325],[-4.30198,48.34682],[-4.24113,48.30343],[-4.57716,48.29021],[-4.51207,48.2299],[-4.32952,48.17008],[-4.37766,48.12882],[-4.62901,48.08595],[-4.67875,48.03939],[-4.42791,47.96901],[-4.31203,47.82297],[-3.90087,47.83778],[-3.50771,47.75311],[-3.44369,47.71078],[-3.15897,47.69489],[-3.06428,47.62136],[-2.96426,47.60123],[-2.78698,47.62557],[-2.73301,47.60177],[-2.79703,47.5372],[-2.77058,47.51392],[-2.55415,47.52715],[-2.42768,47.47106],[-2.52981,47.38163],[-2.50336,47.31179],[-2.43455,47.29115],[-1.97525,47.31073],[-1.74239,47.21601],[-2.02765,47.27368],[-2.10806,47.26311],[-2.1488,47.22394],[-2.19697,47.16309],[-2.08214,47.11175],[-2.01863,47.03767],[-2.09271,46.86515],[-1.78632,46.51486],[-1.39265,46.3503],[-1.14605,46.31113],[-1.10424,45.92536],[-1.03174,45.74121],[-1.21008,45.77085],[-1.19579,45.71421],[-0.79095,45.46818],[-0.73328,45.38457],[-0.64122,45.09032],[-0.54862,45.00038],[-0.69096,45.09353],[-0.76661,45.31419],[-0.82643,45.38085],[-1.08094,45.53221],[-1.18889,45.16125],[-1.24501,44.66647],[-1.15292,44.76386],[-1.07672,44.68975],[-1.17091,44.66172],[-1.24553,44.56012],[-1.34606,44.02036],[-1.48471,43.5637],[-1.63129,43.43828],[-1.99111,43.34516],[-2.33719,43.32821],[-2.60707,43.41288],[-2.87483,43.45469],[-3.04575,43.37162],[-3.60455,43.51926],[-3.7739,43.47797],[-3.88924,43.49967],[-4.31257,43.415],[-4.52318,43.41554],[-5.31587,43.5531],[-5.66567,43.5822],[-5.84661,43.64519],[-6.07998,43.59491],[-6.90074,43.58592],[-7.06106,43.55416],[-7.26213,43.59439],[-7.50344,43.73991],[-7.59447,43.7272],[-7.69818,43.76477],[-7.85269,43.7071],[-7.99821,43.69493]]]}},{"type":"Feature","id":"Q216868","properties":{"id":"Q216868","regionType":"bay"},"geometry":{"type":"Polygon","coordinates":[[[-75.93898,37.1576],[-76.00143,36.9126],[-76.24431,36.95281],[-76.39936,36.88984],[-76.48773,36.89726],[-76.50465,36.96128],[-76.63377,37.04753],[-76.67188,37.17295],[-76.92535,37.22481],[-77.00209,37.27085],[-77.19629,37.29571],[-77.25078,37.32906],[-77.00684,37.31741],[-76.70363,37.21793],[-76.63113,37.22163],[-76.60255,37.1428],[-76.46179,37.03061],[-76.40094,36.99144],[-76.33851,37.01314],[-76.28348,37.05283],[-76.32686,37.14913],[-76.40094,37.21264],[-76.61103,37.32271],[-76.73802,37.44864],[-76.75761,37.50526],[-76.53853,37.30948],[-76.45386,37.27349],[-76.39301,37.29995],[-76.40094,37.38619],[-76.26335,37.3571],[-76.26865,37.4952],[-76.36761,37.53014],[-76.3057,37.5714],[-76.54964,37.6693],[-76.92535,38.03285],[-77.11108,38.16568],[-77.07087,38.16726],[-76.94016,38.0953],[-76.82851,37.9614],[-76.49248,37.68201],[-76.34433,37.67566],[-76.3057,37.7217],[-76.26441,37.89368],[-76.35489,37.96301],[-76.47186,38.01114],[-76.54964,38.09475],[-76.90631,38.19689],[-77.04653,38.3567],[-77.11002,38.36993],[-77.23174,38.3403],[-77.31375,38.39639],[-77.26032,38.60012],[-77.04547,38.7758],[-77.03012,38.88905],[-77.01796,38.77792],[-77.05395,38.70596],[-77.1349,38.65038],[-77.22115,38.54085],[-77.24179,38.49481],[-77.23226,38.4075],[-77.15606,38.39691],[-77.07668,38.44189],[-77.00103,38.44507],[-76.98832,38.39373],[-76.8899,38.29213],[-76.8682,38.39003],[-76.76924,38.26304],[-76.4544,38.17359],[-76.34115,38.08682],[-76.33267,38.1408],[-76.40887,38.26834],[-76.64224,38.4546],[-76.6687,38.53767],[-76.67718,38.61175],[-76.5724,38.43554],[-76.43851,38.36146],[-76.39406,38.36887],[-76.50147,38.53238],[-76.53695,38.74244],[-76.51948,38.89856],[-76.49354,38.94514],[-76.55863,39.06526],[-76.47292,39.03085],[-76.42001,39.07371],[-76.4274,39.12609],[-76.48931,39.1589],[-76.57028,39.26951],[-76.42104,39.22505],[-76.40572,39.30391],[-76.35913,39.32453],[-76.33056,39.4039],[-76.27658,39.32295],[-76.24748,39.43883],[-76.21573,39.3801],[-76.14114,39.40338],[-76.09721,39.43302],[-76.06282,39.56107],[-75.95908,39.5849],[-75.97021,39.50446],[-75.87283,39.51082],[-76.003,39.4108],[-75.87601,39.37587],[-76.07445,39.36899],[-76.15331,39.31502],[-76.23583,39.19172],[-76.21679,39.06366],[-76.13318,39.12293],[-76.1353,39.08219],[-76.18558,38.99064],[-76.31257,39.00917],[-76.3295,38.95253],[-76.33056,38.90861],[-76.24061,38.94302],[-76.19087,38.91551],[-76.16811,38.85254],[-76.3004,38.81812],[-76.34115,38.70965],[-76.27818,38.77262],[-76.21309,38.75833],[-76.05698,38.62129],[-76.01678,38.62498],[-76.00088,38.6017],[-76.19826,38.61863],[-76.26441,38.60012],[-76.29511,38.49481],[-76.21149,38.36146],[-76.05117,38.27942],[-76.00673,38.32283],[-75.98554,38.33182],[-75.96755,38.29162],[-75.85854,38.362],[-75.87655,38.31859],[-75.86384,38.26144],[-75.92787,38.16938],[-75.79557,38.08682],[-75.85061,37.97145],[-75.65905,37.95401],[-75.71938,37.82118],[-75.88818,37.61905],[-75.97497,37.39839],[-75.99719,37.26398],[-75.98448,37.21212],[-75.93898,37.1576]]]}},{"type":"Feature","id":"Q181857","properties":{"id":"Q181857","regionType":"bay"},"geometry":{"type":"Polygon","coordinates":[[[-66.19174,44.14684],[-67.18657,44.67918],[-66.98707,44.82786],[-67.01407,44.86755],[-67.10667,44.88504],[-67.11406,44.94429],[-67.08021,44.98927],[-67.12466,45.16918],[-67.08391,45.14378],[-66.9188,45.14536],[-66.90824,45.09776],[-66.87224,45.06707],[-66.70714,45.08348],[-66.51082,45.14324],[-66.43992,45.09616],[-66.14358,45.2274],[-66.10759,45.25703],[-66.18273,45.33535],[-66.02664,45.41736],[-66.10971,45.31682],[-65.95574,45.22261],[-65.88429,45.22261],[-65.54509,45.33747],[-65.28208,45.47293],[-65.05719,45.54438],[-64.89792,45.62587],[-64.77834,45.63856],[-64.59365,45.81372],[-64.64181,45.91319],[-64.63282,45.94652],[-64.482,45.8063],[-64.31478,45.83594],[-64.35129,45.78302],[-64.56032,45.62533],[-64.82754,45.47557],[-64.91272,45.37503],[-64.87304,45.35439],[-64.74658,45.32424],[-64.68096,45.38297],[-64.6,45.40994],[-64.33648,45.38932],[-64.08724,45.41103],[-63.90625,45.37821],[-63.61469,45.39408],[-63.36809,45.36498],[-63.46018,45.32106],[-63.74856,45.31101],[-64.09306,45.21734],[-64.18248,45.14696],[-64.13538,45.02314],[-64.23489,45.11415],[-64.35446,45.13797],[-64.3587,45.23851],[-64.33064,45.30943],[-64.44813,45.33747],[-64.40686,45.30571],[-64.44864,45.25597],[-64.90267,45.12105],[-65.65674,44.76014],[-65.72818,44.69717],[-65.50222,44.76014],[-65.61599,44.68022],[-65.91708,44.61516],[-66.02188,44.5617],[-66.14621,44.43576],[-65.94196,44.57547],[-65.86789,44.5686],[-66.09965,44.3675],[-66.19174,44.14684]]]}},{"type":"Feature","id":"Q232264","properties":{"id":"Q232264","regionType":"bay"},"geometry":{"type":"Polygon","coordinates":[[[-122.51411,37.77188],[-122.52227,37.82704],[-122.46702,37.8381],[-122.49508,37.95347],[-122.48396,38.10904],[-122.39345,38.14504],[-122.33738,38.13605],[-122.20825,38.07253],[-122.15375,38.06566],[-122.03151,38.12333],[-121.8807,38.07517],[-121.62565,38.08419],[-121.52511,38.05613],[-121.63833,38.06142],[-121.71667,38.03391],[-122.08655,38.04977],[-122.21726,38.04078],[-122.31408,38.00745],[-122.38552,37.96034],[-122.33366,37.89686],[-122.2961,37.79048],[-122.22202,37.73227],[-122.12412,37.54391],[-122.07068,37.47828],[-122.16592,37.50156],[-122.22889,37.56401],[-122.2977,37.59205],[-122.36966,37.65607],[-122.3903,37.74129],[-122.38394,37.78837],[-122.44585,37.7979],[-122.51412,37.77196],[-122.51411,37.77188]]]}},{"type":"Feature","id":"Q223810","properties":{"id":"Q223810","regionType":"bay"},"geometry":{"type":"Polygon","coordinates":[[[-82.22283,54.83337],[-79.65214,54.70054],[-79.71407,54.65501],[-79.59816,54.60158],[-79.43042,54.33648],[-79.29549,54.21687],[-79.13886,54.15708],[-79.24203,54.09887],[-79.00974,54.02373],[-78.99597,54.00257],[-79.07535,53.93219],[-78.94572,53.83165],[-79.04041,53.81788],[-79.11292,53.71734],[-79.10023,53.65649],[-78.99228,53.41043],[-78.89807,53.04317],[-78.72188,52.85639],[-78.76578,52.76009],[-78.7441,52.65531],[-78.55729,52.49181],[-78.52608,52.31081],[-78.44828,52.26162],[-78.53719,52.21345],[-78.70175,52.03248],[-78.82823,51.96316],[-78.92771,51.7986],[-78.98168,51.77477],[-78.97799,51.73403],[-78.73139,51.4975],[-78.85787,51.38371],[-78.90337,51.20011],[-79.04041,51.46363],[-79.26428,51.552],[-79.29707,51.6229],[-79.49762,51.56998],[-79.68864,51.34669],[-79.73735,51.18633],[-79.71459,51.11755],[-79.45264,50.91754],[-79.34786,50.76248],[-79.83628,51.1731],[-80.10353,51.28266],[-80.36811,51.32973],[-80.47818,51.30752],[-80.85124,51.12494],[-80.6729,51.26465],[-80.44325,51.38849],[-80.49562,51.52502],[-80.65809,51.75837],[-80.96872,51.97215],[-81.28516,52.0891],[-81.46613,52.20446],[-81.54975,52.23673],[-81.82807,52.22405],[-81.61165,52.32404],[-81.57142,52.36745],[-81.59948,52.43251],[-82.02016,52.8114],[-82.2604,52.96116],[-82.29164,53.03048],[-82.25988,53.1596],[-82.15935,53.26437],[-82.14612,53.36439],[-82.19056,53.61099],[-82.14134,53.81788],[-82.23978,54.04489],[-82.39429,54.18036],[-82.42393,54.24439],[-82.41809,54.35606],[-82.21914,54.81324],[-82.22283,54.83337]],[[-79.52039,51.95311],[-79.35159,51.96846],[-79.27115,52.08698],[-79.33464,52.09809],[-79.64369,52.01026],[-79.5971,51.97796],[-79.52039,51.95311]],[[-81.00999,52.7606],[-80.73166,52.74737],[-80.71047,52.8315],[-80.7655,52.92307],[-81.1354,53.20564],[-81.33542,53.22417],[-81.84712,53.18606],[-82.03923,53.05007],[-82.00481,53.01038],[-81.83919,52.95798],[-81.09678,52.77967],[-81.00999,52.7606]]]}},{"type":"Feature","id":"Q140290","properties":{"id":"Q140290","regionType":"bay"},"geometry":{"type":"Polygon","coordinates":[[[175.77235,-36.73522],[178.27215,-37.56706],[178.00911,-37.55492],[177.72712,-37.70571],[177.55829,-37.89727],[177.33608,-37.99096],[177.16198,-37.98564],[176.76981,-37.88988],[176.29149,-37.68033],[176.10835,-37.6454],[176.03797,-37.60039],[176.03001,-37.57605],[176.05337,-37.56179],[176.12902,-37.58665],[176.11476,-37.53848],[175.98986,-37.43689],[175.87607,-36.958],[175.84222,-36.87491],[175.78083,-36.80452],[175.77235,-36.73522]]]}},{"type":"Feature","id":"Q189262","properties":{"id":"Q189262","regionType":"strait"},"geometry":{"type":"Polygon","coordinates":[[[-45.37909,60.20281],[-45.41136,60.1663],[-64.42803,60.32453],[-64.40686,60.36686],[-64.49998,60.43037],[-64.727,60.51184],[-64.86828,61.35587],[-64.6963,61.47175],[-64.66985,61.59293],[-64.93549,61.68236],[-64.94766,61.73794],[-64.84552,61.77974],[-64.92595,61.82576],[-65.04662,62.70155],[-65.16302,62.93277],[-64.86883,62.87986],[-64.67251,62.92221],[-65.06884,63.2635],[-65.00481,63.33334],[-65.08948,63.60589],[-65.1916,63.76412],[-64.93337,63.59953],[-64.66455,63.24552],[-64.51427,63.26405],[-64.49841,63.463],[-64.56138,63.67996],[-64.41108,63.70642],[-64.43332,63.72758],[-63.6311,64.9394],[-63.40196,65.11825],[-63.3374,65.61672],[-63.65174,65.67439],[-63.42101,65.70881],[-63.45858,65.85327],[-63.16914,65.65747],[-62.65901,65.64],[-62.61033,65.72361],[-62.38226,65.83314],[-62.44841,65.94533],[-62.62408,66.01623],[-61.99174,66.0353],[-62.53359,66.22684],[-62.40554,66.31575],[-62.55318,66.40677],[-61.86263,66.31257],[-61.57104,66.3729],[-61.57634,66.41259],[-61.65254,66.50307],[-62.12349,66.6433],[-61.90443,66.67823],[-61.52766,66.55811],[-61.307,66.60891],[-61.29959,66.64859],[-61.96846,67.01901],[-62.12349,67.04653],[-62.37962,66.90522],[-62.96222,66.94917],[-63.70148,66.82215],[-63.30673,66.99467],[-63.16172,67.17458],[-63.04002,67.23491],[-63.59141,67.37777],[-63.82424,67.31587],[-63.83641,67.26401],[-64.35658,67.25608],[-64.37617,67.30106],[-64.58941,67.31532],[-64.7,67.3508],[-64.00787,67.3471],[-64.07771,67.49578],[-63.85018,67.56616],[-64.0195,67.65507],[-64.15603,67.6228],[-64.63757,67.84028],[-65.02122,67.78736],[-65.07148,67.82387],[-65.02597,67.89213],[-64.83547,67.99001],[-64.97678,68.04347],[-65.41543,67.87942],[-65.44243,67.83235],[-65.40114,67.67463],[-65.54085,67.76566],[-65.5091,67.96833],[-65.70172,67.98686],[-65.86416,67.92283],[-65.97478,67.95722],[-65.94251,68.07099],[-66.22507,67.9588],[-66.3923,67.8318],[-66.52668,67.85139],[-66.27481,68.04081],[-66.21236,68.28054],[-66.63094,68.2107],[-66.60554,68.11016],[-66.66269,68.03448],[-66.72884,68.1292],[-66.92304,68.06569],[-66.83095,68.21545],[-67.03311,68.32606],[-66.99712,68.3742],[-66.71401,68.44564],[-67.20243,68.46574],[-67.65594,68.55096],[-67.93851,68.52396],[-68.14806,68.61604],[-68.15229,68.68113],[-68.21051,68.70281],[-68.87142,68.75996],[-69.34292,68.86952],[-68.72539,68.81022],[-68.32427,68.84412],[-67.88296,68.78376],[-67.75118,68.93406],[-67.75172,69.03884],[-68.4153,69.17219],[-69.04077,69.09811],[-68.61901,69.20606],[-67.93851,69.24787],[-67.60726,69.17325],[-66.70714,69.16849],[-66.68543,69.28595],[-66.77065,69.33675],[-67.23685,69.46005],[-67.90836,69.46005],[-68.51318,69.57751],[-69.25083,69.51191],[-68.83703,69.62358],[-68.37189,69.6442],[-68.02052,69.77016],[-67.25907,69.72146],[-67.17282,69.79925],[-67.29398,69.97069],[-54.82099,69.91989],[-54.91889,69.71352],[-54.80407,69.63043],[-53.82511,69.54048],[-53.65843,69.46535],[-54.18281,69.40341],[-53.79335,69.26427],[-53.32028,69.29549],[-53.04195,68.60757],[-53.38325,68.29748],[-52.78,68.30963],[-52.69851,68.26149],[-52.19844,68.22075],[-51.63224,68.27315],[-51.45603,68.39327],[-51.20997,68.41973],[-51.16922,68.38531],[-51.41476,68.19798],[-51.45657,68.11597],[-51.59679,68.05458],[-53.15148,68.20752],[-53.35309,67.97045],[-53.57799,67.83658],[-53.73514,67.54924],[-53.4187,67.57464],[-52.9795,67.75772],[-52.34502,67.8371],[-51.76505,67.73762],[-50.96867,67.8064],[-50.88717,67.78367],[-51.16816,67.7339],[-51.1708,67.6937],[-50.6136,67.52808],[-50.70514,67.50901],[-51.45073,67.66776],[-51.66506,67.6466],[-52.38365,67.75243],[-52.66624,67.74977],[-53.79865,67.418],[-53.88438,67.13544],[-53.687,66.9862],[-53.44358,66.92483],[-52.38682,66.88088],[-53.03823,66.82693],[-53.11443,66.75391],[-53.4187,66.64859],[-53.6346,66.41365],[-53.6145,66.15436],[-53.53882,66.13953],[-53.03559,66.20144],[-51.82326,66.69782],[-51.22478,66.88142],[-51.51688,66.73221],[-51.89101,66.62319],[-52.05609,66.50731],[-53.39224,66.04853],[-53.24354,65.97918],[-53.1065,65.97708],[-53.23349,65.77071],[-53.1991,65.59395],[-52.76096,65.59078],[-52.55141,65.46115],[-52.34819,65.46115],[-51.72325,65.72361],[-51.09197,65.77599],[-51.61901,65.71302],[-52.17939,65.4421],[-52.53764,65.32886],[-52.4477,65.20504],[-52.25877,65.15476],[-52.08891,64.68169],[-52.09315,64.41604],[-51.99842,64.25675],[-51.92274,64.21866],[-51.75818,64.28006],[-51.36342,64.70179],[-51.25547,64.75788],[-51.13907,64.78592],[-51.22054,64.62823],[-50.89087,64.69543],[-50.72155,64.79757],[-50.96073,65.20132],[-50.51676,64.76636],[-50.29873,64.77853],[-50.12146,64.70391],[-50.00875,64.44725],[-50.15799,64.4896],[-50.35537,64.68272],[-50.49187,64.69331],[-50.84906,64.64463],[-50.8348,64.5589],[-51.23167,64.5605],[-51.40365,64.46315],[-51.70792,64.20489],[-51.68198,64.16469],[-51.48724,64.1033],[-50.72101,64.22342],[-50.43686,64.31284],[-50.4866,64.20913],[-50.26065,64.21443],[-50.34214,64.1705],[-51.54757,64.00594],[-51.45127,63.90486],[-51.53804,63.75828],[-51.46874,63.6424],[-50.8041,63.09101],[-50.50141,62.94494],[-50.39028,62.82219],[-50.09236,62.9767],[-49.79285,63.04442],[-50.07596,62.90368],[-50.29873,62.72217],[-50.25587,62.67984],[-50.25959,62.57825],[-50.31938,62.47293],[-49.55366,62.23269],[-49.66797,62.15068],[-49.66428,62.01681],[-49.62353,61.9988],[-49.34835,62.01043],[-49.12028,62.11257],[-48.82872,62.07978],[-49.03984,62.03955],[-49.38011,61.89033],[-49.31133,61.74796],[-49.19332,61.68554],[-49.28908,61.58975],[-49.04938,61.52415],[-48.92184,61.27755],[-48.42812,61.18758],[-48.37787,61.13839],[-48.38634,61.00449],[-47.77039,60.99762],[-48.20535,60.8558],[-48.24188,60.80657],[-48.18101,60.769],[-47.82806,60.72456],[-47.73016,60.72932],[-47.7963,60.82882],[-47.46451,60.84257],[-47.22427,60.78278],[-46.8745,60.81665],[-46.5824,60.96217],[-46.01197,61.09658],[-45.9421,61.20557],[-45.87014,61.21828],[-45.87967,61.09392],[-46.14214,60.77642],[-46.04636,60.61558],[-45.38066,60.44517],[-45.08275,60.50708],[-44.74248,60.65526],[-44.97479,60.45734],[-45.36798,60.37267],[-45.36214,60.29596],[-45.37909,60.20281]],[[-46.49615,60.68648],[-46.38132,60.66054],[-46.2665,60.7812],[-46.20511,60.94364],[-46.78983,60.7796],[-46.5533,60.74097],[-46.49615,60.68648]],[[-64.83707,62.40627],[-64.54655,62.39144],[-64.41797,62.48722],[-64.51533,62.55179],[-64.82384,62.55866],[-64.82702,62.50523],[-64.95665,62.45813],[-64.9011,62.42107],[-64.83707,62.40627]],[[-68.20258,69.58017],[-67.94011,69.53467],[-67.75436,69.63151],[-67.90887,69.68177],[-68.22162,69.61668],[-68.20258,69.58017]]]}},{"type":"Feature","id":"Q48359","properties":{"id":"Q48359","regionType":"strait"},"geometry":{"type":"Polygon","coordinates":[[[102.94212,0.743],[102.90719,0.68585],[102.56638,0.74884],[102.39016,0.84196],[102.23886,0.99012],[102.15731,1.25894],[102.01975,1.44203],[101.78483,1.62143],[101.47683,1.69287],[101.4049,1.75741],[101.30062,2.01194],[101.04606,2.25748],[100.93604,2.29451],[100.82809,2.24265],[100.81698,2.14],[100.88788,1.94843],[100.6852,2.1199],[100.52382,2.18922],[99.73219,3.18298],[99.15114,3.58146],[98.77809,3.75925],[98.65851,3.92806],[98.30716,4.09262],[98.24148,4.19476],[98.2484,4.41436],[97.99968,4.66202],[97.90816,4.88004],[97.54726,5.20599],[97.19058,5.20759],[96.96781,5.26896],[96.61537,5.22028],[96.2508,5.26684],[96.0275,5.35099],[95.73749,5.57906],[95.45069,5.62669],[98.39868,7.82854],[98.43521,8.08571],[98.35103,8.11059],[98.31346,8.22066],[98.4209,8.17831],[98.49975,8.31802],[98.57913,8.34448],[98.70346,8.25663],[98.78868,8.05979],[99.05114,7.88781],[99.04267,7.76557],[99.0776,7.71795],[99.18344,7.71795],[99.26384,7.61899],[99.35857,7.37239],[99.43531,7.33431],[99.59669,7.35547],[99.55282,7.21894],[99.72056,7.10623],[99.69622,6.87658],[99.86872,6.7501],[100.26347,6.18231],[100.34336,5.98439],[100.35287,5.58751],[100.47354,5.04406],[100.6143,4.65248],[100.6143,4.37361],[100.79527,4.0233],[100.71538,3.96617],[101.3001,3.25337],[101.35405,3.011],[101.29535,2.88507],[101.51973,2.68345],[101.78111,2.57338],[102.14573,2.24849],[102.5484,2.04264],[102.72725,1.85531],[103.35698,1.54629],[103.50462,1.33038],[103.31094,1.03193],[103.14743,0.89752],[102.99927,1.06789],[102.7257,1.15895],[102.70188,1.05363],[102.88657,0.99699],[103.06273,0.86367],[103.00666,0.84036],[102.54948,1.13037],[102.45367,0.88956],[102.7765,0.77954],[102.94212,0.743]],[[102.4251,1.36423],[102.4992,1.3309],[102.46954,1.5103],[102.02398,1.6082],[102.0785,1.49864],[102.36691,1.41557],[102.4251,1.36423]],[[102.41295,1.26106],[102.25632,1.39705],[102.25518,1.14727],[102.38066,0.95994],[102.42722,0.99012],[102.44308,1.23409],[102.41295,1.26106]],[[101.70809,2.07861],[101.64091,2.12677],[101.40966,2.02148],[101.4033,1.90136],[101.46784,1.75953],[101.60277,1.71561],[101.7192,1.78917],[101.76209,1.9966],[101.70809,2.07861]]]}},{"type":"Feature","id":"Q171846","properties":{"id":"Q171846","regionType":"strait"},"geometry":{"type":"Polygon","coordinates":[[[148.18215,-40.45577],[148.16096,-40.51081],[148.11709,-40.5214],[148.14293,-40.55685],[148.05409,-40.78919],[147.96888,-40.77963],[147.87307,-40.8728],[147.62172,-40.84474],[147.45454,-41.00189],[147.32065,-40.95641],[146.98992,-40.99238],[146.8566,-41.05853],[146.84812,-41.16808],[146.72322,-41.07811],[146.57455,-41.14266],[146.3173,-41.16327],[146.11101,-41.11832],[145.82152,-41.02463],[145.53368,-40.86381],[145.34951,-40.82619],[145.28284,-40.77012],[145.04312,-40.7865],[144.81879,-40.72144],[144.71874,-40.67225],[144.70763,-40.63571],[143.9869,-40.09543],[144.1118,-40.0219],[144.1409,-39.95363],[144.10596,-39.87426],[144.12079,-39.78532],[144.09118,-39.63825],[144.0007,-39.58001],[143.9499,-39.58373],[143.55354,-38.81536],[143.81172,-38.69898],[144.10173,-38.46241],[144.66531,-38.21002],[144.58965,-38.15762],[144.39545,-38.137],[144.89124,-37.89991],[144.98493,-37.95231],[145.11986,-38.09147],[145.06694,-38.20475],[144.91139,-38.34391],[144.71771,-38.34019],[144.9595,-38.50054],[145.19132,-38.3836],[145.29292,-38.23751],[145.47601,-38.24387],[145.54216,-38.39363],[145.46278,-38.41641],[145.39715,-38.53548],[145.60618,-38.65661],[145.79082,-38.6672],[145.93531,-38.90166],[146.06972,-38.83391],[146.15809,-38.86564],[146.25441,-38.9646],[146.34014,-39.12387],[146.39993,-39.14557],[146.48401,-39.06516],[146.4666,-38.84027],[146.42691,-38.81959],[146.33642,-38.89422],[146.21627,-38.78259],[146.21736,-38.72756],[146.2925,-38.6995],[146.4359,-38.71164],[146.8566,-38.66353],[147.39579,-38.21901],[147.63123,-38.05551],[147.87685,-37.93433],[148.26261,-37.83061],[149.43938,-37.77821],[147.95141,-39.73452],[147.76724,-39.87054],[147.8122,-39.91022],[147.87628,-39.90547],[147.90594,-39.97162],[147.89059,-40.01446],[148.07368,-40.24095],[148.15941,-40.24731],[148.17156,-40.3579],[148.01017,-40.38064],[148.10277,-40.45159],[148.18215,-40.45577]]]}},{"type":"Feature","id":"Q232912","properties":{"id":"Q232912","regionType":"strait"},"geometry":{"type":"Polygon","coordinates":[[[-78.43505,24.62746],[-80.64114,23.09818],[-81.00787,23.0897],[-81.1444,23.05479],[-81.27139,23.12887],[-81.2624,23.15691],[-81.57566,23.1167],[-82.10113,23.19026],[-82.35037,23.15373],[-82.66575,23.04368],[-83.03299,22.99976],[-82.99966,24.21842],[-81.80056,24.07713],[-80.42472,24.46502],[-79.89556,24.95925],[-80.33,25.42227],[-80.30091,25.61859],[-80.15908,25.87842],[-80.12627,25.83344],[-80.04268,26.61765],[-78.96104,26.66848],[-78.79914,26.52823],[-78.16254,25.20213],[-78.21121,25.19102],[-78.15936,25.02222],[-78.18424,24.91693],[-78.29906,24.75394],[-78.24297,24.65392],[-78.31917,24.59044],[-78.33875,24.6423],[-78.43505,24.62746]]]}},{"type":"Feature","id":"Q127031","properties":{"id":"Q127031","regionType":"strait"},"geometry":{"type":"Polygon","coordinates":[[[120.09399,23.07753],[120.05906,23.05425],[117.51906,23.75963],[117.46087,23.7554],[117.43333,23.79191],[117.46614,23.84059],[117.57937,23.85699],[117.62805,23.83689],[117.66773,23.93903],[117.74184,24.01468],[117.83914,24.01205],[117.90431,24.10623],[118.05618,24.24594],[118.02435,24.37983],[117.87888,24.39569],[117.84292,24.47453],[118.00585,24.48194],[118.01381,24.55974],[118.08688,24.62695],[118.19478,24.62589],[118.29534,24.57297],[118.41229,24.60049],[118.56044,24.58036],[118.65729,24.62165],[118.71919,24.74601],[118.64039,24.80898],[118.63667,24.83544],[118.90916,24.9291],[118.95577,25.00475],[118.91448,25.12699],[118.97742,25.20903],[119.2357,25.20585],[119.28541,25.23231],[119.26366,25.27094],[121.08194,25.06508],[120.62952,24.47876],[120.15905,23.70884],[120.13208,23.65274],[120.12521,23.52681],[120.14319,23.39927],[120.07229,23.14952],[120.0834,23.09394],[120.09399,23.07753]]]}},{"type":"Feature","id":"Q48365","properties":{"id":"Q48365","regionType":"strait"},"geometry":{"type":"Polygon","coordinates":[[[-74.63459,-52.74727],[-74.01651,-52.63296],[-73.91491,-52.688],[-73.71066,-52.66154],[-73.58579,-52.68588],[-73.38205,-52.59488],[-73.24395,-52.62397],[-73.17832,-52.56258],[-73.18362,-52.48801],[-73.12383,-52.48801],[-73.07303,-52.53509],[-73.24077,-52.70707],[-73.64503,-52.83724],[-73.50747,-52.90339],[-73.33813,-53.05475],[-73.13121,-53.07273],[-73.0529,-53.24362],[-72.99841,-53.29075],[-72.72695,-53.41984],[-72.54913,-53.46061],[-72.38033,-53.46165],[-72.17448,-53.63259],[-72.10094,-53.66592],[-71.87181,-53.72256],[-71.69402,-53.80297],[-71.29766,-53.88338],[-71.08281,-53.82519],[-70.99605,-53.77915],[-70.94789,-53.57068],[-70.9844,-53.3738],[-70.95212,-53.22724],[-70.82141,-52.96317],[-70.83888,-52.88964],[-70.79495,-52.76897],[-70.56318,-52.67322],[-70.3912,-52.66102],[-69.90702,-52.51338],[-69.76308,-52.50548],[-69.62022,-52.4647],[-69.5604,-52.4213],[-69.44663,-52.26942],[-69.24078,-52.20539],[-69.13389,-52.21123],[-69.00744,-52.26255],[-68.69627,-52.31443],[-68.76241,-52.58165],[-69.07991,-52.67425],[-69.16724,-52.66738],[-69.41382,-52.48641],[-69.49849,-52.49116],[-69.76362,-52.73141],[-69.9356,-52.82138],[-69.99378,-52.82138],[-70.18959,-52.72345],[-70.38009,-52.75203],[-70.25891,-52.85734],[-70.16261,-52.89915],[-70.13086,-52.94256],[-70.19646,-52.99015],[-70.39066,-53.02669],[-70.44358,-53.08544],[-70.46053,-53.20605],[-70.41712,-53.30129],[-70.53143,-53.62784],[-70.61873,-53.65533],[-70.69547,-53.72731],[-70.64468,-53.82307],[-70.86745,-53.88395],[-70.8627,-54.09825],[-71.02251,-54.13793],[-71.02196,-54.11199],[-71.16854,-54.11251],[-71.55431,-53.95588],[-72.01521,-53.89397],[-72.21101,-53.80245],[-72.48247,-53.58815],[-72.68566,-53.55797],[-72.88198,-53.57807],[-72.97089,-53.42304],[-73.08308,-53.40346],[-73.17514,-53.35742],[-73.13545,-53.35369],[-73.45083,-53.14415],[-74.06573,-52.96529],[-74.36949,-52.93145],[-74.4224,-52.85998],[-74.57162,-52.77109],[-74.63459,-52.74727]]]}},{"type":"Feature","id":"Q5023","properties":{"id":"Q5023","regionType":"strait"},"geometry":{"type":"Polygon","coordinates":[[[175.24319,-41.58346],[174.28645,-41.74696],[174.21715,-41.67766],[174.17007,-41.65699],[174.08382,-41.67079],[174.16108,-41.56175],[174.09225,-41.50512],[174.06951,-41.42946],[174.10232,-41.36595],[174.1695,-41.32683],[174.23725,-41.312],[174.36742,-41.18818],[174.37006,-41.10349],[174.2833,-41.17175],[174.13824,-41.24849],[174.03881,-41.24213],[174.19968,-41.16012],[174.30236,-41.01936],[174.22402,-41.02411],[174.21188,-40.98551],[174.08062,-41.00613],[175.05219,-40.79234],[174.84791,-41.05904],[174.68492,-41.21779],[174.63521,-41.28921],[174.64312,-41.31252],[174.66958,-41.32626],[174.75691,-41.32523],[174.84104,-41.29081],[174.81985,-41.26275],[174.83153,-41.23102],[174.86538,-41.22306],[174.90026,-41.24265],[174.87489,-41.2781],[174.88124,-41.42419],[174.90615,-41.43318],[175.05374,-41.39137],[175.16541,-41.41732],[175.22205,-41.57446],[175.24319,-41.58346]]]}},{"type":"Feature","id":"Q35958","properties":{"id":"Q35958","regionType":"strait"},"geometry":{"type":"Polygon","coordinates":[[[29.0535,41.21526],[29.13288,41.20891],[29.09428,41.17715],[29.04663,41.00677],[28.9593,41.00889],[28.99583,41.06127],[29.03232,41.14064],[29.0535,41.21526]]]}},{"type":"Feature","id":"Q52052","properties":{"id":"Q52052","regionType":"strait"},"geometry":{"type":"Polygon","coordinates":[[[129.4928,35.71214],[129.57069,36.02962],[129.60017,36.05599],[130.20603,35.57995],[130.61716,35.01736],[130.83354,34.50886],[130.89445,34.27537],[130.91855,33.97573],[130.93767,33.9826],[130.85933,33.9101],[130.71541,33.92757],[130.48364,33.83442],[130.3651,33.63441],[130.16826,33.59844],[130.07189,33.5217],[129.82591,33.43703],[129.85763,33.37512],[129.84441,33.32169],[129.65971,33.36507],[129.61,33.34391],[129.58034,33.23647],[129.89681,33.02217],[129.99148,32.85177],[129.90104,32.85177],[129.82854,32.89252],[129.77774,32.98566],[129.67878,33.05974],[129.6624,32.99517],[129.01944,32.50835],[128.69719,32.44962],[127.82034,32.68509],[127.07951,32.93169],[126.59639,33.24177],[126.8726,33.34125],[126.93135,33.4439],[126.90117,33.51535],[126.69535,33.54922],[126.36038,33.46615],[126.51489,34.30752],[126.58419,34.31757],[126.61065,34.40328],[126.75462,34.51177],[126.82604,34.45092],[126.8975,34.43875],[127.03083,34.60704],[127.24725,34.75519],[127.26048,34.66153],[127.17372,34.54616],[127.32451,34.46309],[127.47897,34.62502],[127.38962,34.74302],[127.4044,34.82291],[127.52346,34.83984],[127.6325,34.69011],[127.71559,34.72078],[127.74205,34.78271],[127.63937,34.8896],[127.71503,34.95469],[127.87326,34.96632],[128.03625,35.02189],[128.09444,34.93353],[128.44423,34.87056],[128.41886,35.01554],[128.51084,35.10073],[128.98027,35.10127],[129.21416,35.1817],[129.41895,35.4976],[129.48562,35.68759],[129.4928,35.71214]],[[129.32583,34.60755],[129.32955,34.52182],[129.26656,34.37049],[129.36552,34.3054],[129.38138,34.4165],[129.47559,34.54035],[129.48034,34.64936],[129.45125,34.68641],[129.32583,34.60755]],[[128.75062,32.58613],[128.79031,32.63692],[128.89449,32.65227],[128.80617,32.77609],[128.70406,32.75704],[128.66541,32.78405],[128.64903,32.66181],[128.69295,32.60465],[128.75062,32.58613]],[[128.48919,34.86526],[128.64691,34.73667],[128.74111,34.79857],[128.72205,35.01342],[128.66809,35.00866],[128.58603,34.93244],[128.48919,34.86526]],[[128.03785,34.87849],[127.91553,34.92081],[127.83197,34.87425],[127.83833,34.81338],[127.87326,34.73509],[127.94152,34.7663],[127.98385,34.70333],[128.05475,34.70809],[128.06586,34.80599],[128.03785,34.87849]]]}},{"type":"Feature","id":"Q271521","properties":{"id":"Q271521","regionType":"strait"},"geometry":{"type":"Polygon","coordinates":[[[140.31767,41.14646],[140.14409,41.42427],[140.27007,41.45602],[140.3849,41.51953],[140.43146,41.56715],[140.48913,41.67193],[140.66002,41.81533],[140.81614,41.76029],[140.99918,41.73756],[141.07855,41.75978],[141.15219,41.8058],[141.46385,41.41158],[141.26857,41.35391],[141.05003,41.47561],[140.9368,41.50576],[140.89128,41.47985],[140.80188,41.25389],[140.80027,41.13907],[141.07013,41.19304],[141.2003,41.24384],[141.24423,41.20573],[141.26226,41.10256],[141.22521,40.98825],[141.18335,40.92422],[141.11824,40.88241],[140.93629,40.94063],[140.87593,40.92952],[140.8458,40.875],[140.80074,40.83425],[140.74844,40.83056],[140.7024,40.85807],[140.67961,40.89352],[140.62773,41.19568],[140.56427,41.21208],[140.44149,41.20942],[140.38593,41.22953],[140.31503,41.16074],[140.31767,41.14646]]]}},{"type":"Feature","id":"Q12630","properties":{"id":"Q12630","regionType":"gulf"},"geometry":{"type":"Polygon","coordinates":[[[-84.88456,21.86735],[-87.01657,21.57313],[-87.12822,21.62127],[-87.36846,21.57364],[-87.18801,21.54667],[-87.25097,21.44717],[-88.00664,21.6038],[-88.46648,21.56941],[-88.8787,21.41383],[-89.81955,21.27467],[-90.35295,21.00954],[-97.19507,20.8],[-97.51469,21.47786],[-97.63747,21.6038],[-97.75387,22.02661],[-97.38346,21.56677],[-97.4094,21.27255],[-97.31467,21.56411],[-97.58455,21.80859],[-97.76341,22.10599],[-97.85759,22.62456],[-97.74542,22.94261],[-97.74276,23.76069],[-97.66763,24.38988],[-97.5073,25.01429],[-97.16437,25.75512],[-97.14003,26.02976],[-97.21414,26.06787],[-97.43531,26.4859],[-97.55492,26.96745],[-97.48505,27.23733],[-97.69251,27.28707],[-97.7687,27.45745],[-97.52368,27.31404],[-97.43903,27.32833],[-97.28873,27.67071],[-97.43162,27.8374],[-97.17127,27.87972],[-97.07283,27.9861],[-97.0342,28.09405],[-97.14109,28.06069],[-97.15644,28.1443],[-96.93315,28.22422],[-96.89134,28.15753],[-96.83948,28.19458],[-96.77334,28.4216],[-96.6765,28.34116],[-96.42091,28.45757],[-96.52462,28.4888],[-96.63999,28.70892],[-96.44897,28.59464],[-96.37328,28.65706],[-96.0108,28.63221],[-96.23464,28.4888],[-95.85365,28.64014],[-95.27366,28.964],[-95.13928,29.16773],[-94.88844,29.37038],[-95.02285,29.70217],[-94.89002,29.67677],[-94.83235,29.75245],[-94.74186,29.74981],[-94.77837,29.54765],[-94.5265,29.5482],[-94.75984,29.38415],[-94.09945,29.67044],[-93.89044,29.68948],[-93.94653,29.8149],[-93.84122,29.97998],[-93.76926,29.95246],[-93.88408,29.81012],[-93.82641,29.72493],[-93.17552,29.77891],[-92.67124,29.59688],[-92.26059,29.55665],[-92.08386,29.59264],[-92.13571,29.69953],[-91.89335,29.83606],[-91.82457,29.75087],[-91.67269,29.74609],[-91.51394,29.55559],[-91.33085,29.51381],[-91.24884,29.56406],[-91.15094,29.318],[-91.29011,29.28891],[-90.75089,29.13068],[-90.50271,29.30002],[-90.30161,29.25555],[-90.21273,29.10474],[-90.13599,29.13597],[-90.05238,29.43125],[-90.15927,29.53709],[-89.87722,29.45823],[-89.79258,29.33335],[-89.44332,29.19419],[-89.35335,29.07034],[-89.37611,28.98146],[-89.23589,29.08094],[-89.15546,29.01637],[-89.01575,29.20264],[-89.18086,29.33547],[-89.5137,29.42014],[-89.67457,29.53866],[-89.72113,29.6191],[-89.68302,29.67465],[-89.35441,29.82017],[-89.35759,29.92125],[-89.40097,30.04612],[-89.49464,30.0583],[-89.58936,29.91489],[-89.74387,29.92972],[-89.81531,30.0075],[-89.66504,30.11705],[-89.72801,30.20488],[-89.5883,30.16573],[-89.32054,30.34512],[-88.90516,30.41497],[-88.69189,30.35518],[-88.13521,30.3668],[-88.01139,30.69435],[-87.92409,30.4499],[-87.79019,30.29167],[-88.0061,30.23082],[-87.62245,30.26469],[-87.44835,30.39432],[-87.47587,30.29433],[-87.28115,30.33929],[-87.17054,30.53878],[-87.07212,30.5007],[-86.9975,30.57054],[-86.98587,30.43083],[-87.20123,30.33929],[-86.25721,30.49328],[-86.12386,30.40597],[-86.45459,30.3991],[-85.75556,30.16679],[-85.74073,30.24456],[-85.60368,30.28691],[-85.66347,30.18953],[-85.62327,30.11705],[-85.67564,30.1218],[-85.35339,29.87575],[-85.31476,29.75826],[-85.41372,29.84242],[-85.41372,29.7678],[-85.319,29.67995],[-84.38291,29.9075],[-84.30986,30.06465],[-84.04422,30.10382],[-83.69445,29.926],[-83.2907,29.45187],[-82.76946,29.0513],[-82.65146,28.88725],[-82.66045,28.48563],[-82.84354,27.84587],[-82.74301,27.70934],[-82.66099,27.71833],[-82.59643,27.87339],[-82.67528,27.96388],[-82.63611,27.98132],[-82.40062,27.83528],[-82.63611,27.52465],[-82.71443,27.49979],[-82.29004,26.87061],[-82.18051,26.83991],[-82.18103,26.93675],[-82.01328,26.96161],[-82.06674,26.89177],[-82.03974,26.55205],[-81.82862,26.68698],[-81.95879,26.49014],[-81.8667,26.43511],[-81.71537,25.98319],[-81.36505,25.8308],[-81.11318,25.36724],[-80.94066,25.26406],[-80.96554,25.22438],[-81.13592,25.30957],[-81.16716,25.22859],[-81.11052,25.1381],[-80.48451,25.22965],[-80.33,25.42227],[-79.89556,24.95925],[-80.42472,24.46502],[-81.80056,24.07713],[-82.99966,24.21842],[-83.03299,22.99976],[-84.04476,22.66585],[-84.3612,22.37905],[-84.32627,22.07423],[-84.88014,21.88342],[-84.88456,21.86735]],[[-97.26757,26.32979],[-97.1845,26.11285],[-97.38612,27.19658],[-97.40198,26.82033],[-97.26757,26.32979]]]}},{"type":"Feature","id":"Q41430","properties":{"id":"Q41430","regionType":"gulf"},"geometry":{"type":"Polygon","coordinates":[[[6.46816,0.22707],[-7.51775,4.30801],[-7.52778,4.35508],[-5.91382,5.01073],[-5.06188,5.13085],[-5.36773,5.15095],[-5.28254,5.21023],[-5.02377,5.20335],[-4.89995,5.13826],[-4.0374,5.23033],[-4.60891,5.23617],[-4.35701,5.30125],[-3.98396,5.29329],[-3.87071,5.22082],[-3.34736,5.13085],[-3.23783,5.33564],[-3.15158,5.34833],[-3.16851,5.20281],[-3.01929,5.13085],[-3.24631,5.11393],[-2.3991,4.92923],[-2.00171,4.76255],[-1.50163,5.03825],[-0.79785,5.22663],[-0.34858,5.50075],[0.25996,5.75737],[0.94736,5.80978],[5.58336,4.65778],[6.07656,4.29054],[6.2057,4.29212],[6.27076,4.43234],[6.26389,4.30958],[6.55441,4.34134],[6.57979,4.47575],[6.62319,4.32069],[8.44458,3.38778],[8.47476,3.26448],[9.89607,2.94486],[9.80719,1.92727],[9.63205,1.56533],[9.49444,1.43516],[9.38597,1.13936],[9.59924,1.05466],[9.61774,0.5763],[9.49552,0.66466],[9.3299,0.61071],[9.32458,0.55196],[9.54632,0.29585],[9.77649,0.19265],[10.00139,0.19477],[9.81246,0.12547],[9.79659,0.04398],[9.46798,0.15984],[9.35476,0.34349],[9.30184,0.28846],[9.29652,-0.3513],[9.0817,-0.62435],[8.82135,-0.70848],[8.70332,-0.59102],[6.98353,0.03287],[6.55705,0.03287],[6.75021,0.24345],[6.74965,0.32551],[6.62583,0.40008],[6.47767,0.27998],[6.46816,0.22707]]]}},{"type":"Feature","id":"Q180531","properties":{"id":"Q180531","regionType":"gulf"},"geometry":{"type":"Polygon","coordinates":[[[-136.59471,58.23854],[-162.517,54.04807],[-162.96098,54.30048],[-163.08903,54.68625],[-163.37901,54.81536],[-163.13136,54.91644],[-163.11973,55.0646],[-162.99588,55.04661],[-162.86519,54.95453],[-162.67417,54.99633],[-162.61914,55.03866],[-162.63025,55.24663],[-162.4953,55.20854],[-162.41274,55.10692],[-162.45773,55.07783],[-162.38628,55.05243],[-162.07408,55.13922],[-161.74178,55.39109],[-161.65447,55.56361],[-161.51688,55.61865],[-161.35759,55.61229],[-161.20201,55.54348],[-161.41316,55.53609],[-161.47665,55.46465],[-161.46396,55.38262],[-161.17822,55.389],[-160.89668,55.51387],[-160.77075,55.48369],[-160.62523,55.5525],[-160.49929,55.53715],[-160.37333,55.63505],[-159.77115,55.84088],[-159.67854,55.8245],[-159.6595,55.62606],[-159.56741,55.69536],[-159.52297,55.81021],[-158.79007,55.98694],[-158.59112,56.18432],[-158.50487,56.06208],[-158.27573,56.19649],[-158.38632,56.30181],[-158.55194,56.31292],[-158.41438,56.43568],[-157.93017,56.52032],[-158.07836,56.5521],[-157.86933,56.64523],[-157.57828,56.63463],[-157.4407,56.79023],[-157.13908,56.82671],[-156.77978,57.00559],[-156.62896,57.0098],[-156.40037,57.20509],[-156.47814,57.32785],[-156.43582,57.36014],[-156.24214,57.44903],[-156.05535,57.44745],[-156.00032,57.54481],[-155.77806,57.56809],[-155.59021,57.73371],[-155.14729,57.88189],[-155.00707,58.0163],[-154.5848,58.05545],[-154.57051,58.1179],[-154.24719,58.15916],[-154.20802,58.28882],[-154.28897,58.30417],[-154.08578,58.36608],[-154.01964,58.49307],[-153.86195,58.58779],[-153.43755,58.75502],[-153.32854,58.88731],[-151.95855,59.27783],[-151.73841,59.1884],[-151.17061,59.23708],[-151.18278,59.30057],[-150.93461,59.24925],[-150.67741,59.42704],[-150.60757,59.56357],[-150.19801,59.56675],[-149.96676,59.69005],[-150.00539,59.78423],[-149.78261,59.75036],[-149.79478,59.85567],[-149.7138,59.9197],[-149.59792,59.77049],[-149.39524,60.10597],[-149.26667,59.99802],[-149.12167,60.03349],[-148.75073,59.94776],[-148.46499,59.97474],[-148.29141,60.14566],[-148.07974,60.1515],[-147.91412,60.0922],[-147.76806,59.94353],[-147.87231,59.82816],[-147.84637,59.79906],[-147.54001,59.8673],[-147.31826,60.07527],[-146.70285,60.40443],[-146.59544,60.26844],[-145.88951,60.48274],[-145.24818,60.38009],[-144.69096,60.66901],[-144.82431,60.53354],[-144.90156,60.3351],[-144.64282,60.22449],[-144.18561,60.15095],[-144.08877,60.08429],[-144.14698,60.01654],[-142.94576,60.09698],[-141.66995,59.96998],[-141.44717,60.0192],[-141.40855,60.11762],[-141.29,60.00437],[-141.40855,59.90278],[-140.84339,59.74878],[-140.42005,59.71067],[-139.91683,59.80594],[-139.51889,60.01709],[-139.43156,60.01231],[-139.24266,59.89273],[-138.98813,59.83506],[-139.22095,59.81971],[-139.28658,59.61068],[-139.33103,59.87684],[-139.51254,59.95358],[-139.58238,59.84828],[-139.51306,59.69798],[-139.6115,59.61016],[-139.79934,59.54611],[-138.88441,59.23708],[-138.51505,59.16564],[-138.56055,59.12913],[-138.02718,58.94126],[-137.54403,58.58092],[-136.59525,58.24438],[-136.59471,58.23854]],[[-151.97441,58.30998],[-152.31625,58.4137],[-152.38082,58.35233],[-152.6745,58.45075],[-152.84118,58.41636],[-152.76868,58.34543],[-152.77186,58.27877],[-152.97613,58.29675],[-153.38146,58.0872],[-152.92849,57.99354],[-152.68297,58.06338],[-152.5983,58.16234],[-152.53745,58.10098],[-152.30938,58.13376],[-152.33424,58.20787],[-152.26863,58.25177],[-152.10934,58.16128],[-151.98235,58.24438],[-151.97441,58.30998]],[[-153.16028,57.97184],[-153.22589,57.95755],[-153.16873,57.91047],[-153.21741,57.79565],[-153.39045,57.79828],[-153.48783,57.73108],[-153.69578,57.8713],[-153.90427,57.81999],[-153.87941,57.75702],[-153.69315,57.66335],[-153.83812,57.63584],[-153.79792,57.44321],[-153.68785,57.30511],[-153.80534,57.35802],[-154.00801,57.55592],[-154.02969,57.63054],[-154.11594,57.65118],[-154.53557,57.55964],[-154.67316,57.44585],[-154.70598,57.33526],[-154.56945,57.20615],[-154.49855,57.0368],[-154.33874,56.92092],[-154.26094,56.91193],[-154.1842,57.00505],[-154.23924,57.08708],[-154.38106,57.09662],[-154.24402,57.14318],[-154.03499,57.12202],[-154.10325,57.02146],[-153.99954,57.05003],[-153.79316,56.98973],[-154.07098,56.8209],[-153.97253,56.77434],[-153.75717,56.85849],[-153.64341,56.96061],[-153.64658,57.02941],[-153.73283,57.05215],[-153.27457,57.22625],[-153.05179,57.2379],[-152.87929,57.32097],[-152.67925,57.34531],[-152.78139,57.45326],[-152.9973,57.46913],[-152.94066,57.49825],[-152.41204,57.45484],[-152.21623,57.57708],[-152.48242,57.70356],[-152.42896,57.8258],[-152.61629,57.84908],[-152.89092,57.76919],[-152.85017,57.8967],[-152.94332,57.93584],[-153.16028,57.97184]],[[-153.37459,57.05215],[-153.29521,57.00029],[-153.15656,57.09396],[-152.90787,57.14],[-153.28516,57.18498],[-153.35448,57.13207],[-153.37459,57.05215]],[[-159.92039,55.26727],[-160.17226,55.12281],[-160.15373,55.03814],[-160.22729,54.9228],[-159.85424,55.14449],[-159.88757,55.27309],[-159.92039,55.26727]],[[-160.78928,55.38316],[-160.84643,55.3112],[-160.79509,55.14503],[-160.48764,55.18472],[-160.58342,55.3075],[-160.55273,55.38052],[-160.68502,55.31489],[-160.67233,55.37946],[-160.72419,55.40486],[-160.78928,55.38316]]]}},{"type":"Feature","id":"Q34675","properties":{"id":"Q34675","regionType":"gulf"},"geometry":{"type":"Polygon","coordinates":[[[57.20357,26.10014],[56.42517,26.27847],[56.37861,26.35625],[56.30559,26.23507],[56.1643,26.20703],[55.94101,25.79375],[55.52295,25.49795],[55.09801,25.04181],[54.74666,24.81055],[54.39687,24.27821],[54.1482,24.17132],[53.80155,24.06972],[52.6485,24.15439],[52.25111,23.99513],[51.90611,23.98559],[51.7918,24.07502],[51.76747,24.25441],[51.66479,24.25017],[51.60551,24.33854],[51.53461,24.28617],[51.30972,24.34014],[51.41819,24.53116],[51.41131,24.57085],[51.26791,24.60736],[51.42775,24.66821],[51.60872,25.05292],[51.48542,25.52493],[51.57218,25.78106],[51.54309,25.90224],[51.26212,26.15305],[51.00333,25.98162],[50.75461,25.39954],[50.84669,24.88835],[50.80437,24.78939],[50.55777,25.08679],[50.45514,25.42493],[50.23867,25.62283],[50.081,25.96149],[50.03181,26.11125],[50.15563,26.10068],[50.21381,26.30863],[50.18472,26.40495],[50.02757,26.52665],[50.00799,26.67853],[50.14979,26.66264],[49.98628,26.8288],[49.71643,26.9558],[49.53752,27.1516],[49.40523,27.18124],[49.17507,27.43786],[49.23749,27.4929],[48.90624,27.62891],[48.79726,27.72415],[48.83271,27.80089],[48.80889,27.89613],[48.62631,28.13268],[48.33899,28.76344],[48.18396,28.97934],[48.05167,29.35557],[47.72513,29.41696],[47.96961,29.61698],[48.14319,29.57254],[48.00563,29.83606],[47.98232,30.01122],[48.14159,30.04085],[48.45434,29.93872],[48.67076,30.02814],[48.83219,30.03556],[48.91896,30.12075],[48.89141,30.32766],[48.91684,30.3975],[49.03693,30.45042],[49.00205,30.50651],[49.22426,30.47212],[49.24705,30.41233],[49.19041,30.37528],[49.09621,30.40703],[49.00205,30.3737],[49.55499,30.0292],[49.98313,30.20911],[50.0715,30.19854],[50.16886,29.92125],[50.64986,29.42014],[50.67523,29.14654],[50.87579,29.06295],[50.8668,28.87033],[51.06208,28.72587],[51.09381,28.51208],[51.27587,28.21892],[51.27902,28.13162],[51.58913,27.86437],[52.03096,27.82417],[52.476,27.61674],[52.69139,27.32358],[52.98243,27.14206],[53.45496,26.94311],[53.50736,26.85157],[53.7058,26.7256],[54.24711,26.69651],[54.64507,26.50918],[54.8959,26.5568],[55.29433,26.78594],[55.42399,26.77059],[55.65049,26.9775],[55.94101,27.03783],[56.11826,27.14312],[56.35639,27.20028],[56.7284,27.12778],[56.91041,26.99442],[57.03583,26.80077],[57.10409,26.37159],[57.20145,26.15887],[57.20357,26.10014]],[[55.74733,26.69227],[55.84784,26.7309],[55.95424,26.70126],[56.18813,26.92141],[56.27913,26.9521],[56.21407,27.00342],[55.90711,26.90975],[55.75792,26.94786],[55.76267,26.81188],[55.2949,26.63936],[55.31128,26.5928],[55.42347,26.58326],[55.67482,26.68592],[55.74733,26.69227]],[[50.45246,26.19062],[50.46569,25.96573],[50.57472,25.80698],[50.61756,26.00224],[50.55777,26.19804],[50.58583,26.24091],[50.46992,26.22874],[50.45246,26.19062]],[[48.22784,29.93608],[48.15854,29.95936],[48.08128,29.79901],[48.17973,29.61116],[48.27548,29.62439],[48.34799,29.7826],[48.22784,29.93608]]]}},{"type":"Feature","id":"Q41837","properties":{"id":"Q41837","regionType":"gulf"},"geometry":{"type":"Polygon","coordinates":[[[51.26104,15.20936],[51.26739,11.83062],[50.79218,11.98356],[50.63611,11.94387],[50.46625,11.72745],[50.1101,11.52953],[49.64232,11.4507],[49.06184,11.27079],[48.90309,11.25489],[48.57236,11.32052],[48.01937,11.13953],[47.71247,11.11204],[47.40499,11.17394],[46.5652,10.74583],[45.81646,10.8358],[44.94282,10.4368],[44.38662,10.43045],[44.27924,10.47174],[43.8527,10.78446],[43.63101,11.0353],[43.441,11.34644],[43.16163,11.56604],[42.91131,11.58668],[42.53986,11.50413],[42.52188,11.5724],[42.63986,11.56023],[42.79912,11.73962],[43.04784,11.82905],[43.33677,12.02694],[43.40978,12.18993],[43.30028,12.46141],[43.48916,12.69953],[43.63416,12.74449],[44.00561,12.60745],[44.35862,12.66936],[44.61788,12.817],[44.75549,12.76356],[45.03857,12.81594],[45.16399,12.99851],[45.39364,13.06729],[45.65719,13.33875],[46.78906,13.46577],[47.40763,13.66154],[47.63361,13.8584],[47.98971,14.04785],[48.2776,13.99757],[48.66812,14.04994],[48.92847,14.26745],[49.04805,14.45635],[49.34968,14.63787],[49.90639,14.82837],[50.16674,14.85111],[50.52708,15.03844],[51.01501,15.14058],[51.26104,15.20936]]]}},{"type":"Feature","id":"Q132811","properties":{"id":"Q132811","regionType":"gulf"},"geometry":{"type":"Polygon","coordinates":[[[-106.92223,23.86441],[-109.44688,23.2654],[-109.42094,23.48025],[-109.50985,23.59771],[-109.67653,23.66173],[-109.7104,23.80356],[-110.02261,24.17449],[-110.26285,24.34435],[-110.3253,24.30573],[-110.29672,24.19514],[-110.36763,24.10042],[-110.4216,24.18349],[-110.54702,24.21418],[-110.65918,24.34172],[-110.73435,24.58989],[-110.6867,24.86771],[-110.89416,25.14446],[-111.03438,25.52705],[-111.14972,25.57255],[-111.29155,25.79005],[-111.33229,26.12554],[-111.5699,26.70762],[-111.79532,26.8796],[-111.81702,26.7563],[-111.69953,26.58114],[-111.75405,26.57269],[-111.86252,26.67853],[-111.88317,26.83991],[-112.0091,26.96691],[-112.0038,27.0791],[-112.19167,27.18651],[-112.32924,27.52359],[-112.73407,27.82574],[-112.87057,28.42423],[-113.09389,28.51154],[-113.20554,28.79889],[-113.32091,28.81318],[-113.38176,28.94653],[-113.49976,28.92694],[-113.54526,29.1021],[-113.75535,29.36723],[-114.1792,29.73446],[-114.37237,29.83025],[-114.63005,30.1562],[-114.63323,30.50703],[-114.76128,30.95894],[-114.88195,31.15632],[-114.84807,31.53787],[-114.78986,31.64685],[-114.8396,31.79873],[-114.93381,31.90087],[-114.14905,31.50717],[-114.00247,31.52516],[-113.94797,31.62941],[-113.75959,31.55797],[-113.63311,31.46748],[-113.62358,31.34576],[-113.04679,31.17908],[-113.04309,31.08702],[-113.11875,31.04785],[-113.1103,30.79331],[-113.0579,30.65097],[-112.82456,30.30014],[-112.73828,29.98528],[-112.41445,29.53654],[-112.37846,29.34764],[-112.2234,29.26932],[-112.16204,29.01903],[-111.94084,28.82323],[-111.67995,28.47028],[-111.47146,28.38403],[-111.12114,27.96703],[-110.92061,27.88871],[-110.7592,27.91517],[-110.53007,27.86437],[-110.61528,27.65376],[-110.47769,27.32252],[-110.27714,27.16217],[-109.94375,27.0791],[-109.89083,26.8833],[-109.75485,26.70287],[-109.48285,26.71026],[-109.27648,26.53406],[-109.21614,26.35519],[-109.11667,26.25253],[-109.19976,26.30545],[-109.42572,26.03242],[-109.38497,25.72709],[-109.30454,25.63288],[-109.19658,25.59268],[-109.08385,25.6149],[-108.88648,25.73342],[-108.97275,25.58844],[-109.06853,25.55139],[-109.02884,25.48049],[-108.787,25.53816],[-108.69651,25.38313],[-108.05146,25.0672],[-108.0356,25.03545],[-108.13983,25.01853],[-108.28059,25.08149],[-108.01495,24.78358],[-107.95092,24.61478],[-107.81651,24.5391],[-107.5117,24.48936],[-107.49372,24.36924],[-107.52705,24.36024],[-107.76517,24.47189],[-106.93546,23.88133],[-106.92223,23.86441]],[[-112.26363,29.20687],[-112.28479,29.2402],[-112.47,29.16773],[-112.51393,28.84757],[-112.27844,28.76925],[-112.2033,29.00526],[-112.2488,29.12592],[-112.26363,29.20687]],[[-113.17802,29.13174],[-113.20236,29.3016],[-113.37382,29.33917],[-113.41615,29.48575],[-113.58707,29.57305],[-113.58074,29.41324],[-113.49658,29.30741],[-113.1558,29.05236],[-113.17802,29.13174]]]}},{"type":"Feature","id":"Q131217","properties":{"id":"Q131217","regionType":"gulf"},"geometry":{"type":"Polygon","coordinates":[[[104.77038,8.59743],[102.34893,6.15797],[102.10124,6.2421],[101.79909,6.47441],[101.49802,6.86547],[101.30222,6.90831],[101.01805,6.86069],[100.58624,7.17607],[100.42382,7.18773],[100.16079,7.59941],[100.15816,7.728],[100.2566,7.77511],[100.31742,7.71583],[100.28357,7.55179],[100.38042,7.54174],[100.43917,7.28085],[100.54501,7.22687],[100.45343,7.44226],[100.27934,8.26828],[100.16343,8.50853],[100.12958,8.42809],[99.98938,8.58896],[99.83539,9.2885],[99.72371,9.31444],[99.39407,9.21391],[99.25382,9.26522],[99.28823,9.41446],[99.1607,9.73408],[99.19455,10.1754],[99.16493,10.31986],[99.48667,10.88978],[99.62739,11.46287],[99.98881,12.17089],[99.96396,12.69],[100.08989,13.04559],[99.99041,13.24351],[100.01739,13.35304],[100.23541,13.48427],[100.53653,13.51445],[100.60319,13.56842],[100.9625,13.43189],[100.86354,12.71434],[100.89795,12.65401],[100.95402,12.62119],[101.09004,12.67359],[101.4451,12.6191],[101.72343,12.68946],[102.03458,12.53177],[102.22929,12.33175],[102.25896,12.3942],[102.34309,12.25238],[102.54049,12.10898],[102.59444,12.20316],[102.7627,12.01265],[102.91246,11.70363],[102.94848,11.77349],[103.00398,11.7105],[103.01038,11.5888],[103.12573,11.46075],[103.09131,11.21097],[103.1527,10.9136],[103.35377,10.92153],[103.53268,11.14643],[103.65438,11.05858],[103.72207,10.89029],[103.68084,10.75854],[103.54058,10.66857],[103.53211,10.60455],[103.58715,10.55217],[103.66177,10.50877],[103.84062,10.58075],[103.87028,10.65535],[103.93694,10.58656],[104.2624,10.54106],[104.66346,10.1701],[104.80211,10.20292],[104.87301,10.11455],[105.02809,10.06745],[105.09264,9.90076],[104.90319,9.81609],[104.845,9.606],[104.81854,8.80169],[104.89632,8.74665],[104.77038,8.59743]],[[104.03694,10.11083],[104.06396,10.39076],[103.98562,10.42675],[103.84961,10.3712],[103.95229,10.24312],[104.01844,10.02934],[104.04862,10.06109],[104.03694,10.11083]]]}},{"type":"Feature","id":"Q169523","properties":{"id":"Q169523","regionType":"gulf"},"geometry":{"type":"Polygon","coordinates":[[[-61.44828,45.71475],[-61.65677,45.64225],[-61.77635,45.65548],[-61.87743,45.71421],[-61.95575,45.86821],[-62.4828,45.62161],[-62.75004,45.64807],[-62.70082,45.74067],[-63.10775,45.7825],[-63.29295,45.75178],[-63.50937,45.87456],[-63.70306,45.85816],[-64.05655,46.02114],[-63.83165,46.10739],[-63.8724,46.14602],[-64.54125,46.24023],[-64.5566,46.31167],[-64.64763,46.35611],[-64.72594,46.67149],[-64.81697,46.69849],[-64.90585,46.88791],[-64.83126,47.06095],[-65.04238,47.08901],[-65.19214,47.04933],[-65.31913,47.10116],[-64.91221,47.3684],[-64.85242,47.57002],[-64.70318,47.72505],[-64.8741,47.79703],[-65.04662,47.79279],[-65.00163,47.84677],[-65.607,47.67001],[-65.84936,47.9108],[-66.35948,48.06056],[-66.7045,48.02244],[-66.44891,48.1198],[-66.08325,48.10288],[-65.92662,48.18861],[-65.47576,48.03146],[-65.25934,48.02141],[-64.82224,48.19654],[-64.63334,48.36059],[-64.34865,48.42304],[-64.25393,48.55058],[-64.24599,48.69132],[-64.51376,48.84108],[-64.20894,48.80614],[-64.26186,48.92203],[-64.5328,49.08344],[-64.52009,50.30794],[-64.17032,50.26931],[-63.85388,50.31427],[-63.23846,50.24231],[-63.1358,50.29365],[-62.36161,50.27724],[-61.91978,50.23277],[-61.72504,50.10418],[-60.80747,50.2497],[-60.08038,50.25448],[-59.88618,50.31639],[-59.81528,50.41853],[-59.61207,50.49209],[-59.16545,50.77995],[-58.51035,51.2948],[-58.08965,51.31124],[-57.76952,51.42606],[-57.29908,51.47843],[-57.03186,51.44616],[-56.75139,51.27261],[-56.82495,51.12548],[-57.0361,51.01066],[-57.0054,50.93973],[-57.05302,50.85721],[-57.29802,50.69846],[-57.1795,50.61484],[-57.33032,50.60531],[-57.43243,50.50583],[-57.92615,49.70097],[-57.89757,49.60043],[-57.79122,49.48985],[-57.85631,49.47396],[-58.01557,49.54276],[-58.2135,49.38665],[-58.19073,49.2586],[-57.98013,49.22948],[-58.09864,49.07762],[-57.99072,48.98817],[-58.40346,49.0845],[-58.49394,49.003],[-58.71672,48.59817],[-58.90668,48.65005],[-58.8416,48.74635],[-59.16757,48.55848],[-59.16705,48.522],[-58.33044,48.522],[-58.60507,48.41139],[-59.27183,47.99547],[-59.36231,47.88912],[-59.32051,47.7367],[-59.25966,47.63404],[-59.11677,47.57056],[-58.61301,47.62611],[-58.33677,47.73089],[-58.33308,47.67691],[-56.77415,47.56526],[-56.26297,47.65838],[-56.12168,47.78907],[-56.02009,47.7637],[-55.85816,47.81925],[-55.86715,47.59224],[-56.1275,47.50281],[-55.86188,47.53033],[-55.57611,47.46524],[-55.43483,47.50124],[-55.36605,47.66105],[-54.79559,47.6404],[-54.97553,47.51604],[-55.19089,47.44884],[-55.49146,47.16045],[-55.83858,47.07155],[-55.95449,46.94401],[-56.26403,46.84505],[-56.31483,46.95406],[-56.28731,47.071],[-56.36459,47.09906],[-56.33229,46.91595],[-56.38469,46.81965],[-56.30214,46.82125],[-56.37146,46.77839],[-59.87771,46.16349],[-60.22645,46.19579],[-60.29786,46.31113],[-60.53441,46.21428],[-60.33174,46.76779],[-60.4254,46.92339],[-60.40848,47.00328],[-60.57092,46.99904],[-60.8699,46.79689],[-61.24031,46.30265],[-61.4086,46.17036],[-61.49539,45.94125],[-61.44986,45.71636],[-61.44828,45.71475]],[[-62.00815,47.23453],[-61.83351,47.22234],[-61.77266,47.25991],[-61.91394,47.28427],[-61.68429,47.49857],[-61.4758,47.56418],[-61.39537,47.63776],[-61.54776,47.63193],[-61.92453,47.42504],[-62.00815,47.23453]],[[-62.55266,49.14111],[-62.21927,49.0792],[-61.80123,49.09401],[-61.69594,49.13899],[-61.8171,49.28345],[-62.04306,49.3898],[-63.0887,49.77293],[-64.13169,49.94173],[-64.48518,49.88724],[-64.4402,49.82797],[-63.77662,49.60201],[-63.56601,49.39934],[-62.79978,49.17075],[-62.55266,49.14111]],[[-64.11104,46.42544],[-63.75863,46.39737],[-63.80042,46.36722],[-63.64115,46.23069],[-63.27655,46.15344],[-63.15273,46.18834],[-63.27073,46.2],[-62.97863,46.31642],[-63.05643,46.22382],[-62.95271,46.19524],[-62.8945,46.1238],[-63.02201,46.06665],[-62.90349,46.06825],[-62.87809,46.00156],[-62.74314,45.96665],[-62.47804,45.99998],[-62.54313,46.02856],[-62.5262,46.20266],[-62.02349,46.42171],[-62.16372,46.48734],[-63.12945,46.42226],[-63.68135,46.56196],[-63.78403,46.45453],[-63.90573,46.5085],[-63.87927,46.60904],[-64.08776,46.77521],[-63.98141,46.9128],[-63.99358,47.06147],[-64.22323,46.90114],[-64.40314,46.69159],[-64.3878,46.6408],[-64.2354,46.63129],[-64.1068,46.56196],[-64.11104,46.42544]]]}},{"type":"Feature","id":"Q14686","properties":{"id":"Q14686","regionType":"gulf"},"geometry":{"type":"Polygon","coordinates":[[[23.48139,59.07092],[22.94003,59.80911],[22.96385,59.82658],[23.021,59.81599],[23.18135,59.84511],[23.46341,59.98636],[23.72163,59.96575],[24.34289,60.04248],[24.44552,60.0213],[24.51802,60.04618],[24.60055,60.11445],[25.15565,60.19434],[25.26784,60.24831],[25.45569,60.26102],[25.65624,60.33298],[25.71552,60.26738],[25.75784,60.26738],[25.94573,60.34676],[26.03565,60.34146],[26.04041,60.37161],[25.95576,60.47427],[26.03622,60.47481],[26.20448,60.40655],[26.37749,60.42401],[26.45635,60.46688],[26.49604,60.55207],[26.56957,60.62457],[26.60662,60.62775],[26.51986,60.47163],[26.53469,60.4129],[26.72145,60.45522],[26.95115,60.47163],[27.07549,60.52507],[27.20514,60.54359],[27.46228,60.46473],[27.7618,60.53302],[28.17935,60.57111],[28.51271,60.67748],[28.65079,60.6108],[28.62221,60.49173],[28.49152,60.5399],[28.52222,60.48274],[28.6434,60.37533],[28.81274,60.33141],[29.06937,60.1917],[29.37049,60.17584],[29.72132,60.1954],[29.87211,60.12078],[29.97691,60.0266],[30.17271,59.95727],[30.12243,59.87368],[29.67,59.95569],[29.14719,59.99959],[28.94715,59.8287],[28.74763,59.80648],[28.51798,59.84932],[28.45395,59.81439],[28.42377,59.73398],[28.33437,59.69269],[28.21268,59.72444],[28.13118,59.78635],[28.05816,59.7816],[28.01367,59.72498],[28.06395,59.55407],[28.00204,59.46991],[27.89249,59.41436],[26.97492,59.45087],[26.62518,59.55407],[26.46059,59.55407],[25.79386,59.6345],[25.50917,59.63925],[25.5208,59.55934],[25.44354,59.52125],[24.87732,59.52231],[24.58365,59.45562],[24.38046,59.47255],[24.17566,59.37573],[24.05339,59.37255],[24.08357,59.29212],[23.78246,59.27519],[23.49462,59.19582],[23.51684,59.10745],[23.48139,59.07092]]]}},{"type":"Feature","id":"Q192626","properties":{"id":"Q192626","regionType":"archipelago"},"geometry":{"type":"Polygon","coordinates":[[[-154.9049,18.21705],[-155.48479,18.15351],[-156.20617,18.37769],[-156.61065,18.61036],[-158.36895,19.92817],[-160.13421,20.98115],[-177.6776,26.9325],[-178.21715,27.27411],[-178.85363,28.14759],[-179.15337,28.84907],[-179.17705,29.23829],[-179.11785,29.38917],[-178.82665,29.57014],[-178.58251,29.5868],[-177.86663,29.43885],[-173.06884,27.6695],[-161.75268,24.93281],[-158.24511,23.568],[-156.75787,22.76118],[-156.12932,22.33253],[-155.59606,21.88941],[-154.84624,20.97791],[-154.42034,20.12073],[-154.27013,19.36903],[-154.36571,18.76331],[-154.67736,18.34412],[-154.9049,18.21705]]]}},{"type":"Feature","id":"Q38272","properties":{"id":"Q38272","regionType":"archipelago"},"geometry":{"type":"Polygon","coordinates":[[[1.8675,51.43843],[1.18533,50.68339],[0.87283,50.52089],[-0.42718,50.30839],[-1.64754,50.1882],[-1.72421,50.24643],[-2.00643,50.15436],[-2.49213,50.15342],[-2.94005,50.26966],[-3.12127,50.23201],[-3.26639,50.00388],[-3.56339,49.80559],[-3.85207,49.78342],[-4.22444,49.91532],[-4.34744,49.90887],[-4.63615,49.84391],[-5.0308,49.59732],[-5.70983,49.60967],[-5.89584,49.69395],[-6.05844,49.87835],[-6.1059,50.13188],[-6.05953,50.33076],[-5.82048,50.57084],[-5.51572,50.66878],[-4.96925,51.05506],[-4.92582,51.17736],[-5.29682,51.2904],[-5.44929,51.38963],[-5.65173,51.65536],[-5.70812,51.8215],[-5.68811,52.02473],[-5.55929,52.21783],[-5.2844,52.40043],[-4.9909,52.47868],[-5.10886,52.66159],[-5.13073,52.86309],[-5.0969,53.01624],[-4.99341,53.16926],[-5.0137,53.44515],[-4.93305,53.64843],[-5.14208,53.79929],[-5.23211,54.02405],[-5.35697,53.8987],[-5.57902,53.81484],[-5.70982,53.70158],[-5.67943,53.38807],[-5.59919,53.14987],[-5.58636,52.83938],[-5.76332,52.53798],[-5.92172,52.0478],[-6.07519,51.8728],[-6.37925,51.75686],[-7.28704,51.68608],[-7.89743,51.40548],[-8.72569,51.14389],[-9.23779,51.05241],[-9.47596,51.07391],[-9.73731,51.02405],[-9.97988,51.05755],[-10.37056,51.2268],[-10.67914,51.50242],[-10.80449,51.72423],[-10.83894,52.16432],[-10.77203,52.39392],[-10.63041,52.56368],[-10.34664,52.70017],[-10.27331,52.84345],[-10.13327,52.96348],[-10.34108,53.03898],[-10.49455,53.21398],[-10.55803,53.63616],[-10.70017,53.86136],[-10.70685,54.06546],[-10.44198,54.49528],[-10.22846,54.67326],[-9.74654,54.74916],[-9.21015,54.73553],[-9.0884,54.9925],[-8.81348,55.17981],[-8.59254,55.46426],[-8.44666,55.56173],[-7.65342,55.70569],[-7.3527,55.81333],[-7.1303,55.78734],[-6.94514,55.70562],[-6.87829,55.98035],[-6.77038,56.14267],[-6.91426,56.20556],[-7.03833,56.32962],[-7.11646,56.63105],[-7.34743,56.52115],[-7.68193,56.53393],[-7.89413,56.68599],[-7.98876,56.9137],[-7.96874,57.11693],[-7.86318,57.31812],[-7.96054,57.54327],[-7.93107,57.78794],[-7.77314,57.99307],[-7.54302,58.09605],[-7.48856,58.38106],[-7.27822,58.59619],[-6.44172,58.91241],[-6.17875,58.94865],[-6.01261,58.89226],[-5.88133,58.78521],[-5.77883,58.60717],[-5.7447,58.43781],[-5.63476,58.57679],[-5.4937,58.66042],[-5.32323,58.89559],[-5.11823,59.00675],[-4.92465,59.03805],[-4.33106,58.98837],[-3.82582,59.03661],[-3.64841,59.42729],[-3.21432,59.74928],[-2.97552,59.79679],[-2.72291,59.72276],[-2.31926,59.73859],[-2.13324,59.65431],[-2.01756,59.5224],[-1.96117,59.35626],[-1.97264,59.18119],[-2.11186,58.9531],[-2.33098,58.83002],[-2.43626,58.63321],[-2.65422,58.38603],[-2.7526,58.1401],[-2.04467,58.15107],[-1.78943,58.09207],[-1.51063,57.88609],[-1.37463,57.69263],[-1.32922,57.52316],[-1.40676,57.22419],[-1.63566,57.01158],[-1.9222,56.56684],[-2.14049,56.36751],[-1.92227,56.29241],[-1.31732,55.86686],[-0.93298,55.05884],[-0.47249,54.9072],[0.2336,54.436],[0.34998,54.23442],[0.3566,54.02998],[0.72649,53.42634],[1.50353,53.32646],[1.88161,53.14315],[2.01208,53.02933],[2.1419,52.82179],[2.19529,52.43959],[1.98077,51.89493],[1.74258,51.67088],[1.85825,51.43711],[1.8675,51.43843]]]}},{"type":"Feature","id":"Q128011","properties":{"id":"Q128011","regionType":"archipelago"},"geometry":{"type":"Polygon","coordinates":[[[-65.1848,18.04719],[-65.52459,17.68195],[-66.33208,17.4383],[-67.51647,17.57282],[-69.13146,17.9228],[-70.3966,17.84199],[-71.09642,17.30372],[-71.95775,17.33063],[-73.5728,17.62672],[-75.93804,17.52253],[-76.96441,17.41138],[-78.44481,17.78821],[-81.59417,18.94562],[-82.26708,20.61451],[-83.5053,21.28742],[-85.06707,21.57593],[-85.19567,21.88825],[-84.71807,22.49439],[-82.93627,23.28425],[-80.7871,23.48627],[-78.78496,22.97199],[-74.15978,20.4665],[-72.44231,20.21076],[-70.47741,20.15693],[-65.14769,18.8111],[-65.1848,18.04719]]]}},{"type":"Feature","id":"Q21713615","properties":{"id":"Q21713615","regionType":"archipelago"},"geometry":{"type":"Polygon","coordinates":[[[-70.78063,20.80506],[-71.27324,20.43464],[-72.35595,20.47382],[-74.10094,20.69422],[-78.72985,23.22913],[-80.75042,23.87202],[-79.72179,24.79047],[-79.33312,26.18641],[-79.25237,27.23615],[-78.06804,27.26301],[-76.88366,26.96699],[-74.99944,25.37885],[-73.30364,23.73694],[-70.69268,21.4759],[-70.78063,20.80506]]]}},{"type":"Feature","id":"Q5813","properties":{"id":"Q5813","regionType":"archipelago"},"geometry":{"type":"Polygon","coordinates":[[[-14.88738,27.36793],[-17.47155,27.20917],[-18.50341,27.81775],[-18.40636,28.65558],[-17.78014,29.32587],[-15.84874,29.72272],[-13.10589,29.44935],[-13.67028,28.12647],[-14.88738,27.36793]]]}},{"type":"Feature","id":"Q38095","properties":{"id":"Q38095","regionType":"archipelago"},"geometry":{"type":"Polygon","coordinates":[[[-89.72924,-1.74505],[-90.03563,-1.77044],[-90.30016,-1.7553],[-90.70488,-1.6491],[-91.30492,-1.29424],[-91.55816,-1.1137],[-91.77166,-0.914],[-91.93187,-0.69659],[-92.02508,-0.46307],[-92.04235,-0.34075],[-92.00951,-0.08593],[-91.95604,0.04615],[-91.8756,0.1811],[-91.27379,0.86097],[-91.1082,0.9704],[-90.93126,1.00226],[-90.7235,0.9455],[-90.31127,0.67072],[-89.57695,-0.03546],[-89.31621,-0.39813],[-89.15538,-0.7348],[-89.11132,-0.8908],[-89.0938,-1.17327],[-89.16759,-1.40948],[-89.23766,-1.50774],[-89.44207,-1.6596],[-89.57549,-1.71111],[-89.72924,-1.74505]]]}},{"type":"Feature","id":"Q25263#archipelago","properties":{"id":"Q25263#archipelago","regionType":"archipelago"},"geometry":{"type":"Polygon","coordinates":[[[-24.84241,36.69508],[-25.77941,36.46082],[-29.53649,37.73084],[-32.07653,39.52998],[-31.75902,40.58832],[-28.53112,40.48249],[-24.03319,38.84211],[-23.66277,36.99],[-24.80521,36.70438],[-24.78441,36.65388],[-24.84241,36.69508]]]}},{"type":"Feature","id":"Q31945","properties":{"id":"Q31945","regionType":"peninsula"},"geometry":{"type":"MultiPolygon","coordinates":[[[[50.70484,24.85773],[50.80439,24.78926],[50.84678,24.88857],[50.89015,25.62922],[51.00038,25.95167],[51.25901,26.15172],[51.54307,25.90239],[51.57227,25.78101],[51.48535,25.52471],[51.60889,25.05288],[51.42793,24.66826],[51.26797,24.60723],[51.41836,24.53096],[51.30986,24.34038],[51.53477,24.28633],[51.59608,24.32521],[51.90606,23.98535],[52.25088,23.99522],[52.55644,24.12636],[53.46144,24.05414],[53.90382,24.07917],[54.39707,24.27817],[54.53467,24.53096],[55.52285,25.49815],[55.94121,25.79399],[56.16445,26.20703],[56.30557,26.23521],[56.39186,26.33552],[56.41641,26.10874],[56.2942,25.46992],[56.37285,25.01831],[56.64062,24.47031],[57.12428,23.9217],[57.28382,23.84125],[58.12041,23.71655],[58.32451,23.62383],[58.57803,23.64346],[58.77305,23.51719],[59.34877,22.6496],[59.63746,22.4607],[59.79554,22.4383],[59.80677,22.27918],[59.37001,21.6164],[58.8957,21.11279],[58.48658,20.5257],[58.23484,20.41104],[58.24502,20.59922],[58.10293,20.57036],[57.86182,20.24414],[57.69361,19.70069],[57.69471,19.04725],[57.58937,18.95296],[56.87782,18.8122],[56.65508,18.58735],[56.3737,17.98477],[55.4791,17.84326],[55.25537,17.58564],[55.27519,17.3209],[55.0602,17.03791],[54.06816,17.00552],[53.63507,16.77454],[52.65455,16.59925],[52.339,16.41065],[52.17402,15.95684],[52.18776,15.79206],[52.07569,15.59528],[51.60371,15.33682],[50.37942,14.95125],[49.48719,14.80073],[49.19447,14.61793],[48.73316,14.10627],[48.15998,14.0183],[47.98994,14.0481],[47.17919,13.59467],[46.27882,13.49171],[45.65732,13.33872],[45.39355,13.06704],[45.16387,12.99829],[45.08667,12.89871],[44.53932,12.80964],[43.92979,12.6165],[43.48064,12.77809],[43.23193,13.26709],[43.28242,13.69253],[43.23408,13.85894],[43.08906,14.01099],[42.93643,14.93857],[42.85566,15.13296],[42.65781,15.23281],[42.69785,15.32632],[42.78848,15.26572],[42.79902,15.32627],[42.71719,15.65464],[42.83965,16.03203],[42.78984,16.45156],[42.69883,16.73696],[42.3833,17.12246],[42.29395,17.43496],[41.65801,18.00767],[41.2975,18.60243],[40.75918,19.75547],[40.08066,20.26592],[39.75722,20.37227],[39.34806,20.89469],[39.11269,21.35135],[39.14707,21.51899],[38.98789,21.88174],[39.0959,22.39277],[39.06201,22.59219],[38.6952,23.40369],[38.28887,23.91099],[37.91973,24.1854],[37.63856,24.27772],[37.30397,24.66718],[37.18837,24.83015],[37.26631,24.96006],[37.14883,25.29111],[36.9207,25.64116],[36.7627,25.75132],[36.6752,26.03887],[36.53592,26.09764],[36.2422,26.62757],[35.85166,27.07046],[35.18047,28.03486],[34.72207,28.13066],[34.6279,28.06648],[34.61621,28.14834],[34.77988,28.50732],[34.97442,29.54716],[35.09877,29.79859],[35.49427,30.15198],[36.50135,30.56489],[38.65223,31.0694],[43.15333,31.02235],[44.68739,30.83625],[45.28578,30.60914],[47.40943,30.13142],[47.87647,29.94721],[47.99269,29.80738],[47.87278,29.53439],[47.72266,29.39302],[47.88885,29.36615],[48.09571,29.12458],[48.90101,27.52338],[49.40527,27.18096],[49.53769,27.15176],[50.06106,26.68609],[50.00811,26.67852],[50.02734,26.52686],[50.13601,26.43858],[50.13392,26.33778],[50.10946,26.11252],[50.03164,26.11099],[50.23036,25.59766],[50.61647,24.89796],[50.70484,24.85773]]],[[[54.44945,24.4544],[54.46543,24.44277],[54.45664,24.42334],[54.44945,24.4544]]],[[[36.8876,25.45326],[36.95479,25.41465],[36.91531,25.39117],[36.8876,25.45326]]]]}},{"type":"Feature","id":"Q21195","properties":{"id":"Q21195","regionType":"peninsula"},"geometry":{"type":"MultiPolygon","coordinates":[[[[24.72047,65.85248],[24.4043,65.78047],[23.37806,65.86915],[22.83091,65.82971],[22.74658,65.87095],[22.53857,65.79434],[22.40098,65.86211],[22.27105,65.67636],[21.69336,65.40469],[21.56553,65.40811],[21.53363,65.27292],[21.41035,65.31743],[21.50554,65.2458],[21.13818,64.80869],[21.21602,64.76694],[21.12025,64.25745],[20.83934,63.96077],[20.38197,63.72943],[19.4264,63.4502],[19.3543,63.47749],[18.93419,63.24682],[18.79228,63.23813],[18.85898,63.20659],[18.60645,63.17827],[18.53066,63.06352],[18.31289,62.99639],[18.50205,62.98887],[18.48213,62.92752],[18.17002,62.78936],[17.90664,62.88677],[17.97441,62.72104],[17.93439,62.63988],[17.54573,62.46374],[17.41025,62.5084],[17.37334,62.42651],[17.44789,62.32209],[17.2577,61.75159],[17.13076,61.57573],[17.1056,61.36146],[17.11219,61.17231],[17.27891,60.81216],[17.25098,60.70078],[18.38047,60.3403],[18.54897,60.21458],[18.53545,60.15288],[18.80484,60.06495],[18.92144,59.95139],[18.89332,59.73198],[18.27647,59.43765],[17.96426,59.35938],[18.13262,59.31621],[18.50889,59.40796],[18.61758,59.32705],[18.41426,59.29033],[18.28535,59.10938],[16.87701,58.65326],[16.21426,58.63667],[16.8385,58.55101],[16.80372,58.4566],[16.65195,58.43433],[16.74589,58.2542],[16.6796,57.9168],[16.59697,57.91289],[16.55537,57.81226],[16.65225,57.50068],[16.47598,57.26514],[16.52793,57.06816],[16.45669,56.92483],[16.11036,56.43757],[15.78056,56.14229],[15.05117,56.17222],[14.53553,56.10334],[14.21504,55.83262],[14.28335,55.48219],[14.17373,55.39663],[13.80635,55.42856],[13.32139,55.34639],[13.12386,55.37586],[12.95143,55.51148],[12.97393,55.74815],[12.65652,56.07002],[12.6275,56.25794],[12.80166,56.26392],[12.65644,56.44058],[12.85742,56.45239],[12.91953,56.51558],[12.88369,56.61773],[12.71758,56.66284],[12.50428,57.09174],[12.09952,57.3437],[12.05322,57.44697],[11.96152,57.42607],[11.87871,57.67944],[11.73496,57.71768],[11.70322,57.97319],[11.54902,58.00122],[11.44932,58.11836],[11.43154,58.33999],[11.29418,58.37542],[11.26303,58.45305],[11.14717,58.98862],[11.1958,59.07827],[11.38828,59.03652],[11.36592,59.10454],[10.83447,59.18394],[10.64492,59.38921],[10.59531,59.76455],[10.53389,59.6958],[10.56953,59.58711],[10.39814,59.51934],[10.43971,59.31483],[9.89503,58.98542],[9.8401,58.9625],[9.63516,59.11777],[9.55723,59.1127],[9.69609,59.00972],[9.30996,58.85684],[9.3958,58.80566],[9.32295,58.74756],[8.88502,58.60242],[8.05535,58.14699],[7.46592,58.02095],[7.12359,58.03892],[6.63275,58.1912],[6.69248,58.22402],[6.65986,58.26274],[6.38906,58.26797],[5.70684,58.52363],[5.58594,58.62041],[5.52246,58.82266],[5.61221,59.01289],[6.09902,58.87026],[6.36328,59.00093],[6.09941,58.95195],[5.88916,59.09795],[5.96856,59.18613],[5.95186,59.29907],[6.40391,59.56099],[5.56406,59.29121],[5.36231,59.16636],[5.17324,59.16255],[5.13164,59.22646],[5.30488,59.64258],[5.47246,59.71309],[5.77217,59.66094],[6.2166,59.81836],[5.83398,59.79468],[5.73047,59.86309],[6.06992,60.0835],[6.14053,60.2335],[6.51807,60.40757],[6.57363,60.3606],[6.52686,60.15293],[6.71992,60.41816],[6.9957,60.51196],[6.15332,60.34624],[5.87656,60.07002],[5.1458,59.63882],[5.10488,59.73169],[5.21953,59.97876],[5.20566,60.08794],[5.68857,60.12319],[5.28584,60.20571],[5.13711,60.44561],[5.64834,60.68799],[5.24404,60.56958],[5.11582,60.63599],[5.04912,60.70752],[5.00859,61.03818],[6.77783,61.14243],[6.97207,61.05596],[7.03867,60.95293],[7.04014,61.09116],[7.60449,61.21055],[7.40391,61.22217],[7.34658,61.30059],[7.44258,61.43462],[7.33115,61.37202],[7.27598,61.18096],[7.17354,61.16597],[6.65703,61.20659],[6.5999,61.28965],[6.49258,61.15459],[6.3835,61.13389],[6.08252,61.16728],[5.45127,61.10234],[5.10674,61.18755],[5.02168,61.25059],[5.00273,61.43359],[5.33867,61.4855],[4.92783,61.71069],[4.93008,61.87832],[5.46533,61.89692],[6.01582,61.7875],[6.73076,61.86977],[6.13115,61.85244],[5.26689,61.9356],[5.09648,62.02666],[5.14316,62.15991],[5.35771,62.15171],[5.5333,62.31089],[5.71816,62.37891],[5.9083,62.41602],[6.20898,62.35278],[6.69238,62.46807],[6.13613,62.40747],[6.11846,62.44717],[6.35293,62.61113],[6.96113,62.62676],[7.57012,62.54819],[7.69072,62.5856],[7.52744,62.6103],[7.53838,62.67207],[8.09551,62.73184],[6.73496,62.7207],[6.94043,62.93047],[7.57188,63.09951],[8.10059,63.09097],[8.62314,62.84624],[8.15801,63.16152],[8.27148,63.28657],[8.63555,63.34233],[8.59375,63.42612],[8.38652,63.44526],[8.36074,63.49888],[8.57617,63.60117],[8.84238,63.6459],[9.13584,63.59365],[9.07588,63.50039],[9.15606,63.45933],[9.32363,63.57036],[9.69688,63.62456],[10.021,63.39082],[10.34004,63.46934],[10.76016,63.46128],[10.67363,63.55801],[10.72529,63.625],[11.3707,63.80483],[11.17559,63.89888],[11.45762,64.00298],[11.30664,64.04888],[11.0752,63.98813],[10.91426,63.92109],[11.04727,63.84522],[10.93486,63.77022],[10.05508,63.5127],[9.92402,63.52178],[9.76748,63.69951],[9.56729,63.70615],[10.00996,64.08315],[10.56563,64.41831],[11.63291,64.81392],[11.29678,64.75478],[11.3499,64.90591],[11.48935,64.97583],[12.15967,65.17896],[12.30654,65.08599],[12.5084,65.09941],[12.91553,65.33926],[12.41758,65.18408],[12.13389,65.27915],[12.12217,65.36235],[12.27285,65.56816],[12.68887,65.9022],[13.03311,65.95625],[12.78379,66.10044],[13.67441,66.17998],[14.03418,66.29756],[13.11885,66.23066],[13.06816,66.43081],[13.10469,66.5394],[13.1916,66.53716],[13.21143,66.64082],[13.62109,66.79482],[13.95947,66.79434],[13.65156,66.90708],[13.88018,66.96489],[14.10879,67.11924],[15.41572,67.20244],[15.43477,67.24668],[14.4417,67.27139],[14.96191,67.57427],[15.40938,67.47417],[15.59443,67.34853],[15.57568,67.44385],[15.6915,67.52139],[15.4873,67.5148],[15.24873,67.60215],[15.21865,67.65537],[15.3458,67.73442],[15.30391,67.76528],[14.78135,67.6749],[14.79893,67.80933],[15.13428,67.97271],[15.62139,67.94829],[15.29287,68.03647],[16.00791,68.22871],[16.1208,68.02734],[16.3123,67.88144],[16.25859,68.00122],[16.39199,68.0916],[16.25977,68.14453],[16.20381,68.31675],[16.38789,68.38955],[16.95137,68.35469],[17.55283,68.42627],[17.42617,68.48193],[16.58486,68.46645],[16.51435,68.53257],[16.65186,68.62578],[17.13115,68.69346],[17.39082,68.79936],[17.70459,69.10005],[18.10147,69.1563],[18.07871,69.32524],[18.25977,69.47061],[18.64551,69.32188],[18.85898,69.31445],[18.91592,69.3356],[18.62441,69.43438],[18.61445,69.49058],[18.99111,69.56113],[19.03838,69.6604],[19.19727,69.74785],[19.68701,69.80474],[19.6415,69.42402],[19.96055,69.82461],[20.32422,69.94531],[20.38721,69.86763],[20.33818,69.61665],[20.04375,69.35566],[20.10723,69.34121],[20.48672,69.54209],[20.73945,69.52051],[20.53271,69.69233],[20.546,69.85107],[20.62207,69.91392],[21.16309,69.8895],[21.25371,70.00322],[21.43291,70.01318],[21.97471,69.83457],[21.80273,70.06606],[21.35576,70.2334],[21.78027,70.22988],[22.21943,70.30918],[22.32197,70.2645],[22.42119,70.3376],[22.68457,70.37476],[22.94121,70.30498],[23.04648,70.10186],[23.35391,69.9834],[23.4002,70.01977],[23.28603,70.10483],[23.37939,70.24746],[23.66123,70.39976],[24.03848,70.48535],[24.42002,70.702],[24.26348,70.82632],[24.65801,71.00102],[25.26465,70.84351],[25.43594,70.91187],[25.76816,70.85317],[25.20928,70.4894],[25.14639,70.32402],[24.99424,70.21821],[24.98271,70.14399],[25.04385,70.10903],[25.41885,70.2355],[25.47051,70.34058],[26.50693,70.91279],[26.66133,70.93975],[26.73398,70.85356],[26.5582,70.66914],[26.64463,70.63623],[26.58506,70.41001],[26.98935,70.51138],[27.18369,70.74404],[27.54648,70.804],[27.23525,70.94722],[27.59707,71.09131],[28.39229,70.97529],[28.32685,70.82519],[27.89805,70.67793],[28.27178,70.66797],[28.20273,70.5769],[28.19297,70.24858],[28.60938,70.75967],[28.83154,70.86396],[29.10234,70.86074],[29.7375,70.64683],[30.06514,70.70298],[30.23769,70.62217],[30.21318,70.54331],[30.5959,70.52368],[30.92637,70.40112],[30.93749,70.27334],[30.26299,70.12471],[28.78115,70.14541],[28.8043,70.09253],[29.60137,69.97676],[29.63594,69.78013],[29.86965,69.73132],[27.50453,68.11457],[25.50867,66.4929],[24.72047,65.85248]]],[[[26.07764,71.03315],[26.14688,71.0395],[25.76016,70.95381],[25.31494,71.03413],[25.58633,71.14209],[25.94502,71.10464],[26.07764,71.03315]]],[[[23.3956,70.84258],[23.44053,70.81577],[23.38711,70.75391],[22.8291,70.54155],[22.35869,70.5148],[21.99453,70.65713],[22.96357,70.71099],[23.28018,70.81274],[23.3956,70.84258]]],[[[23.66328,70.67524],[23.77842,70.74736],[24.07832,70.65059],[24.01758,70.56738],[23.82715,70.52749],[23.67012,70.59707],[23.66328,70.67524]]],[[[23.57891,70.59365],[23.64102,70.46397],[23.34512,70.31528],[23.15918,70.28262],[23.09062,70.37764],[22.91787,70.38467],[23.02246,70.48691],[23.54668,70.61709],[23.57891,70.59365]]],[[[19.59902,70.26616],[20.08848,70.10205],[19.78086,70.07744],[19.61348,70.21909],[19.59902,70.26616]]],[[[20.65488,70.23086],[20.81943,70.20547],[20.7792,70.08975],[20.46426,70.07656],[20.41172,70.15488],[20.49277,70.20332],[20.65488,70.23086]]],[[[19.25508,70.06641],[19.34375,70.01196],[19.60781,70.01914],[19.33477,69.82026],[19.00781,69.75957],[18.78477,69.579],[18.27412,69.5355],[18.06152,69.6021],[18.22744,69.63574],[18.34932,69.76787],[18.67402,69.78164],[18.68652,69.89092],[19.05098,70.03784],[19.13272,70.24414],[19.2127,70.24746],[19.24941,70.17856],[19.25508,70.06641]]],[[[17.86279,69.54297],[18.0041,69.50498],[18.07676,69.39575],[17.94209,69.32871],[17.95068,69.19814],[17.48789,69.19683],[17.08252,69.01367],[16.81045,69.0707],[16.97178,69.13789],[17.00176,69.36191],[17.39453,69.4167],[17.25195,69.50381],[17.45361,69.53018],[17.50303,69.59624],[17.62324,69.53906],[17.78369,69.56304],[17.86279,69.54297]]],[[[16.12949,69.27393],[15.99268,69.11265],[15.81172,69.02422],[15.90586,68.9085],[15.92793,68.7332],[15.76035,68.56123],[16.05957,68.68052],[16.15059,68.84238],[16.32891,68.87632],[16.54736,68.71655],[16.51924,68.63301],[15.9125,68.38926],[15.76367,68.40908],[15.4375,68.31284],[15.27969,68.37383],[14.62891,68.19849],[14.25752,68.19077],[14.25723,68.25693],[14.58584,68.40034],[15.09531,68.44141],[15.4126,68.61582],[15.56426,68.87373],[15.44365,68.91919],[15.48301,69.04346],[15.89268,69.27788],[16.04805,69.30205],[16.12949,69.27393]]],[[[14.11885,68.24683],[13.77842,68.10498],[13.42422,68.08276],[13.35205,68.00967],[13.2294,67.99536],[13.19951,68.08726],[13.53799,68.24902],[14.0877,68.25322],[14.11885,68.24683]]],[[[13.12285,68.04941],[13.07461,67.93457],[12.82402,67.82124],[13.06807,68.07134],[13.12285,68.04941]]],[[[15.12813,69.00396],[15.39658,68.78359],[15.34844,68.67241],[14.89023,68.61099],[14.74346,68.6772],[14.5208,68.63306],[14.37344,68.71143],[14.55371,68.81885],[14.80185,68.79097],[14.87236,68.91387],[15.0375,68.89429],[15.03779,69.00054],[15.10186,69.00801],[15.12813,69.00396]]],[[[12.34277,66.08076],[12.52744,66.21055],[12.6208,66.17793],[12.57637,66.07192],[12.32734,66.03662],[12.34277,66.08076]]],[[[12.43018,65.93994],[12.54883,66.0019],[12.77881,65.9917],[12.42949,65.89907],[12.43018,65.93994]]],[[[11.80039,65.68389],[12.00322,65.67944],[11.90185,65.5957],[11.76514,65.63096],[11.80039,65.68389]]],[[[10.73984,64.87031],[11.021,64.97871],[11.24619,64.90791],[11.179,64.83804],[10.83252,64.84311],[10.73984,64.87031]]],[[[8.28711,63.68716],[8.7334,63.80132],[8.80918,63.77144],[8.78652,63.70347],[8.35615,63.66479],[8.28711,63.68716]]],[[[7.804,63.41392],[8.07353,63.4708],[8.14092,63.36641],[7.81533,63.38506],[7.804,63.41392]]],[[[4.79902,61.08272],[4.82441,61.17822],[4.91543,61.19937],[4.95869,61.08457],[4.87012,61.07192],[4.79902,61.08272]]],[[[4.95723,60.44727],[5.0502,60.38896],[5.08906,60.18877],[4.95557,60.24331],[4.93008,60.41206],[4.95723,60.44727]]],[[[18.59541,59.47036],[18.54512,59.47783],[18.57236,59.52583],[18.69844,59.53462],[18.62383,59.49219],[18.59541,59.47036]]],[[[29.74424,69.7916],[29.83584,69.90557],[30.05518,69.83838],[29.76621,69.76753],[29.74424,69.7916]]]]}},{"type":"Feature","id":"Q23522","properties":{"id":"Q23522","regionType":"peninsula"},"geometry":{"type":"MultiPolygon","coordinates":[[[[23.31947,43.88825],[23.32631,43.88825],[23.32447,43.88806],[23.31947,43.88825]]],[[[23.4839,43.88202],[24.1587,43.7544],[24.46559,43.8039],[25.21058,43.71332],[25.3589,43.65571],[25.5558,43.67182],[25.78041,43.73347],[26.15003,44.01392],[27.02687,44.17841],[27.22609,44.12214],[27.83558,44.36176],[27.93873,44.4538],[27.89576,44.50355],[27.93678,44.64655],[27.81446,44.81397],[27.87867,44.88325],[27.94154,45.22547],[28.0669,45.42377],[28.23695,45.4535],[28.35255,45.31391],[28.88551,45.18189],[29.53126,45.19098],[29.67946,45.15504],[29.55752,44.84341],[29.04824,44.75757],[29.14454,44.82783],[29.0962,44.87629],[29.07472,44.8373],[29.04775,44.92568],[29.10157,44.98151],[28.97267,45.01215],[28.86927,44.94452],[28.92617,44.81001],[28.78859,44.7074],[28.78395,44.6504],[28.84648,44.63687],[28.75758,44.628],[28.78773,44.58765],[28.73243,44.56904],[28.77406,44.55353],[28.75013,44.4679],[28.88818,44.57476],[28.63502,44.31757],[28.65859,43.98384],[28.58424,43.80207],[28.56182,43.50132],[28.46543,43.38931],[28.32154,43.42945],[28.11866,43.39271],[28.03516,43.26826],[27.90382,43.2035],[27.88887,42.74971],[27.73256,42.7157],[27.45265,42.48127],[27.46559,42.42951],[27.47255,42.46302],[27.52906,42.44887],[27.7082,42.34995],[27.98271,42.04741],[28.01445,41.96904],[27.97193,41.82343],[28.17762,41.55933],[28.38417,41.44861],[29.05723,41.22974],[28.95625,41.0082],[28.78037,40.97417],[28.60316,41.0097],[28.5276,41.08631],[28.5609,41.01817],[28.16517,41.08631],[27.92519,40.99058],[27.52406,40.99042],[27.26003,40.68915],[26.68324,40.45667],[26.34547,40.20099],[26.32998,40.12339],[26.20273,40.07539],[26.27186,40.23163],[26.25381,40.3147],[26.44746,40.44502],[26.81654,40.5821],[26.79029,40.66181],[26.10547,40.61133],[26.00575,40.80512],[26.05372,40.8321],[25.24484,40.93505],[25.13832,41.0113],[25.03883,41.00727],[24.79309,40.85758],[24.66043,40.87938],[24.56642,40.95289],[24.41542,40.94672],[24.23438,40.78613],[24.0831,40.72439],[23.84193,40.78455],[23.69679,40.7226],[23.70008,40.67481],[23.87891,40.54438],[23.81874,40.48896],[23.86793,40.41468],[23.96363,40.38062],[24.03057,40.40933],[24.19211,40.33704],[24.34336,40.14771],[24.16871,40.27643],[23.93641,40.36634],[23.73036,40.36011],[23.7162,40.25648],[23.96748,40.11455],[24.00078,40.02461],[23.94707,39.96558],[23.83088,40.02754],[23.64149,40.23664],[23.36488,40.26288],[23.36354,40.15168],[23.67412,39.95889],[23.62734,39.92407],[23.3956,39.98984],[23.29896,40.23664],[22.89648,40.3999],[22.85137,40.49063],[22.98292,40.5539],[22.91041,40.64582],[22.57899,40.46937],[22.64268,40.3666],[22.55226,40.16773],[22.57106,40.05543],[22.83574,39.80059],[22.93922,39.58173],[23.10342,39.49204],[23.24505,39.34372],[23.32773,39.1749],[23.15169,39.10413],[23.21705,39.18085],[23.16896,39.26972],[22.9358,39.36176],[22.93482,39.31099],[22.82594,39.27332],[22.82594,39.22242],[22.93896,39.11152],[22.96376,39.01014],[23.0667,39.03794],[22.80264,38.90161],[22.62147,38.91566],[22.52491,38.85932],[23.02031,38.74189],[23.10438,38.63959],[23.25293,38.66123],[23.31199,38.59215],[23.28529,38.55768],[23.36762,38.52709],[23.33473,38.50483],[23.56963,38.4894],[23.67262,38.35767],[23.96699,38.275],[24.02451,38.13979],[23.9889,38.12379],[24.04361,37.90389],[24.01149,37.89289],[24.0623,37.77451],[24.05537,37.70962],[23.97158,37.67676],[23.58119,38.04743],[23.01503,37.9264],[23.01246,37.84876],[23.14717,37.79531],[23.12086,37.74207],[23.16847,37.6153],[23.32289,37.53864],[23.36024,37.54883],[23.34322,37.59745],[23.39447,37.58042],[23.39515,37.51618],[23.49063,37.46387],[23.16152,37.33384],[23.1,37.36377],[23.13185,37.44977],[22.85107,37.53223],[22.77821,37.59809],[22.72633,37.56751],[22.75782,37.39948],[23.06071,36.85135],[23.03541,36.65021],[23.16016,36.4481],[22.98291,36.52837],[22.78675,36.79462],[22.68543,36.81061],[22.57716,36.78425],[22.53321,36.70838],[22.4839,36.6078],[22.48945,36.44692],[22.3748,36.51357],[22.38771,36.70734],[22.22145,36.89875],[22.16475,36.90283],[22.15309,37.02235],[21.943,36.99445],[21.89238,36.7373],[21.73809,36.86323],[21.58291,37.08096],[21.57881,37.20039],[21.69569,37.31751],[21.67457,37.39722],[21.56886,37.54658],[21.3293,37.66934],[21.2848,37.78626],[21.12471,37.8916],[21.32582,38.02265],[21.40771,38.19736],[21.62208,38.15595],[21.82668,38.32802],[22.5478,38.11518],[22.88258,37.93879],[22.97523,37.98023],[22.89316,38.05093],[23.17274,38.08069],[23.21656,38.10456],[23.17543,38.14612],[23.22328,38.16041],[22.83302,38.23544],[22.6963,38.31806],[22.67006,38.38276],[22.59007,38.34275],[22.40138,38.4546],[22.38214,38.38418],[22.31992,38.35684],[21.95777,38.41285],[21.48459,38.32293],[21.3224,38.4975],[21.29833,38.37275],[21.18262,38.34556],[21.12202,38.37969],[21.09584,38.53315],[21.05366,38.51689],[20.98805,38.66517],[20.87318,38.79651],[20.77686,38.80752],[20.76966,38.86548],[20.80506,38.86896],[20.77734,38.92788],[20.87006,38.93847],[21.17237,38.8747],[21.15968,38.99891],[21.08497,39.06415],[21.03408,39.02627],[20.89381,39.07844],[20.84474,39.03815],[20.82228,39.11567],[20.74351,39.02307],[20.55217,39.168],[20.48219,39.28388],[20.30098,39.32701],[20.21625,39.49612],[20.26381,39.50977],[20.16742,39.57069],[20.18165,39.62568],[20.00127,39.70942],[20.00965,39.86689],[19.86329,40.04658],[19.48457,40.20996],[19.32227,40.40708],[19.42347,40.33118],[19.47486,40.34956],[19.47853,40.45508],[19.40587,40.52382],[19.44593,40.51227],[19.45436,40.55506],[19.38673,40.55453],[19.3375,40.66382],[19.43775,40.88776],[19.52333,40.92182],[19.49537,41.00379],[19.46121,40.93392],[19.45605,41.10605],[19.51649,41.25764],[19.45615,41.31232],[19.44276,41.42994],[19.50856,41.4881],[19.49736,41.56269],[19.6128,41.60651],[19.5758,41.64939],[19.59156,41.82001],[19.18643,41.94863],[19.08363,42.11127],[18.88587,42.28553],[18.63291,42.37808],[18.63302,42.42249],[18.70021,42.39417],[18.68727,42.48414],[18.51748,42.43291],[17.89271,42.792],[17.60504,42.83382],[17.04541,43.01489],[17.21982,43.02588],[17.74134,42.8404],[16.8805,43.40711],[16.60029,43.46406],[16.43373,43.55097],[15.98555,43.51978],[15.94259,43.569],[15.95033,43.68977],[15.54187,43.8823],[15.18584,44.17212],[15.127,44.25785],[15.52858,44.27296],[15.26998,44.38342],[14.98135,44.60293],[14.89522,44.70659],[14.92152,44.96003],[14.85255,45.09479],[14.57069,45.29487],[14.31129,45.34516],[14.23599,45.1593],[14.08372,44.98762],[14.04017,45.04017],[14.07545,44.98493],[13.97242,44.90229],[13.96582,44.83564],[13.86074,44.8374],[13.6293,45.1082],[13.72608,45.13575],[13.62027,45.13972],[13.57702,45.30786],[13.60939,45.32129],[13.57068,45.32627],[13.51719,45.48179],[13.7527,45.55408],[13.72016,45.58781],[13.80799,45.61555],[13.6288,45.77381],[13.52626,45.76502],[13.53456,45.9032],[13.61659,45.98438],[13.69789,45.99366],[14.11647,45.87128],[14.43995,46.09748],[14.98231,45.99055],[15.43507,46.01893],[15.86683,45.79285],[16.22682,45.76008],[16.21315,45.7049],[16.40553,45.57453],[16.38758,45.48603],[16.43971,45.44422],[16.73085,45.3783],[16.82167,45.31855],[16.80275,45.28034],[16.92372,45.28602],[16.94667,45.23713],[17.18641,45.15003],[17.26832,45.19098],[17.38172,45.141],[17.44264,45.16352],[17.48133,45.11585],[17.68421,45.16541],[17.83509,45.06592],[18.00282,45.15076],[18.15296,45.099],[18.23719,45.15888],[18.51637,45.05732],[18.60841,45.10151],[18.78834,45.00715],[18.78272,44.91523],[18.88893,44.86262],[19.18605,44.92902],[19.34962,44.89844],[19.32472,44.92347],[19.48463,44.98505],[19.64625,44.96467],[19.75672,44.91657],[19.70045,44.80878],[19.72877,44.75898],[20.0099,44.69007],[19.9402,44.633],[20.12599,44.71796],[20.18629,44.68391],[20.23731,44.72498],[20.27418,44.66596],[20.36109,44.78535],[20.44105,44.81159],[20.42555,44.85212],[20.63624,44.85065],[20.63319,44.76642],[20.82631,44.66212],[21.35987,44.82783],[21.5774,44.77912],[21.65553,44.68915],[21.99366,44.65998],[22.14759,44.50233],[22.30421,44.67884],[22.46827,44.73163],[22.76454,44.5843],[22.69935,44.54334],[22.57972,44.56696],[22.48341,44.50123],[22.52198,44.37653],[22.68092,44.30677],[22.68995,44.23041],[23.03028,44.09455],[23.02235,44.03309],[22.88527,43.99598],[22.8628,43.85688],[23.32447,43.88806],[23.4839,43.88202]]],[[[18.55006,42.43635],[18.56263,42.43977],[18.57404,42.43696],[18.55006,42.43635]]],[[[14.07142,44.97028],[14.07279,44.97178],[14.07133,44.96968],[14.07142,44.97028]]]]}},{"type":"Feature","id":"Q483134","properties":{"id":"Q483134","regionType":"peninsula"},"geometry":{"type":"MultiPolygon","coordinates":[[[[129.25489,37.3523],[129.34609,37.24621],[129.41826,37.05903],[129.47344,36.74189],[129.43301,36.63662],[129.44502,36.4707],[129.39258,36.3227],[129.40352,36.05215],[129.4583,36.00644],[129.57262,36.0484],[129.41914,35.49785],[129.21416,35.18184],[128.98008,35.10151],[128.51094,35.10098],[128.41885,35.01567],[128.44395,34.87036],[128.09453,34.93359],[128.03623,35.02197],[127.87324,34.96631],[127.71484,34.95469],[127.63935,34.8897],[127.74219,34.78257],[127.71543,34.72104],[127.63242,34.69023],[127.52363,34.84009],[127.4043,34.8231],[127.38965,34.74302],[127.4791,34.62524],[127.32461,34.46328],[127.17344,34.54614],[127.26055,34.66167],[127.24707,34.75513],[127.03076,34.60688],[126.89746,34.43887],[126.82627,34.45107],[126.75478,34.51187],[126.61084,34.40352],[126.58762,34.32807],[126.52253,34.32827],[126.48174,34.49394],[126.33262,34.58965],[126.26445,34.67324],[126.30107,34.71997],[126.52451,34.6979],[126.47285,34.75635],[126.59336,34.82437],[126.4207,34.82339],[126.29111,35.15415],[126.36055,35.2169],[126.49277,35.50127],[126.61406,35.571],[126.48652,35.60635],[126.48848,35.64707],[126.71738,35.76885],[126.75303,35.87197],[126.64746,35.92241],[126.69346,36.01416],[126.54043,36.16616],[126.54824,36.47764],[126.4877,36.6938],[126.38877,36.65117],[126.18086,36.6916],[126.16055,36.77192],[126.21719,36.87095],[126.48701,37.00747],[126.56527,37.01792],[126.78447,36.94844],[126.87207,36.82446],[126.8791,36.86206],[126.97686,36.9394],[126.86894,36.97573],[126.74639,37.19356],[126.79053,37.29492],[126.65029,37.44712],[126.65684,37.55117],[126.56338,37.7165],[126.62324,37.79019],[126.36992,37.87837],[126.20312,37.82852],[126.1167,37.74292],[126.05029,37.86982],[125.9417,37.87368],[125.76914,37.98535],[125.69502,37.96269],[125.58154,37.81504],[125.44932,37.73022],[125.35781,37.72481],[125.31074,37.84351],[125.10195,37.88208],[125.05763,37.93861],[125.0508,37.96372],[125.24668,38.05684],[125.1626,38.09365],[124.78883,38.11243],[124.72182,38.14674],[124.87451,38.2334],[124.88071,38.33861],[125.06738,38.55674],[125.30967,38.66538],[125.55449,38.68623],[125.42422,38.74688],[125.29893,38.74297],[125.16885,38.80552],[125.15732,38.87153],[125.41318,39.32627],[125.36084,39.52661],[125.16875,39.58446],[125.01588,39.6739],[124.87797,39.69696],[124.77529,39.75806],[124.73887,39.7415],[124.73223,39.6522],[124.65461,39.61972],[124.62428,39.71876],[124.55742,39.79058],[124.35459,39.90242],[124.3751,39.99614],[124.33203,39.99254],[124.24733,40.06672],[124.22511,40.14496],[124.25147,40.22462],[124.48854,40.44092],[125.09108,40.74799],[125.56788,40.88404],[127.93348,41.13196],[128.01271,41.10969],[128.13441,41.00593],[128.16993,40.91547],[128.18519,40.75873],[128.12086,40.4203],[127.84718,39.92921],[127.77814,39.86203],[127.56816,39.78198],[127.52744,39.6957],[127.54893,39.46108],[127.52285,39.37739],[127.45742,39.40098],[127.42227,39.37358],[127.3835,39.29614],[127.39453,39.20791],[127.78613,39.08413],[127.97168,38.898],[128.32949,38.68091],[128.61885,38.17607],[129.20475,37.45991],[129.25489,37.3523]]],[[[128.73827,34.79674],[128.64668,34.73687],[128.48926,34.86528],[128.66797,35.00879],[128.72188,35.01357],[128.73919,34.81909],[128.73827,34.79674]]],[[[126.6744,34.32102],[126.65185,34.39033],[126.7,34.3959],[126.76377,34.31376],[126.6744,34.32102]]],[[[126.1089,34.39971],[126.24746,34.56333],[126.34385,34.54492],[126.37988,34.49795],[126.33545,34.42642],[126.23369,34.37051],[126.16973,34.35518],[126.10979,34.3983],[126.1089,34.39971]]],[[[126.14747,34.71503],[126.1479,34.8492],[126.17197,34.73115],[126.14716,34.70891],[126.14747,34.71503]]],[[[126.40577,36.44349],[126.31856,36.61255],[126.38662,36.57114],[126.40632,36.43968],[126.40577,36.44349]]],[[[127.79902,34.61504],[127.78779,34.58408],[127.73731,34.63091],[127.78711,34.68213],[127.79902,34.61504]]],[[[128.05469,34.70806],[127.98398,34.70322],[127.9418,34.76626],[127.87344,34.73496],[127.83223,34.87451],[127.91543,34.921],[128.03799,34.87861],[128.06582,34.80586],[128.05469,34.70806]]],[[[126.49356,37.78257],[126.5207,37.73682],[126.51602,37.60469],[126.40723,37.64941],[126.36934,37.77202],[126.41162,37.82266],[126.49356,37.78257]]]]}},{"type":"Feature","id":"Q130978","properties":{"id":"Q130978","regionType":"peninsula"},"geometry":{"type":"Polygon","coordinates":[[[-87.28063,21.52906],[-87.033,21.59038],[-86.88549,21.44636],[-86.83007,21.00562],[-87.0393,20.65638],[-87.22124,20.50727],[-87.46264,20.19776],[-87.4873,19.82589],[-87.58579,19.77949],[-87.6877,19.63711],[-87.69009,19.5937],[-87.64531,19.55391],[-87.46398,19.5861],[-87.46156,19.46927],[-87.65869,19.35234],[-87.65576,19.25786],[-87.62207,19.25049],[-87.55078,19.32095],[-87.50947,19.31748],[-87.50107,19.28779],[-87.85322,18.26899],[-87.88198,18.27388],[-87.95967,18.44087],[-88.05644,18.52446],[-88.01113,18.72686],[-88.03174,18.83892],[-88.07378,18.83447],[-88.19678,18.71968],[-88.19531,18.64263],[-88.34927,18.35884],[-88.13027,18.35073],[-88.08525,18.22612],[-88.27173,17.60986],[-88.23958,17.56594],[-88.28882,17.3127],[-88.27881,16.85429],[-88.44994,16.44463],[-88.52659,16.34104],[-88.69517,16.24766],[-89.04595,15.90406],[-90.20623,15.9372],[-90.46038,16.26038],[-90.63469,16.59351],[-91.40209,17.31751],[-91.45232,17.70954],[-91.77117,18.0365],[-91.88848,18.5069],[-91.80298,18.4706],[-91.53398,18.45654],[-91.44048,18.54185],[-91.27524,18.62446],[-91.27876,18.72065],[-91.36214,18.81799],[-91.34003,18.89242],[-91.23465,18.98902],[-90.95503,19.15166],[-90.70818,19.36872],[-90.6729,19.75678],[-90.4917,19.94678],[-90.42595,20.62104],[-90.33961,21.01827],[-89.91906,21.23267],[-88.87871,21.41411],[-88.17149,21.59973],[-87.25088,21.44697],[-87.16431,21.51421],[-87.18828,21.54644],[-87.31598,21.53085],[-87.28063,21.52906]]]}},{"type":"Feature","id":"Q178543","properties":{"id":"Q178543","regionType":"peninsula"},"geometry":{"type":"Polygon","coordinates":[[[-112.75713,27.91197],[-112.73403,27.82598],[-112.51193,27.63305],[-111.883,26.83898],[-111.86265,26.67852],[-111.754,26.5727],[-111.69941,26.58096],[-111.81811,26.78413],[-111.6671,26.6565],[-111.2916,25.7898],[-111.14956,25.57261],[-111.03442,25.52695],[-110.89395,25.14424],[-110.6927,24.87861],[-110.73452,24.58984],[-110.65933,24.34145],[-110.36743,24.10049],[-110.29683,24.19487],[-110.31376,24.2401],[-110.21588,24.31126],[-110.0228,24.17461],[-109.81133,23.93901],[-109.67656,23.66157],[-109.42085,23.48013],[-109.45692,23.21977],[-109.7766,22.95405],[-109.96731,22.89021],[-110.30181,23.55006],[-110.5961,23.72053],[-111.03618,24.10527],[-111.82665,24.65015],[-112.08257,24.96149],[-112.05576,25.48823],[-112.22356,26.00562],[-112.37725,26.21392],[-113.02075,26.58325],[-113.11924,26.7165],[-113.15581,26.94624],[-113.27227,26.79097],[-113.66594,26.77064],[-113.84097,26.9665],[-113.97018,26.98663],[-114.49775,27.37351],[-115.00145,27.8382],[-114.57002,27.78394],[-114.30059,27.873],[-114.30225,27.77573],[-114.13721,27.67144],[-114.06934,27.67568],[-114.17539,27.83057],[-114.1584,27.91968],[-114.26587,27.93447],[-114.12877,28.09748],[-114.04849,28.42617],[-114.16564,28.67261],[-114.9373,29.35161],[-115.11621,29.41482],[-115.68088,29.77329],[-115.81562,30.30361],[-116.06216,30.80415],[-116.68857,31.71211],[-116.62388,31.75801],[-116.60509,31.84827],[-115.02959,31.97217],[-114.80761,31.69947],[-114.88188,31.1564],[-114.76316,30.96183],[-114.63945,30.40652],[-114.62993,30.1563],[-114.37261,29.83022],[-113.75547,29.36748],[-113.54351,29.08141],[-113.49971,28.92671],[-113.38184,28.94668],[-113.3207,28.81313],[-113.2236,28.80557],[-113.14483,28.50568],[-112.84496,28.01179],[-112.75713,27.91197]]]}},{"type":"Feature","id":"Q6583","properties":{"id":"Q6583","regionType":"desert"},"geometry":{"type":"MultiPolygon","coordinates":[[[[17.90333,29.55518],[19.2527,29.58167],[20.21839,29.93885],[22.07044,30.3357],[26.89918,30.25635],[31.02662,30.07111],[31.25147,30.13727],[31.71449,30.5077],[32.29664,30.62678],[32.56117,30.07111],[32.32301,29.62134],[32.60084,29.198],[32.65889,28.92773],[33.5005,27.87507],[33.5498,27.60737],[33.84932,27.18491],[33.95908,26.64902],[35.19414,24.47515],[35.78389,23.93779],[35.49806,23.98572],[35.48487,23.6153],[35.69785,22.94619],[36.85619,22.04435],[36.92695,21.58652],[37.11587,21.28875],[37.24844,19.58188],[37.50892,18.73371],[37.85292,18.25751],[37.70729,17.80768],[38.32911,16.20698],[38.46144,15.16187],[38.23646,15.1222],[37.87928,14.57978],[38.01161,13.85218],[37.73378,13.48176],[37.15174,13.94477],[36.99293,14.4607],[36.97975,14.85761],[36.62257,15.25446],[36.0669,15.00312],[35.1277,12.82032],[33.75184,12.1059],[33.44752,11.40479],[33.55336,9.96284],[32.13783,9.46009],[29.76979,9.57917],[29.4391,9.34101],[27.38856,9.77759],[26.71388,9.76435],[26.23768,10.2671],[25.67323,9.98487],[23.92701,10.1789],[23.46839,10.35529],[22.1631,10.05543],[21.29884,10.63752],[20.64613,10.51398],[21.05189,10.24946],[19.99354,9.94959],[19.74659,10.28473],[19.88771,10.77857],[20.09938,10.93732],[19.87001,11.11371],[18.00038,11.53706],[17.136,11.53706],[18.03553,10.46113],[17.61219,10.19648],[17.04786,10.72565],[16.81849,11.14899],[16.20118,11.55476],[15.63673,11.14899],[15.77784,10.05543],[14.77247,9.94959],[14.34913,10.23182],[13.33021,12.42322],[12.56752,12.85999],[11.03297,12.89527],[9.95704,13.23041],[8.42237,14.09473],[5.37086,14.11237],[4.82411,13.9007],[3.13075,14.14765],[-0.43236,13.86542],[-1.7376,14.13001],[-2.61956,14.76496],[-2.88415,15.13538],[-3.80132,14.92377],[-3.48388,15.594],[-2.67247,15.69984],[-2.07274,16.17609],[-2.93706,16.21137],[-2.90172,16.4936],[-1.36718,16.8993],[-0.23827,16.70527],[-0.22069,16.91688],[-1.22606,17.16389],[-3.14873,16.63471],[-4.91259,15.66456],[-4.52453,15.55872],[-4.85967,14.74732],[-8.15819,15.24122],[-12.5855,14.83558],[-13.97899,14.92377],[-16.48375,15.77039],[-16.44444,16.65482],[-16.00744,17.6225],[-16.04277,18.73371],[-16.51445,19.36196],[-16.30527,19.51265],[-16.44487,19.47314],[-16.12212,20.24189],[-16.33037,20.41073],[-16.42978,20.65234],[-16.63899,20.66095],[-16.87607,21.08613],[-17.01415,20.96512],[-17.07217,21.01216],[-17.04949,21.14448],[-16.38671,22.54377],[-14.9043,24.71977],[-14.84585,25.14244],[-14.4592,26.1812],[-13.63506,26.64478],[-12.6157,27.99541],[-10.72466,28.12647],[-8.23754,28.84083],[-5.24779,30.21668],[-2.44317,31.22205],[5.6266,34.60871],[8.69581,34.21186],[12.08241,31.80414],[14.91346,30.93104],[17.90333,29.55518]]],[[[-16.35545,19.8027],[-16.37334,19.70644],[-16.43755,19.60928],[-16.35545,19.8027]]]]}},{"type":"Feature","id":"Q42070","properties":{"id":"Q42070","regionType":"desert"},"geometry":{"type":"Polygon","coordinates":[[[117.52247,44.50873],[117.30104,43.91474],[117.19191,43.01783],[116.99012,42.6825],[116.65699,42.45667],[116.43653,42.38856],[113.69532,42.3039],[113.07533,42.14692],[112.50392,41.86298],[111.54762,41.11243],[111.13478,40.9239],[110.69532,40.8581],[107.41908,41.34168],[107.16481,41.2967],[107.08961,41.20447],[106.99891,40.81354],[106.85377,40.64728],[105.90943,40.29102],[105.56056,40.03352],[105.37513,39.47217],[104.66603,38.32026],[104.20069,38.04993],[103.62562,37.87659],[103.09425,37.8371],[102.37489,38.19208],[100.95594,38.48023],[99.92469,39.34559],[98.83998,39.76166],[95.92762,40.1352],[95.36378,40.33576],[94.88172,40.6905],[94.693,40.93085],[94.48658,41.4333],[94.47364,41.83301],[94.59303,42.19245],[95.33143,43.11793],[95.33985,43.92133],[95.5055,44.64521],[96.21119,44.85688],[99.69508,44.45386],[102.27638,44.69788],[104.28517,45.32996],[108.52906,45.43287],[109.13331,45.5998],[113.19923,47.67304],[113.813,47.78577],[115.71925,47.72529],[117.57985,47.34443],[117.6847,47.2038],[117.72108,46.92872],[117.52247,44.50873]]]}},{"type":"Feature","id":"Q47700","properties":{"id":"Q47700","regionType":"desert"},"geometry":{"type":"Polygon","coordinates":[[[19.16444,-21.11236],[22.12782,-21.8532],[23.96229,-21.78265],[24.34584,-22.43548],[24.55751,-23.01751],[25.16603,-23.54669],[25.43068,-24.28753],[25.40418,-25.17388],[25.27198,-26.07342],[25.23219,-28.29595],[25.39979,-30.53167],[23.63587,-29.07647],[23.36256,-29.20879],[22.8069,-29.66741],[22.23365,-29.17352],[21.60743,-28.3886],[21.21937,-28.48565],[21.04298,-28.70611],[20.59315,-28.75018],[19.01454,-27.5595],[18.70582,-27.4096],[19.16456,-26.65118],[19.2527,-26.38653],[18.68824,-25.89263],[18.59999,-25.02838],[18.14149,-24.60504],[17.41822,-24.1817],[16.76564,-22.8764],[16.73036,-22.36492],[16.25404,-21.95916],[16.00709,-21.35943],[15.46034,-20.79498],[15.51319,-19.77203],[13.96107,-17.65533],[13.90809,-17.14373],[13.39662,-16.15594],[13.14967,-15.18585],[13.66114,-15.221],[14.40199,-15.82073],[16.23634,-16.34991],[17.25941,-18.1491],[17.57691,-19.20745],[17.75331,-20.30108],[19.16444,-21.11236]]]}},{"type":"Feature","id":"Q229269","properties":{"id":"Q229269","regionType":"desert"},"geometry":{"type":"Polygon","coordinates":[[[52.12281,22.62183],[52.78956,22.62092],[53.34291,22.79432],[53.93897,23.14368],[54.90748,23.82734],[55.13221,23.88038],[55.3484,23.79896],[55.53822,23.64075],[55.97901,23.05164],[56.11,22.82569],[56.19923,22.48444],[56.18946,21.5583],[56.14308,21.30414],[55.68543,20.23554],[55.05372,19.51221],[54.12611,18.93323],[53.47633,18.36982],[53.09986,18.17811],[51.96717,18.07758],[51.20802,17.89521],[50.67909,17.83082],[49.44972,17.37958],[48.22633,17.03144],[47.37318,16.64558],[46.73011,16.54114],[45.75074,16.67017],[45.32789,16.87031],[44.93446,17.20856],[44.86085,17.30305],[44.78846,17.56531],[44.77284,18.36243],[44.84767,18.76093],[45.04664,19.19599],[45.41688,19.6001],[46.25245,20.19941],[47.18177,21.07459],[47.94081,21.65229],[48.16529,21.87543],[48.44911,22.2541],[48.75672,22.79896],[48.95668,23.00251],[49.43055,23.33869],[49.58717,23.56519],[49.63404,24.11738],[49.73988,24.24518],[49.96852,24.25574],[50.23097,24.13612],[50.67274,23.82972],[50.91712,23.59797],[51.27467,23.03394],[51.49427,22.80659],[51.77589,22.68226],[52.12281,22.62183]]]}},{"type":"Feature","id":"Q47141","properties":{"id":"Q47141","regionType":"desert"},"geometry":{"type":"Polygon","coordinates":[[[-69.51249,-18.49679],[-68.99468,-19.87786],[-68.35973,-22.25909],[-68.18895,-22.63433],[-67.86583,-22.98223],[-67.95263,-23.8161],[-68.06597,-24.10784],[-68.54351,-24.47454],[-68.67858,-24.77838],[-68.83049,-25.55499],[-69.6577,-26.58477],[-69.86028,-27.19256],[-69.86077,-27.48443],[-69.77587,-27.78338],[-69.80962,-27.9522],[-69.96154,-28.00286],[-70.38366,-27.34442],[-70.5822,-27.37432],[-70.91054,-27.28051],[-70.64658,-26.3294],[-70.63545,-25.99268],[-70.7082,-25.81427],[-70.41704,-25.27398],[-70.56463,-24.67559],[-70.47219,-23.75644],[-70.39233,-23.56592],[-70.58813,-23.36836],[-70.55138,-23.05466],[-70.38817,-23.05279],[-70.2647,-22.75298],[-70.03545,-21.37713],[-70.1765,-20.58343],[-70.15742,-19.70586],[-70.36956,-18.32354],[-70.07976,-18.32952],[-69.74047,-17.88897],[-69.58989,-18.29034],[-69.51249,-18.49679]]]}},{"type":"Feature","id":"Q131377","properties":{"id":"Q131377","regionType":"desert"},"geometry":{"type":"Polygon","coordinates":[[[16.792,-26.99944],[16.3025,-26.54974],[14.96543,-26.29499],[14.95314,-26.06023],[14.84521,-25.72568],[14.87379,-25.08123],[14.48434,-24.05828],[14.47383,-23.28115],[14.41078,-22.96453],[14.44706,-22.89197],[14.4957,-22.92139],[14.51992,-22.80518],[14.49012,-22.50152],[14.32188,-22.18994],[13.97324,-21.76758],[13.83935,-21.47324],[13.45059,-20.9167],[13.15406,-20.1336],[12.4582,-18.92676],[12.25441,-18.6386],[12.02955,-18.42694],[11.77821,-18.0036],[11.72168,-17.4668],[11.83107,-16.41619],[11.75088,-15.83193],[11.98988,-15.60919],[12.28089,-14.80218],[12.37355,-14.1275],[12.50371,-13.75547],[12.55049,-13.43779],[12.89766,-13.02773],[12.97473,-12.80064],[13.36662,-12.5465],[13.40541,-12.83099],[13.15406,-13.13531],[12.7704,-13.79681],[12.61158,-15.30486],[12.26759,-15.92669],[12.14857,-17.10406],[12.49256,-17.97723],[13.16725,-18.62542],[13.97425,-20.30548],[14.46363,-20.72881],[14.74147,-21.21832],[15.00611,-21.78716],[15.08546,-22.31634],[15.41615,-22.75286],[15.44264,-23.50701],[15.58815,-23.98321],[15.64112,-24.56536],[15.95863,-25.18707],[16.56715,-25.91473],[17.18885,-26.76141],[17.20216,-26.98626],[16.792,-26.99944]]]}},{"type":"Feature","id":"Q172691","properties":{"id":"Q172691","regionType":"desert"},"geometry":{"type":"Polygon","coordinates":[[[69.30934,24.41614],[68.95997,24.45966],[68.72071,24.56049],[68.54237,24.70173],[68.50721,24.7829],[68.52467,24.94672],[68.3567,26.9358],[68.40577,27.12971],[68.50367,27.28553],[68.63954,27.41267],[69.34669,27.82215],[70.49256,28.73841],[70.79493,28.91407],[71.81642,29.24787],[73.97975,30.31989],[74.50721,30.48871],[74.78224,30.50672],[75.1725,30.40925],[75.4308,30.2121],[75.59083,29.95197],[75.66529,29.64869],[75.66712,29.32197],[75.59413,28.95588],[75.45021,28.58106],[75.25257,28.2392],[74.57887,27.50812],[72.91383,26.38325],[71.79884,25.11237],[71.58106,24.94251],[71.2859,24.81885],[70.31263,24.75184],[69.45546,24.44178],[69.30934,24.41614]]]}},{"type":"Feature","id":"Q189429","properties":{"id":"Q189429","regionType":"desert"},"geometry":{"type":"MultiPolygon","coordinates":[[[[-112.67742,34.45002],[-112.50921,34.16169],[-112.19921,34.08161],[-111.92424,33.89667],[-111.5692,33.5517],[-111.04418,33.20167],[-110.72417,33.24164],[-110.42418,32.94666],[-110.6942,32.46168],[-111.01922,31.3617],[-111.1892,31.13166],[-110.63421,30.58674],[-110.50921,30.26667],[-110.53917,29.89173],[-110.29918,29.4267],[-110.50451,28.78962],[-109.92431,27.68928],[-110.15917,27.56672],[-110.56273,27.81768],[-110.52988,27.86421],[-111.04853,27.94491],[-111.18871,28.02896],[-111.47168,28.38398],[-111.68008,28.47056],[-111.9186,28.7979],[-112.0747,28.93433],[-112.21312,29.30878],[-112.5908,29.75312],[-112.89422,30.45667],[-113.04425,30.63317],[-113.08953,30.90705],[-113.04673,31.17925],[-113.60424,31.35169],[-113.64177,31.50361],[-113.75942,31.55776],[-113.94775,31.62935],[-114.00269,31.52515],[-114.151,31.50806],[-114.93359,31.90073],[-114.8395,31.79854],[-114.78989,31.64712],[-114.84815,31.53794],[-114.88188,31.1564],[-114.70847,30.78229],[-114.64428,30.16669],[-114.52922,29.97169],[-114.71923,30.12171],[-114.96923,30.43671],[-115.21422,30.60169],[-115.28423,31.02668],[-115.46428,31.22669],[-115.50927,31.49171],[-115.67931,31.7367],[-115.96428,32.50165],[-116.1643,32.68171],[-116.47429,33.07667],[-116.49932,33.37665],[-116.33428,33.5467],[-116.54924,33.67664],[-116.68926,33.85663],[-116.71929,33.99164],[-116.51928,34.03669],[-116.13927,33.78168],[-115.9193,33.69166],[-115.51427,33.75165],[-115.27929,34.01667],[-115.32921,34.27167],[-115.01928,34.3617],[-114.64428,34.61164],[-114.45427,34.53162],[-114.02428,34.71168],[-113.92424,34.85663],[-113.59423,34.99665],[-113.02422,34.66669],[-112.67742,34.45002]]],[[[-114.74365,31.71356],[-114.78457,31.7898],[-114.71565,31.76082],[-114.74365,31.71356]]]]}},{"type":"Feature","id":"Q179842","properties":{"id":"Q179842","regionType":"plateau"},"geometry":{"type":"Polygon","coordinates":[[[103.64894,36.66402],[103.99049,35.30927],[103.94911,34.36237],[104.11219,33.10889],[104.0431,31.86341],[103.86036,31.33808],[103.42433,30.97913],[103.08192,30.44092],[103.22596,30.0619],[103.12135,29.69959],[102.90968,29.33112],[102.51283,28.94202],[101.96485,28.72523],[101.47779,28.65082],[98.75587,27.40205],[96.28346,27.95569],[95.54554,28.34113],[94.34718,27.3429],[93.83009,27.12433],[91.68238,26.85981],[89.19557,26.9239],[88.83509,27.11994],[88.65284,27.13697],[88.25123,26.98829],[87.78053,26.904],[85.33692,27.29737],[84.66578,27.57306],[83.85926,27.70136],[83.29737,27.95185],[82.39796,28.04902],[82.00013,28.37873],[77.31397,31.12629],[75.94911,32.22614],[75.92103,32.18928],[74.96681,32.87177],[74.07594,33.58448],[73.48194,34.14875],[73.03651,34.44568],[73.4225,35.98994],[74.61036,37.41535],[76.08253,37.88239],[77.01844,38.03785],[78.72486,37.22181],[79.74928,37.02149],[80.6316,36.57502],[81.14027,36.40827],[82.13502,36.67988],[83.32606,36.7967],[85.20008,37.2934],[87.03834,38.3855],[87.56239,38.3855],[88.34913,38.95844],[95.63514,40.14069],[96.61683,40.05915],[99.05104,39.68873],[99.84108,39.33796],[100.95594,38.48023],[102.23829,38.24299],[102.59718,37.98939],[103.57533,36.96351],[103.64894,36.66402]]]}},{"type":"Feature","id":"Q169966","properties":{"id":"Q169966","regionType":"plateau"},"geometry":{"type":"Polygon","coordinates":[[[78.92506,19.8097],[79.17189,19.77442],[80.32142,19.84443],[81.11793,19.75422],[81.21473,19.65168],[81.24977,19.51777],[81.2339,19.05256],[81.08448,18.78821],[80.65113,18.3465],[80.38172,17.69703],[78.53126,15.90278],[78.37928,15.20075],[78.48487,14.77155],[78.47511,14.61256],[78.18507,13.74817],[78.30079,13.05781],[78.09974,12.79664],[77.84938,12.61408],[77.47157,12.46345],[76.88722,12.54896],[76.45839,12.72156],[76.14259,13.00379],[76.05775,13.27973],[76.11439,13.76691],[75.47828,14.53901],[75.34864,15.4004],[75.0785,15.969],[75.04139,16.50373],[74.44239,17.58741],[74.20936,18.31775],[74.1974,18.5395],[74.29884,18.89423],[74.4004,19.0431],[74.82631,19.43378],[75.08265,19.8664],[75.18531,19.9582],[75.5608,20.11201],[75.97621,20.11347],[76.54371,19.94959],[78.92506,19.8097]]]}},{"type":"Feature","id":"Q925906","properties":{"id":"Q925906","regionType":"plateau"},"geometry":{"type":"Polygon","coordinates":[[[-106.66411,35.64167],[-106.7108,34.82325],[-106.93914,34.16663],[-107.3593,33.6739],[-108.22417,33.63166],[-108.38415,33.92164],[-109.04326,34.41395],[-109.55919,34.51166],[-110.02276,34.43232],[-110.62249,34.62635],[-111.02098,34.93342],[-111.48681,35.42719],[-112.59423,35.23664],[-113.05663,35.34956],[-113.66924,35.78168],[-113.95922,36.78162],[-113.63897,37.20191],[-113.19921,37.57667],[-112.73424,37.84162],[-112.4569,38.24299],[-111.96923,38.43165],[-111.32421,38.96162],[-110.75921,40.35663],[-110.48919,40.46162],[-108.9442,40.78663],[-108.81414,40.6316],[-108.35912,40.5066],[-107.83416,40.24164],[-107.63915,39.98664],[-107.49913,39.47163],[-107.47911,38.88166],[-107.53917,38.48163],[-107.92412,38.26667],[-108.49413,37.82661],[-108.52416,37.51661],[-108.09911,37.34162],[-107.53417,37.25666],[-106.92412,36.06159],[-106.66411,35.64167]]]}},{"type":"Feature","id":"Q118574","properties":{"id":"Q118574","regionType":"plateau"},"geometry":{"type":"Polygon","coordinates":[[[-66.32519,-21.94349],[-66.23131,-22.07147],[-65.77862,-21.9649],[-65.40575,-21.75189],[-65.40575,-22.65728],[-66.07152,-23.98895],[-66.6046,-24.92254],[-67.02794,-25.9544],[-68.27154,-27.03912],[-68.93297,-26.80108],[-69.06524,-26.08673],[-68.68993,-25.36968],[-68.60155,-24.46832],[-67.86699,-23.95648],[-67.86583,-22.98223],[-68.35973,-22.25909],[-69.0598,-19.68841],[-69.99712,-17.14373],[-70.46569,-16.15923],[-71.42443,-15.5202],[-71.50432,-14.88091],[-71.49944,-13.9688],[-70.62548,-14.16192],[-69.56023,-14.50811],[-68.30858,-15.49346],[-67.42974,-16.39898],[-67.53624,-17.11798],[-67.00365,-17.75714],[-66.6574,-18.74249],[-66.52428,-21.67205],[-66.32519,-21.94349]]]}}]}
